# PDIoT walking data,,,,,,,
# Start time: 20180925T192936,,,,,,,
# Group: A,,,,,,,
# Subject: Adela,,,,,,,
# Activity type: Running,,,,,,,
# Sensor position: Upper arm,,,,,,,
# Side of body: Left,,,,,,,
# Sensor mounting: Body,,,,,,,
# Number of steps: 50,,,,,,,
# Notes: ,,,,,,,
,,,,,,,
timestamp,seq,accel_x,accel_y,accel_z,gyro_x,gyro_y,gyro_z
1537900176759,0,0.14550781,-0.9824219,-0.048828125,4.625,-14.1875,4.0625
1537900176763,1,0.095703125,-0.98339844,-0.02734375,8.65625,-17.96875,10.46875
1537900176763,2,0.059570312,-1.0419922,-0.028320312,2.71875,-22.125,17.4375
1537900176764,3,-0.021484375,-0.9902344,-0.01953125,-0.0625,-15.625,20.84375
1537900176764,4,0.0107421875,-1.0332031,-0.044921875,-4.84375,3.84375,20.5625
1537900176764,5,0.032226562,-1.0458984,-0.026367188,-3.625,8.53125,25.875
1537900176957,6,-0.033203125,-1.0136719,-0.053710938,-2.875,12.6875,27.5
1537900176957,7,-0.01171875,-1.0224609,-0.040039062,-1.90625,18.34375,28.25
1537900176959,8,-0.029296875,-1.0234375,-0.015625,5,17.625,28.90625
1537900176959,9,-0.020507812,-1,0.0087890625,15.1875,15.4375,24.09375
1537900177157,10,-0.040039062,-0.96777344,0.04296875,24.34375,16.9375,19.8125
1537900177157,11,-0.078125,-0.9628906,0.0859375,40.8125,25.625,20.5625
1537900177354,12,-0.12011719,-0.9736328,0.099609375,61.6875,37.59375,30.6875
1537900177355,13,-0.19238281,-1.0029297,0.107421875,72.625,63.9375,46.125
1537900177357,14,-0.24609375,-1.15625,0.10644531,77.9375,91.84375,75.125
1537900177358,15,-0.41992188,-1.3964844,0.034179688,57.59375,103.875,109.53125
1537900177358,16,-0.64941406,-1.4179688,-0.0078125,56.4375,102.59375,153.90625
1537900177358,17,-0.5175781,-1.4003906,0.032226562,67.71875,83.96875,175.46875
1537900177358,18,-0.26953125,-1.1894531,0.0087890625,48.75,87.9375,165.9375
1537900177358,19,-0.14941406,-0.99902344,-0.053710938,35.1875,101.3125,131.28125
1537900177553,20,0.056640625,-0.59375,-0.08300781,16.09375,108.4375,58.03125
1537900177554,21,0.30859375,-0.30859375,-0.22167969,13.28125,50.03125,-23.21875
1537900177554,22,0.43945312,-0.07519531,-0.2548828,20.90625,19.9375,-93.75
1537900177554,23,0.47265625,9.765625E-04,-0.33984375,20.625,-12.09375,-136.625
1537900177555,24,0.3330078,-0.16601562,-0.33691406,4,-31.21875,-139.90625
1537900177751,25,0.2705078,-1.4443359,-0.14257812,-54.9375,-80.15625,-184.59375
1537900177756,26,-0.13769531,-2,0.060546875,-124.78125,-203.4375,-187.09375
1537900177757,27,-0.5761719,-2,0.16894531,-82.84375,-137.59375,-171.65625
1537900177757,28,-0.14355469,-2,0.29589844,-56.34375,-231.59375,-129.53125
1537900177757,29,-0.36523438,-1.6875,0.21484375,-67.40625,-179.09375,-36.15625
1537900178149,30,-0.125,-0.6279297,0.3720703,-47.125,-84.3125,4.3125
1537900178151,31,-0.12890625,0.08984375,0.47851562,-14.84375,-98.65625,9.25
1537900178151,32,-0.12207031,0.41992188,0.6142578,4.625,-62.9375,7.125
1537900178152,33,0.0048828125,0.25878906,0.71972656,30.75,39.15625,-6.1875
1537900178152,34,-0.037109375,-0.07714844,0.5283203,51.8125,99.90625,-16.9375
1537900178152,35,-0.11425781,-1.3037109,0.39648438,15.3125,193.09375,13.59375
1537900178153,36,-0.64941406,-2,0.08203125,25.625,234.90625,67.96875
1537900178153,37,-0.40527344,-2,0.18457031,65.90625,251.03125,131.6875
1537900178154,38,-0.19238281,-2,-0.15332031,50.71875,165.375,125.09375
1537900178348,39,0.48242188,-0.6435547,-0.24414062,21.90625,140.5,60.59375
1537900178348,40,0.63671875,-0.07519531,-0.4248047,20.84375,100.3125,66.15625
1537900178349,41,0.7089844,0.16113281,-0.49804688,-0.875,34.21875,37.15625
1537900178349,42,0.6689453,0.09375,-0.68066406,-31.6875,-16.8125,-32.3125
1537900178350,43,0.75390625,-0.06933594,-0.6074219,-67.9375,-33.40625,-69.84375
1537900178546,44,0.30664062,-1.2890625,-0.020507812,-69.65625,-157.25,-133.125
1537900178546,45,0.024414062,-2,-0.11035156,-174.15625,-255.25,-166.03125
1537900178547,46,-0.4248047,-2,0.08984375,-66.375,-131.0625,-151.375
1537900178548,47,0,-2,0.26953125,-28.59375,-159.6875,-158.34375
1537900178549,48,-0.45117188,-1.5947266,0.1328125,17.3125,-142.09375,-84.84375
1537900178745,49,-0.45117188,-0.5019531,0.18652344,50.65625,-12.15625,-18.03125
1537900178747,50,-0.44140625,0.30273438,0.5966797,49.84375,-46.28125,5.59375
1537900178748,51,-0.29003906,0.2529297,0.59375,9.625,-14.78125,7.5
1537900178748,52,-0.17089844,-0.09667969,0.5839844,58.75,71.75,11.9375
1537900178749,53,-0.030273438,-0.81640625,0.42871094,59.0625,174.71875,28.71875
1537900178946,54,-0.29101562,-2,0.20019531,34.28125,170.15625,85.5
1537900178947,55,-0.83691406,-2,0.16015625,67.25,193.71875,117.21875
1537900178947,56,-0.13964844,-2,-0.028320312,44.65625,152.875,113.28125
1537900178947,57,0.12207031,-1.3828125,-0.032226562,19.40625,136.8125,88.90625
1537900178948,58,0.40820312,-0.8125,-0.19824219,9.6875,106.5,53.375
1537900179143,59,0.48339844,-0.06542969,-0.46875,23.3125,104.21875,46.25
1537900179145,60,0.6191406,0.4326172,-0.6191406,12.625,64.8125,32.15625
1537900179146,61,0.74609375,0.13378906,-0.68066406,-18.03125,-26.4375,-37
1537900179147,62,0.5576172,-0.25976562,-0.5888672,-71.78125,-78.875,-78.9375
1537900179147,63,0.38476562,-2,0.20507812,-134.65625,-159.1875,-172.125
1537900179341,64,-0.28222656,-2,-0.025390625,-90.15625,-207.15625,-93.71875
1537900179344,65,-0.34472656,-2,0.21191406,-35.125,-65.4375,-140.21875
1537900179344,66,-0.23730469,-1.6962891,0.033203125,20.75,-123.90625,-97.375
1537900179344,67,-0.31347656,-0.9560547,0.08203125,19.6875,-97.25,-32.25
1537900179344,68,-0.3720703,-0.13183594,0.34472656,28.5,-78.5,-6
1537900179540,69,-0.36132812,0.44628906,0.6699219,-11.4375,-91.4375,-0.25
1537900179543,70,-0.18457031,0.16113281,0.6767578,18.65625,17.5,0
1537900179543,71,-0.24804688,-0.07421875,0.51660156,50.875,88.3125,8.46875
1537900179543,72,0.08105469,-1.7421875,0.39746094,-8.0625,163.4375,8.84375
1537900179544,73,-0.9736328,-1.8085938,0.029296875,74.5625,165.03125,57.25
1537900179739,74,-0.32910156,-2,0.22363281,29.15625,156.0625,89.09375
1537900179739,75,-0.1171875,-1.9306641,-0.06738281,18.71875,148.96875,89.40625
1537900179740,76,0.3720703,-1.1484375,-0.08984375,26.46875,137.0625,62.96875
1537900179740,77,0.48535156,-0.37304688,-0.2890625,32.8125,101.5,46.125
1537900179741,78,0.64453125,0.27734375,-0.5732422,18.78125,92.6875,40.625
1537900179939,79,0.9296875,0.24804688,-0.71777344,-16.625,29.09375,-11.625
1537900180139,80,0.6591797,-0.078125,-0.6191406,-58.0625,-65.5,-73.3125
1537900180140,81,0.48046875,-1.3066406,-0.24121094,-86.75,-111.96875,-132.9375
1537900180141,82,-0.059570312,-2,0.09765625,-140.9375,-186.46875,-112.25
1537900180141,83,-0.73828125,-2,0.26757812,-23.15625,-103.15625,-77.96875
1537900180141,84,-0.32421875,-1.8242188,-0.12109375,9.3125,-112.4375,-79.65625
1537900180141,85,-0.08203125,-1.4482422,-0.037109375,14.28125,-128.6875,-22.28125
1537900180142,86,-0.18945312,-0.59375,0.09863281,18.59375,-95.21875,24.21875
1537900180142,87,-0.17773438,0.07519531,0.39746094,29.78125,-104.75,6.03125
1537900180337,88,-0.25878906,0.5263672,0.6513672,13.21875,-61.53125,6.34375
1537900180338,89,-0.024414062,0.06542969,0.640625,42.59375,37.71875,7.375
1537900180534,90,0.0234375,-0.80859375,0.36328125,45.46875,62.1875,-9.28125
1537900180534,91,-0.80566406,-2,-0.0087890625,7.125,102.09375,44.78125
1537900180535,92,-1.3251953,-2,0.5644531,110.53125,196.09375,56.625
1537900180535,93,-0.42773438,-2,-0.022460938,39.65625,117.40625,81.71875
1537900180536,94,0.11230469,-1.484375,-0.115234375,32.6875,135.375,81.65625
1537900180537,95,0.5214844,-0.8779297,-0.1875,36.375,101,65.0625
1537900180537,96,0.42773438,-0.3232422,-0.48632812,15.3125,68.53125,51.0625
1537900180539,97,0.3310547,0.07519531,-0.6464844,-13.25,37.40625,20.625
1537900180539,98,0.5605469,0.13085938,-0.59277344,-53.40625,-16,-12.78125
1537900180733,99,0.6503906,-0.09082031,-0.4638672,-81.6875,-104.375,-26.625
1537900180733,100,0.6035156,-1.5263672,0.061523438,-131.78125,-132.15625,-66.25
1537900180734,101,-0.1875,-2,0.12402344,-136.25,-174.21875,-74.125
1537900180734,102,-0.203125,-2,0.28320312,-123.71875,-70.375,-125
1537900180735,103,-0.038085938,-1.8876953,0.109375,-57.03125,-84.90625,-176.21875
1537900180932,104,-0.11425781,-1.3007812,-0.0107421875,-16.1875,-153.34375,-116.40625
1537900180932,105,-0.30078125,-0.828125,0.05078125,-3.5,-148.75,-50.5625
1537900180933,106,-0.3095703,-0.3203125,0.31054688,5.0625,-126.25,-49.625
1537900180934,107,-0.2841797,0.28710938,0.5078125,23.84375,-115.875,-11.625
1537900180934,108,-0.056640625,0.037109375,0.4013672,27.03125,-6.96875,28.25
1537900181130,109,0.040039062,-0.69628906,0.28027344,46.0625,-21.75,21.90625
1537900181132,110,0.05078125,-2,-0.4482422,14.3125,-10.15625,75.4375
1537900181132,111,-0.9042969,-2,0.08496094,123.28125,122.78125,85.875
1537900181132,112,-0.32910156,-1.8652344,0.043945312,59.125,-19.90625,95.9375
1537900181332,113,-0.3046875,-1.7421875,-0.20800781,45.46875,-9.34375,107.09375
1537900181333,114,0.36132812,-1.1484375,-0.3857422,28.625,37.09375,82.03125
1537900181333,115,0.54785156,-0.4560547,-0.38867188,24.65625,-6.71875,83.84375
1537900181333,116,0.5234375,-0.12109375,-0.5761719,2.5,-86.4375,54.78125
1537900181333,117,0.59375,-0.060546875,-0.6435547,-42.9375,-132.8125,44.40625
1537900181333,118,0.8095703,-0.53222656,-0.10644531,-126.71875,-232.375,29.15625
1537900181528,119,0.8046875,-1.5761719,0.77246094,-201.25,-335.53125,-23.6875
1537900181528,120,0.14160156,-2,1.1914062,-194.84375,-357.75,-43.53125
1537900181529,121,0.140625,-2,1.4082031,-161.28125,-258.4375,-87.84375
1537900181529,122,0.16601562,-2,1.1123047,-109.03125,-265.40625,-123.25
1537900181530,123,0.125,-1.5751953,0.8310547,-46.59375,-260.40625,-97.5
1537900181727,124,-0.08984375,-1.046875,0.6699219,-9.15625,-241.65625,-44.3125
1537900181727,125,-0.20703125,-0.43359375,0.45117188,-1.71875,-219.4375,-27.34375
1537900181728,126,-0.21484375,0.14257812,0.3154297,8.53125,-188.90625,-3.5625
1537900181729,127,-0.0859375,0.14550781,0.3486328,4.9375,-144.125,2.25
1537900181729,128,0.0234375,0.041015625,0.32714844,8.40625,-92,7.25
1537900181926,129,-0.048828125,-0.15136719,0.40527344,24.15625,-58.125,22.5625
1537900181926,130,0.3310547,-1.8720703,0.62402344,-62.40625,21.90625,18.1875
1537900182325,131,-1.3847656,-2,0.087890625,12.5,60.46875,77.9375
1537900182326,132,-0.6171875,-2,0.23828125,-1.78125,61.25,70.1875
1537900182326,133,-0.3359375,-2,-0.017578125,-22.59375,36,95.875
1537900182326,134,0.044921875,-1.3408203,-0.07128906,-13.9375,72,66.6875
1537900182326,135,0.29785156,-0.5644531,-0.21289062,4.25,69.0625,49.125
1537900182328,136,0.49414062,0.07910156,-0.37304688,10.59375,46.96875,39.59375
1537900182329,137,0.59277344,0.4716797,-0.5449219,-14.34375,-29.625,-1.25
1537900182329,138,0.56933594,0.2626953,-0.6503906,-41.6875,-109.28125,-71.3125
1537900182329,139,0.5595703,-0.15039062,-0.4716797,-71.5,-164.4375,-105.375
1537900182522,140,0.7607422,-1.3017578,-0.25390625,-114.21875,-190.25,-146.5
1537900182522,141,0.17773438,-1.5927734,0.265625,-21.875,-190.25,-70.6875
1537900182523,142,-0.25683594,-0.7246094,0.37402344,0.78125,-176.21875,-21.875
1537900182523,143,-0.38867188,0.22265625,0.49902344,16.46875,-138.9375,-24.25
1537900182721,144,-0.17578125,0.4501953,0.72753906,13.65625,-86.5625,-19.3125
1537900182723,145,0.040039062,0.022460938,0.6923828,21.84375,12.1875,-19.84375
1537900182723,146,0.08496094,-0.35253906,0.5683594,45.21875,77.625,-23.9375
1537900182723,147,-0.25878906,-1.9482422,0.24414062,-17.46875,135.1875,1.6875
1537900182724,148,-0.7519531,-2,0.23242188,141.65625,252.71875,75.4375
1537900182725,149,-0.045898438,-2,0.044921875,49.46875,154.65625,65
1537900182726,150,-0.12988281,-1.7792969,0.005859375,19.15625,114.59375,85.96875
1537900182919,151,0.3330078,-1.0615234,-0.036132812,24.53125,120.09375,48.09375
1537900182919,152,0.49414062,-0.4921875,-0.27734375,26.53125,132.625,34.34375
1537900182919,153,0.48535156,0.23632812,-0.4736328,34.90625,137.75,31.96875
1537900182920,154,0.66796875,0.3232422,-0.578125,19.5625,76.03125,-12.59375
1537900182921,155,0.77734375,0.001953125,-0.6767578,-33.40625,-41.28125,-71.375
1537900183118,156,0.5097656,-0.6689453,-0.3701172,-77.96875,-64.96875,-98.65625
1537900183119,157,-0.15332031,-1.9550781,0.12207031,-135.625,-153.34375,-161.875
1537900183121,158,-0.046875,-2,-0.18066406,-98.78125,-133.625,-102.5625
1537900183121,159,-0.19238281,-2,-0.07714844,-23.34375,-39.4375,-105
1537900183121,160,-0.11328125,-1.703125,-0.20214844,23.46875,-81.6875,-44.4375
1537900183316,161,-0.19042969,-0.9111328,-0.10546875,9.3125,-87,5.34375
1537900183317,162,-0.16992188,-0.0048828125,0.25097656,29.03125,-84.25,12.0625
1537900183318,163,-0.22265625,0.5,0.6582031,16.09375,-82.28125,3.59375
1537900183318,164,-0.0546875,0.16796875,0.8105469,31.90625,18.40625,-12.96875
1537900183319,165,0.00390625,-0.38867188,0.75390625,58.8125,90.9375,-42.5625
1537900183516,166,-0.42871094,-1.8164062,0.3623047,44.78125,146.96875,13.53125
1537900183516,167,-1.0927734,-2,0.26464844,124.25,255.53125,46.625
1537900183516,168,0.05859375,-2,0.14257812,51.25,220.875,81.78125
1537900183517,169,0.17285156,-1.6542969,-0.0087890625,33.625,183.53125,90.75
1537900183518,170,0.5839844,-1.0126953,-0.10449219,29.59375,168,46.6875
1537900183716,171,0.9189453,-0.39746094,-0.36621094,29.9375,181.125,28.1875
1537900183717,172,0.7714844,0.41503906,-0.6464844,35.25,151.59375,-6.25
1537900183717,173,0.80371094,0.22265625,-0.6386719,9.9375,39,-86.125
1537900183717,174,0.61816406,-0.4013672,-0.6328125,-43.59375,-83.34375,-126.0625
1537900183718,175,-0.048828125,-2,0.22363281,-195.9375,-134.53125,-156.25
1537900183913,176,-0.71191406,-2,-0.15332031,-97,-130.375,-85.03125
1537900183914,177,-0.37109375,-2,-0.037109375,-31.03125,-19.0625,-55.1875
1537900183915,178,-0.25390625,-1.6748047,-0.20410156,-1.0625,-59.15625,-28.65625
1537900183915,179,-0.0126953125,-1.1679688,-0.19335938,-7.09375,-30.15625,16.53125
1537900183915,180,-0.103515625,-0.4638672,0.07421875,20.1875,-9.21875,17.375
1537900184113,181,-0.18359375,0.23730469,0.41308594,48.09375,-54.46875,12.875
1537900184114,182,-0.12695312,0.34570312,0.6533203,18.34375,-19.0625,13.53125
1537900184114,183,-0.028320312,0.1875,0.91503906,53.5625,101.90625,-10.8125
1537900184114,184,0.21777344,-0.52441406,0.89453125,59.25,196.8125,-31.5625
1537900184115,185,-0.3955078,-2,0.22949219,-14.1875,233.375,8.03125
1537900184314,186,-0.63671875,-2,0.3798828,126.28125,389.21875,37.9375
1537900184314,187,0.32226562,-2,-0.34179688,55.34375,255.1875,92.21875
1537900184314,188,0.24414062,-1.7519531,-0.1875,28.375,174.375,85.75
1537900184314,189,0.5878906,-1.1650391,-0.17382812,10.59375,150.25,52.84375
1537900184314,190,0.6386719,-0.5449219,-0.34277344,27.375,151.03125,11.8125
1537900184510,191,0.6533203,0.23339844,-0.8173828,29.09375,107.03125,-4.96875
1537900184511,192,0.52246094,0.2841797,-0.78515625,-8.875,-6.1875,-45.3125
1537900184512,193,0.47460938,-0.18847656,-0.62597656,-72.59375,-119.09375,-89.1875
1537900184512,194,0.79589844,-0.7714844,-0.6308594,-137.15625,-112,-96.28125
1537900184512,195,0.03515625,-2,0.5078125,-129.34375,-185.9375,-82.90625
1537900184708,196,0.18261719,-2,0.35742188,-92.84375,-191.90625,-79.25
1537900184708,197,0.3828125,-2,0.18652344,-47.6875,-117.8125,-99.5
1537900184709,198,0.16113281,-1.4931641,0.078125,-27.25,-126,-83.75
1537900184709,199,0.033203125,-1.0283203,0.020507812,-11,-96.15625,-25.59375
1537900184710,200,-0.19335938,-0.33984375,0.08691406,8.09375,-45.84375,12.5
1537900184907,201,-0.20019531,0.203125,0.4189453,6.40625,-71.25,22.125
1537900184908,202,-0.234375,0.23828125,0.56933594,-5.09375,-78.03125,36.4375
1537900184908,203,-0.20605469,-0.107421875,0.4814453,8.40625,-4.78125,49.3125
1537900185105,204,-0.13769531,-0.59375,0.36816406,0.90625,73.46875,89.71875
1537900185305,205,-0.07519531,-1.9511719,0.26953125,-13.875,73.46875,77.375
1537900185305,206,-0.2998047,-2,-0.03125,120.34375,164.34375,134.8125
1537900185305,207,-0.2998047,-2,0.022460938,86.21875,171.5625,121.03125
1537900185502,208,0.16992188,-1.6914062,-0.16992188,29.71875,85.9375,110.875
1537900185504,209,0.30566406,-1.2167969,-0.24316406,26.84375,96.71875,102.21875
1537900185504,210,0.4921875,-0.77246094,-0.30566406,28.5625,90.9375,69.375
1537900185504,211,0.6621094,-0.12011719,-0.44628906,42.21875,40.9375,52.59375
1537900185505,212,0.64746094,0.3095703,-0.73046875,33.75,-17.65625,31.84375
1537900185701,213,0.9667969,-0.119140625,-0.7324219,-26.875,-130.15625,-26.6875
1537900185703,214,0.49609375,-2,0.87402344,-157.125,-373,-129.53125
1537900185704,215,0.28710938,-2,0.8457031,-118.25,-224.5625,-141.125
1537900185704,216,0.17578125,-1.6201172,0.6308594,-35.71875,-198.1875,-96.9375
1537900185706,217,0.018554688,-1.0234375,0.5029297,-1.84375,-206.875,-48
1537900185706,218,-0.24609375,0.1640625,0.5722656,20.3125,-119.875,-10.4375
1537900185706,219,-0.20703125,0.09375,0.65527344,18.90625,-74.90625,5.90625
1537900185706,220,-0.2626953,-0.29101562,0.5654297,37.34375,1.625,25.75
1537900185706,221,-0.060546875,-1.5234375,0.3046875,-31.625,91.0625,19.625
1537900185901,222,-0.5,-1.9355469,0.19042969,70.96875,129.875,75.1875
1537900185901,223,-0.71875,-2,0.3544922,71.03125,158.90625,79.21875
1537900186101,224,-0.10839844,-1.8632812,-0.07910156,35.625,96.25,70.78125
1537900186103,225,0.40820312,-1.3544922,-0.16894531,24.8125,118.875,56.625
1537900186103,226,0.48632812,-0.69921875,-0.20996094,34.09375,74.25,24.09375
1537900186103,227,0.578125,-0.16894531,-0.35351562,45.46875,46.25,-9.96875
1537900186103,228,0.53515625,0.18261719,-0.47460938,37.03125,20.125,-33.875
1537900186104,229,0.67578125,-0.13378906,-0.625,13.65625,-48.1875,-70.6875
1537900186298,230,0.58984375,-1.1982422,-0.27539062,-61.46875,-139.78125,-99.875
1537900186298,231,0.07910156,-2,0.33007812,-148.75,-277.3125,-120.125
1537900186300,232,-0.5390625,-2,0.35253906,-109.21875,-222.84375,-60.875
1537900186300,233,-0.119140625,-1.78125,0.28027344,-71.71875,-117.25,-74.28125
1537900186302,234,0.015625,-1.2207031,0.26757812,-41.65625,-105.0625,-33.9375
1537900186302,235,-0.103515625,-0.6816406,0.21679688,-16.125,-72.84375,13.28125
1537900186302,236,-0.34375,-0.13183594,0.40527344,-0.5625,-64.78125,-13.25
1537900186302,237,-0.26171875,0.22460938,0.55566406,-10.03125,-34.5,-15.6875
1537900186496,238,-0.16992188,0.23730469,0.75390625,18.71875,64.8125,-7.03125
1537900186498,239,-0.037109375,-0.49609375,0.7392578,46.3125,121.09375,-28.34375
1537900186498,240,0.10449219,-2,-0.036132812,25.8125,180.46875,14.875
1537900186498,241,-1.6015625,-2,0.62402344,236.875,300.09375,-7.40625
1537900186696,242,-0.41210938,-2,0.41992188,81.40625,170.03125,117.0625
1537900186696,243,-0.060546875,-1.8476562,0.22851562,63.78125,202.25,89.40625
1537900186697,244,0.4736328,-1.1660156,0.234375,87.5,225.03125,50.21875
1537900186697,245,0.59277344,-0.6230469,0.001953125,85.96875,243.9375,28.1875
1537900186698,246,0.6201172,0.05078125,-0.18066406,82.125,274.71875,15.96875
1537900186895,247,0.8876953,0.46289062,-0.234375,82.5,219.40625,-23.625
1537900186895,248,0.9550781,0.047851562,-0.35839844,67.71875,99.90625,-82.21875
1537900186895,249,0.35839844,-0.8388672,-0.27734375,-18.8125,-15.875,-113.53125
1537900186895,250,-0.69433594,-1.9990234,0.0390625,-139.1875,-61.53125,-147.78125
1537900186898,251,-0.9199219,-2,-0.15917969,-101.40625,60.46875,-135.6875
1537900187094,252,-0.45117188,-2,-0.03515625,-59.9375,-8.75,-90.78125
1537900187096,253,-0.6464844,-1.7412109,-0.013671875,-37.6875,23.46875,-26.25
1537900187292,254,-0.18164062,-1.3476562,-0.017578125,-56.03125,97.28125,11.28125
1537900187293,255,0.001953125,-0.8359375,0.15625,-41.75,131.15625,26.46875
1537900187293,256,0.15625,-0.38378906,0.2783203,-17.65625,143.90625,23.71875
1537900187293,257,0.13183594,-0.021484375,0.5732422,16.28125,150.1875,28.1875
1537900187294,258,0.09863281,0.25,0.75878906,11.40625,190.84375,36.0625
1537900187296,259,0.2265625,-0.044921875,0.8720703,-4.59375,262.5625,44.40625
1537900187296,260,0.20605469,-0.91796875,0.65234375,4.875,282.53125,29.15625
1537900187296,261,0.14941406,-1.6142578,0.13769531,32.15625,345.625,101.3125
1537900187491,262,0.33398438,-2,-0.107421875,81.21875,414.96875,132.5625
1537900187492,263,0.6201172,-2,-0.45996094,79.5625,357.96875,161.1875
1537900187492,264,0.20703125,-2,-0.41503906,70.90625,225.75,148.71875
1537900187492,265,0.28125,-1.3798828,-0.37890625,51.5,219.34375,96.0625
1537900187493,266,0.5107422,-0.7246094,-0.2421875,46.8125,181.6875,55.28125
1537900187693,267,0.6347656,-0.36035156,-0.3232422,60.65625,120.28125,34.15625
1537900187693,268,0.81152344,0.22851562,-0.5205078,69.9375,88.4375,24.875
1537900187693,269,0.9033203,0.16210938,-0.671875,48.9375,2.90625,-51.53125
1537900187694,270,0.7265625,-0.36816406,-0.71484375,-24.4375,-78.625,-135.875
1537900187694,271,0.0390625,-2,-0.041015625,-88.46875,-194.65625,-267.03125
1537900187889,272,0.5419922,-2,-0.7392578,-98.71875,-250.0625,-285.21875
1537900187889,273,0.78222656,-2,-0.42285156,-118.78125,-258.5625,-301.53125
1537900187889,274,0.19824219,-2,0.12109375,-113.65625,-358.90625,-155.46875
1537900187890,275,-0.4296875,-1.3544922,0.328125,-83.5625,-246.71875,-44.75
1537900187890,276,-0.18261719,-0.59277344,0.453125,-51.15625,-54.03125,-7.78125
1537900188087,277,-0.26464844,0.15039062,0.8183594,20.84375,-19.59375,-4.53125
1537900188087,278,-0.2861328,0.14453125,0.8876953,25.3125,-4.84375,12.25
1537900188088,279,-0.265625,-0.12988281,0.6074219,61.3125,39.15625,36.59375
1537900188088,280,-0.18164062,-0.72265625,0.3876953,62.0625,105.21875,89.84375
1537900188089,281,0.17578125,-2,0.16015625,40.75,125.90625,81.28125
1537900188287,282,-0.01171875,-2,0.091796875,187.5,199.25,187.4375
1537900188287,283,0.0048828125,-2,-0.13867188,117.34375,206.53125,158.3125
1537900188287,284,0.25585938,-1.8544922,-0.12011719,78.53125,165.875,134.9375
1537900188287,285,0.6591797,-1.1523438,-0.25878906,22.6875,193.84375,121.125
1537900188289,286,0.72265625,-0.4970703,-0.33398438,16.34375,171.96875,74.3125
1537900188488,287,0.80859375,0.09863281,-0.67578125,0.15625,115.34375,46.625
1537900188683,288,0.765625,0.23828125,-0.9902344,-28.875,10.65625,0.53125
1537900188683,289,1.0673828,-0.18554688,-0.91308594,-87.46875,-108.78125,-64.90625
1537900188684,290,0.92871094,-1.1962891,0.060546875,-152.84375,-214.90625,-124.03125
1537900188684,291,0.16601562,-2,0.7158203,-170.4375,-380.8125,-158.15625
1537900188685,292,0.21484375,-2,0.5253906,-159.4375,-292.8125,-169.875
1537900188685,293,0.30859375,-2,0.5410156,-80.875,-209.78125,-189.09375
1537900188686,294,0.107421875,-1.5615234,0.6279297,6.875,-236.90625,-113.1875
1537900188687,295,-0.2265625,-0.546875,0.48632812,24.53125,-211.875,-64.09375
1537900188688,296,-0.38476562,0.22558594,0.5810547,73.96875,-167,-44.15625
1537900188882,297,-0.29589844,0.16601562,0.91796875,53.34375,-142.84375,-29.25
1537900188882,298,-0.5410156,-0.13574219,0.73535156,57.40625,-40.96875,18.34375
1537900188883,299,-0.53808594,-0.7753906,0.5136719,38.8125,67.1875,44.71875
1537900188883,300,0.12597656,-2,0.29589844,-21.6875,108.1875,59.4375
1537900188883,301,-1.3867188,-2,0.083984375,116.0625,188.53125,184.96875
1537900189081,302,-0.18847656,-2,-0.045898438,43.9375,115.65625,127.125
1537900189081,303,-0.0068359375,-1.5410156,-0.16894531,32.40625,146.21875,104.28125
1537900189081,304,0.48535156,-0.8623047,-0.12402344,31.0625,161.0625,61.09375
1537900189082,305,0.62890625,-0.1640625,-0.2607422,45.46875,97.09375,27.75
1537900189083,306,0.83984375,0.24121094,-0.41796875,46.875,78.21875,5.21875
1537900189279,307,0.81152344,0.27441406,-0.5332031,34.71875,-2.03125,-54.65625
1537900189478,308,0.6621094,-0.119140625,-0.56152344,-1,-89.5,-121.09375
1537900189479,309,0.24707031,-1.6132812,0.005859375,-74.34375,-165.46875,-189.78125
1537900189479,310,-0.31347656,-2,0.03515625,-101.9375,-245.5625,-154.5
1537900189481,311,-0.6357422,-2,0.033203125,-51.59375,-119.65625,-145.09375
1537900189481,312,-0.16699219,-1.9394531,-0.0146484375,0.71875,-150.84375,-113.28125
1537900189482,313,-0.32128906,-1.2597656,-0.0234375,-0.1875,-116.65625,-23.28125
1537900189482,314,-0.22363281,-0.46191406,0.18261719,14.5625,-53.1875,1.3125
1537900189483,315,-0.3544922,0.3720703,0.61816406,30.125,-96.09375,6.21875
1537900189483,316,-0.24902344,0.38085938,0.9238281,2.125,-29.375,0
1537900189678,317,-0.0625,0.0087890625,1.0341797,36.46875,123.8125,-13.5
1537900189679,318,-0.099609375,-0.7451172,0.7841797,64.375,194.875,-14.90625
1537900189680,319,-0.8642578,-2,0.11328125,49.84375,252.78125,53.75
1537900189680,320,-0.8984375,-2,0.6142578,146.34375,361.5625,82.875
1537900189680,321,-0.15039062,-2,-0.20703125,77.25,231.0625,139.375
1537900189878,322,0.3154297,-1.7871094,-0.18945312,62.78125,251.09375,119.125
1537900189878,323,0.7949219,-0.97753906,-0.29882812,54.4375,194.5625,76.59375
1537900189878,324,0.94140625,-0.28222656,-0.4404297,58.59375,164,15.65625
1537900189880,325,0.8154297,0.30078125,-0.65527344,50.875,96.34375,-37.5625
1537900189880,326,0.7080078,0.17285156,-0.63183594,15.65625,-7.875,-107.6875
1537900190075,327,0.6455078,-0.31835938,-0.7949219,-63.125,-58.5625,-143.6875
1537900190075,328,0.18945312,-1.8808594,-0.0390625,-144.0625,-92,-222.71875
1537900190075,329,0.171875,-2,-0.29101562,-130.4375,-158.21875,-185.6875
1537900190273,330,0.33007812,-2,-0.27246094,-103.71875,-111.15625,-173
1537900190274,331,-0.107421875,-1.9824219,-0.16601562,-30.90625,-163.65625,-107.1875
1537900190275,332,-0.3955078,-1.4794922,-0.09667969,-17.21875,-99.625,-23.875
1537900190276,333,-0.11035156,-0.86621094,0.040039062,20.75,16.21875,50.21875
1537900190277,334,-0.21386719,-0.001953125,0.3671875,70.53125,-15.21875,55.21875
1537900190277,335,-0.3466797,0.28320312,0.6855469,55.15625,-46.46875,80.25
1537900190277,336,-0.19628906,-0.040039062,0.7363281,72.875,36.4375,79.21875
1537900190472,337,-0.076171875,-0.28222656,0.5751953,83.3125,111.1875,83.59375
1537900190473,338,-0.0078125,-2,0.1953125,16.65625,165.875,73.84375
1537900190473,339,-0.63183594,-2,0.22753906,142.875,248.46875,136.09375
1537900190473,340,0.052734375,-2,-0.038085938,69.5625,238.5,99.84375
1537900190474,341,0.020507812,-1.7402344,-0.0703125,63.15625,182.53125,85.9375
1537900190673,342,0.38476562,-1.0917969,-0.08886719,42.53125,193.09375,55.46875
1537900190673,343,0.7558594,-0.52441406,-0.17480469,43.125,135.3125,-0.6875
1537900190673,344,0.70703125,0.11328125,-0.46289062,46.875,113.6875,-42.5625
1537900190673,345,0.9082031,0.1640625,-0.74121094,32.625,81.65625,-89.5625
1537900190673,346,0.7714844,-0.55371094,-0.5917969,-25.15625,-41.28125,-131.125
1537900190871,347,-9.765625E-04,-1.7607422,-0.11425781,-113.25,-164.3125,-198.125
1537900190871,348,0.45703125,-2,0.047851562,-105.4375,-235.375,-179.21875
1537900190872,349,0.009765625,-2,0.18066406,-62.03125,-223.28125,-122.03125
1537900190872,350,-0.1953125,-1.8261719,0.109375,-27.78125,-192.09375,-74.34375
1537900190872,351,-0.18847656,-1.1962891,0.028320312,-37.6875,-99.1875,-13.4375
1537900191069,352,-0.064453125,-0.70214844,0.20898438,-16.0625,-63.8125,13.15625
1537900191069,353,-0.203125,-0.018554688,0.4091797,13.78125,-100.65625,26.96875
1537900191070,354,-0.25683594,0.34179688,0.60253906,16.34375,-71.84375,18.65625
1537900191070,355,-0.12402344,-0.009765625,0.6230469,17.875,25.6875,8.03125
1537900191070,356,0.33691406,-1.3398438,0.46289062,-15.03125,124.625,-4.15625
1537900191268,357,-0.7675781,-1.7226562,0.18457031,77.9375,154.84375,73.59375
1537900191268,358,-0.6660156,-2,0.7236328,120.34375,256.875,50.34375
1537900191466,359,-0.11328125,-2,0.4765625,84.6875,245.09375,119.1875
1537900191466,360,0.2578125,-1.4902344,0.40722656,68.84375,284.15625,97.46875
1537900191467,361,0.54003906,-0.8154297,0.40820312,76.15625,269.09375,79.34375
1537900191468,362,0.71972656,-0.4296875,0.29296875,63.65625,273.46875,71.03125
1537900191468,363,0.83203125,0.0126953125,0.21484375,63.03125,286.78125,47.53125
1537900191468,364,1.0136719,0.049804688,0.15917969,74.6875,262.8125,20.4375
1537900191469,365,0.9902344,-0.18652344,-0.11328125,82.125,173.375,-20.65625
1537900191469,366,-0.51464844,-1.8837891,0.10058594,-20.53125,22.1875,-125.5625
1537900191666,367,-1.6210938,-2,-0.32910156,5.40625,178.875,-132.71875
1537900191667,368,-0.62109375,-2,-0.26464844,27.6875,87.4375,-102.6875
1537900192062,369,-0.59765625,-1.5605469,-0.32421875,-27.53125,24.8125,-21.6875
1537900192062,370,-0.10449219,-0.6953125,-0.103515625,-80.28125,75.0625,18.65625
1537900192063,371,-0.111328125,0.044921875,0.2421875,-88.09375,88.125,36.59375
1537900192064,372,-0.005859375,0.5029297,0.55078125,-98.78125,132.90625,33.1875
1537900192065,373,0.07519531,0.34375,0.8574219,-103.71875,211.21875,3.65625
1537900192065,374,0.12011719,-0.14941406,0.671875,-63.25,231.1875,-28.75
1537900192066,375,0.16796875,-1.1083984,0.0126953125,-32.375,223.4375,46
1537900192066,376,-0.30664062,-1.5849609,-0.890625,139.3125,228.3125,182.84375
1537900192066,377,-0.10253906,-2,-0.76953125,154.28125,326.28125,158.6875
1537900192261,378,0.025390625,-2,-0.8964844,148.78125,168.4375,259.9375
1537900192261,379,0.46972656,-0.21191406,-0.12402344,65.09375,170.15625,67.1875
1537900192261,380,0.703125,0.27441406,-0.1875,72.0625,136.65625,46
1537900192264,381,0.89746094,0.2998047,-0.23535156,65.96875,74.875,-0.875
1537900192264,382,0.6513672,0.00390625,-0.31933594,62.71875,41.25,-71.5625
1537900192264,383,0.19628906,-1.0244141,-0.39648438,33.75,19.21875,-164.25
1537900192459,384,0.033203125,-2,-0.74121094,-67.03125,53.875,-260.625
1537900192859,385,0.0546875,-2,-1.4755859,-30.28125,100.625,-265.46875
1537900192859,386,0.40039062,-2,-1.3320312,29.21875,-156.875,-235.0625
1537900192859,387,-0.5439453,-2,-0.47070312,1.28125,-339.5625,-82.46875
1537900192860,388,-0.005859375,-0.95703125,0.11621094,-33.21875,-189.34375,29.9375
1537900192860,389,0.06347656,0.05859375,0.7626953,35.03125,-89.5,15.1875
1537900192862,390,-0.2626953,0.45507812,1.1445312,43.625,-66.25,-10.5625
1537900192862,391,-0.45507812,0.12207031,0.91308594,53.875,-16.6875,2
1537900192862,392,-0.71777344,-0.38183594,0.5283203,96.53125,96.59375,34.96875
1537900192862,393,-0.40820312,-1.5410156,0.3046875,60.78125,201.28125,45.40625
1537900193056,394,-0.6015625,-1.6708984,-0.19335938,23.59375,260.25,120.15625
1537900193056,395,0.7480469,0.23144531,-0.39648438,27.75,28.90625,-5.9375
1537900193056,396,0.76171875,0.18945312,-0.6308594,-11.84375,-11.4375,-55.375
1537900193057,397,0.71191406,-0.17089844,-0.54589844,-66.53125,-83.03125,-108.59375
1537900193058,398,0.44921875,-1.5556641,-0.22558594,-134.78125,-148.875,-160.34375
1537900193058,399,0.29785156,-2,-0.055664062,-145.15625,-241.90625,-205.8125
1537900193257,400,0.018554688,-2,0.23730469,-115.90625,-231.34375,-225.40625
1537900193257,401,-0.02734375,-2,0.34277344,-46.9375,-309.28125,-154.625
1537900193257,402,-0.056640625,-1.3544922,0.41503906,-8.625,-227.6875,-64.84375
1537900193257,403,-0.17578125,-0.14160156,0.609375,54,-162.96875,-29
1537900193258,404,-0.3486328,0.5419922,0.7314453,62.53125,-135.5625,-18.03125
1537900193454,405,-0.09277344,0.1171875,0.6904297,26.53125,-81.25,-9.34375
1537900193454,406,-0.09277344,-0.18457031,0.4404297,49.25,-4.71875,1.6875
1537900193454,407,-0.4033203,-0.8017578,0.19042969,13.71875,79.28125,40.375
1537900193456,408,-0.14453125,-2,0.21972656,-6,103.5,71.46875
1537900193654,409,-0.8251953,-2,0.41992188,85,97.53125,104.15625
1537900193654,410,-0.37890625,-2,0.021484375,38.8125,87.3125,82.8125
1537900193654,411,0.140625,-1.5664062,-0.14453125,-34.8125,135.84375,77.5
1537900193654,412,0.51171875,-0.8623047,-0.22265625,-20.78125,97.75,47.40625
1537900193654,413,0.5019531,-0.2939453,-0.41796875,-6.125,47.78125,31.71875
1537900193655,414,0.5566406,0.13671875,-0.6279297,-15.34375,15.125,21.40625
1537900193851,415,0.7089844,0.10839844,-0.80078125,-53.1875,-34.9375,5.65625
1537900193852,416,0.84472656,-0.21386719,-0.5878906,-103.40625,-132.46875,-36.8125
1537900193853,417,0.35839844,-1.8720703,0.34765625,-161.09375,-236.09375,-99.25
1537900193853,418,0.16210938,-2,0.29492188,-152.84375,-322.53125,-88.34375
1537900193854,419,-0.123046875,-2,0.390625,-151.1875,-203.75,-137.96875
1537900194250,420,0.08886719,-1.9667969,0.2763672,-70.875,-165.90625,-160.65625
1537900194251,421,0.018554688,-1.4960938,0.22949219,-1.84375,-170,-100.25
1537900194251,422,-0.24609375,-0.765625,0.34472656,52.90625,-146.625,-76.84375
1537900194251,423,-0.42382812,0.07519531,0.55859375,126.28125,-165.1875,-68.4375
1537900194251,424,-0.49023438,0.29882812,0.7753906,101.375,-117.09375,-8.6875
1537900194253,425,-0.34179688,-0.20898438,0.8076172,76.46875,-23.6875,-10.28125
1537900194253,426,-0.25976562,-1.0234375,0.52246094,66.875,70.90625,12.875
1537900194255,427,-0.76660156,-1.8808594,0.33007812,58.6875,156.84375,69.5625
1537900194255,428,-1.1035156,-2,0.39941406,79.03125,191.625,101.65625
1537900194447,429,-0.18457031,-2,-0.049804688,42.71875,160.625,89.71875
1537900194447,430,0.11816406,-1.2949219,-0.059570312,35.9375,183.9375,63.59375
1537900194448,431,0.44140625,-0.74316406,-0.056640625,30.6875,113.875,26.09375
1537900194449,432,0.4404297,-0.25,-0.21582031,39.40625,60.34375,-3.4375
1537900194449,433,0.48632812,0.23828125,-0.296875,51.4375,78,-21.5
1537900194449,434,0.7480469,0.16308594,-0.41503906,37.46875,46.8125,-61.65625
1537900194646,435,0.6220703,0.005859375,-0.5576172,-10.4375,-18.21875,-91.8125
1537900194646,436,-0.10449219,-0.8964844,-0.3232422,-50,-98.15625,-132.71875
1537900194646,437,0.021484375,-2,-0.20996094,-146.1875,-198.625,-206.25
1537900194647,438,-0.5683594,-2,-0.08984375,-78.5,-142.46875,-132.53125
1537900194647,439,-0.171875,-1.8662109,-0.13671875,-35,-106.71875,-102.5625
1537900194847,440,0.020507812,-1.6015625,-0.18945312,-31.875,-108.0625,-70.5
1537900194847,441,0.040039062,-0.984375,-0.051757812,5.96875,-59.09375,-61.90625
1537900194847,442,-0.19042969,-0.068359375,0.21289062,61.1875,-41.6875,-22.0625
1537900194848,443,-0.25878906,0.4921875,0.6904297,59.3125,-53.25,-15.8125
1537900195044,444,-0.20898438,0.11328125,0.7939453,27.28125,29.78125,-19.59375
1537900195044,445,-0.14453125,-0.52441406,0.7519531,32.8125,99.15625,-30.46875
1537900195044,446,-0.56933594,-2,0.29296875,24.34375,201.53125,38.9375
1537900195045,447,-0.84277344,-2,0.7060547,116.25,356.75,93.78125
1537900195046,448,0.34765625,-2,-0.10449219,76.53125,234.78125,130.34375
1537900195046,449,0.18359375,-2,-0.1015625,65.53125,216.46875,141.34375
1537900195242,450,0.5625,-1.4648438,-0.08300781,54.90625,213.3125,105.15625
1537900195243,451,0.7089844,-0.76953125,-0.25976562,63.53125,193.71875,71.53125
1537900195243,452,0.7138672,0.018554688,-0.45996094,55.34375,186.15625,46.25
1537900195244,453,0.65722656,0.49414062,-0.5566406,18.0625,114.96875,-8.625
1537900195244,454,0.71972656,-0.06542969,-0.69140625,-54.875,-3.125,-98.21875
1537900195440,455,0.51953125,-0.8935547,-0.7128906,-107.625,-55.875,-118.25
1537900195641,456,-0.37109375,-1.9677734,0.0029296875,-156.15625,-115.625,-135.40625
1537900195838,457,0.20703125,-2,0.0078125,-122.9375,-181.53125,-133.4375
1537900195839,458,-0.16503906,-2,0.0546875,-83.28125,-243.375,-137.21875
1537900195839,459,-0.0029296875,-1.6386719,-0.018554688,-44.8125,-211.375,-101.28125
1537900195839,460,0.0859375,-0.9892578,0.10644531,-14.1875,-184.46875,-21.125
1537900195842,461,-0.01171875,-0.43066406,0.23925781,17.625,-151.6875,-1.0625
1537900195842,462,-0.01953125,0.24609375,0.49609375,29.53125,-142.78125,1.5625
1537900195843,463,-0.11328125,0.44140625,0.5996094,4.75,-115.875,10.59375
1537900195843,464,-0.1015625,0.12597656,0.45898438,13.34375,-17.34375,-12.96875
1537900195843,465,-0.14257812,-0.40625,0.23925781,23.71875,34.90625,-4.21875
1537900196036,466,-0.13671875,-1.6611328,-0.43652344,16.84375,37.46875,127
1537900196037,467,0.36132812,-1.2060547,-0.2939453,-23.34375,94.78125,118.9375
1537900196038,468,0.4189453,-0.7529297,-0.3955078,1.09375,-1.71875,112.71875
1537900196039,469,0.4033203,-0.32421875,-0.5029297,1.28125,-47.5,81.59375
1537900196039,470,0.5410156,-0.02734375,-0.5527344,-33.03125,-89.0625,40.8125
1537900196236,471,0.8671875,-0.0146484375,-0.46679688,-80.53125,-154,-18.375
1537900196237,472,1.0703125,-0.26660156,-0.2685547,-113.84375,-218.28125,-56.40625
1537900196237,473,1.2421875,-1.2197266,0.6796875,-163.65625,-288.28125,-74.34375
1537900196237,474,0.13671875,-2,1.5361328,-164.3125,-475.1875,-110.0625
1537900196238,475,0.20605469,-2,1.1337891,-160.84375,-203.625,-172.8125
1537900196434,476,0.34375,-2,0.6748047,-107.5,-136.125,-217.3125
1537900196434,477,0.359375,-1.6376953,0.4267578,-6.65625,-220.53125,-158.28125
1537900196436,478,-0.09472656,-1.1923828,0.4140625,54.6875,-261.78125,-82.71875
1537900196437,479,-0.2578125,-0.48535156,0.33789062,64.375,-216.625,-56.46875
1537900196437,480,-0.28320312,0.17480469,0.40625,68.53125,-148.8125,7
1537900196633,481,-0.20703125,0.10253906,0.3798828,30.3125,-101.46875,18.40625
1537900196634,482,-0.08496094,-0.12695312,0.25,33.375,-74.1875,33.125
1537900196634,483,0.15722656,-1.1435547,0.3017578,-26.8125,16.46875,66.5
1537900196635,484,-0.81347656,-1.8994141,0.12597656,-17.21875,19.875,106.1875
1537900196635,485,-0.7294922,-2,0.052734375,11.8125,115.03125,135.71875
1537900196834,486,-0.043945312,-2,-0.1953125,2,7.8125,123.21875
1537900196835,487,-0.060546875,-1.4951172,-0.16015625,-12.78125,-1.71875,89.03125
1537900196835,488,0.27441406,-0.8808594,-0.12207031,-15.625,16.59375,46.0625
1537900196835,489,0.47851562,-0.32421875,-0.27734375,-4.78125,3.84375,-4.09375
1537900196835,490,0.6386719,0.0546875,-0.4580078,-25.28125,-20.21875,-50.84375
1537900197033,491,0.49804688,0.1875,-0.58203125,-48.71875,-79.71875,-91.375
1537900197033,492,0.29492188,-0.099609375,-0.5810547,-93.03125,-121.71875,-115.4375
1537900197232,493,0.21875,-1.2431641,-0.19042969,-146.5,-203.125,-162.84375
1537900197232,494,0.38964844,-2,-0.3251953,-181.71875,-266.9375,-158.46875
1537900197232,495,0.055664062,-2,-0.20703125,-130.625,-162.5625,-157.71875
1537900197232,496,0.3876953,-1.8955078,-0.31347656,-118.65625,-173.71875,-155.96875
1537900197234,497,0.046875,-1.6191406,-0.17285156,-66.78125,-191.1875,-124.71875
1537900197234,498,-0.09082031,-1.1152344,0.020507812,-23.4375,-101.6875,-95.96875
1537900197235,499,-0.17382812,-0.37597656,0.5449219,62.25,-35.53125,-74.0625
1537900197235,500,-0.34375,0.1640625,0.8798828,102.21875,-29.125,-45.375
1537900197430,501,-0.39746094,-0.02734375,0.86816406,75.5,34.28125,-35.40625
1537900197431,502,-0.41796875,-0.41796875,0.6484375,64.3125,139.5,-13.3125
1537900197431,503,-0.07910156,-1.6083984,0.3125,46.3125,213.71875,28.25
1537900197431,504,-0.2939453,-2,-0.13769531,116.3125,317.5,102.65625
1537900197431,505,0.033203125,-2,0.017578125,112.21875,363.5625,161.25
1537900197627,506,0.3388672,-2,-0.22265625,88.4375,249.25,132
1537900197628,507,0.16699219,-1.671875,-0.16894531,55.03125,230.875,117.53125
1537900197829,508,0.59472656,-1.0488281,-0.078125,46.90625,267.8125,94.15625
1537900197830,509,0.7714844,-0.40820312,-0.09277344,59.6875,213.0625,49.3125
1537900197830,510,0.6357422,0.3046875,-0.125,85.125,181.5,23.71875
1537900197830,511,0.8886719,0.203125,-0.24707031,94.59375,140.25,-36.34375
1537900197830,512,0.67578125,-0.01953125,-0.5703125,58.875,35.375,-95.15625
1537900197831,513,0.009765625,-1.7128906,-0.45214844,-28.9375,-52.125,-189.90625
1537900197831,514,0.022460938,-2,-0.5595703,-89.90625,-137.78125,-208.375
1537900197831,515,-0.051757812,-2,-0.71972656,-52.375,-184.90625,-173.84375
1537900198024,516,-0.15722656,-2,-0.4404297,-66.71875,-206.5,-114.75
1537900198025,517,-0.099609375,-1.6328125,-0.15917969,-79,-118.71875,-44.03125
1537900198027,518,-0.115234375,-0.7314453,0.16210938,-34.1875,-37.625,-15.21875
1537900198027,519,-0.21289062,-0.026367188,0.28222656,1.9375,-3.3125,-16.0625
1537900198027,520,-0.10839844,0.3359375,0.5439453,33.375,7.90625,4.125
1537900198222,521,-0.020507812,0.14550781,0.7392578,37.53125,35.375,4.125
1537900198223,522,-0.0234375,-0.091796875,0.75390625,53.875,84.75,-6.4375
1537900198224,523,-0.3642578,-1.5253906,0.2734375,-25.65625,201.21875,17.5
1537900198224,524,-0.16210938,-2,-0.17871094,102.46875,238.09375,69.125
1537900198225,525,0.7128906,-2,-0.3720703,110.34375,207.375,85.96875
1537900198422,526,0.20703125,-2,-0.19628906,117.28125,109.78125,65
1537900198422,527,0.51171875,-1.2861328,-0.060546875,39.40625,157.53125,6.21875
1537900198423,528,0.59765625,-0.6748047,-0.14160156,19.40625,141.34375,-17.90625
1537900198620,529,0.5,-0.1953125,-0.4716797,22.875,118.625,-36.28125
1537900198620,530,0.31835938,0.12792969,-0.5986328,50.8125,91.15625,-9.40625
1537900198622,531,0.7207031,-0.08984375,-0.5673828,43.625,19.53125,-28.65625
1537900198622,532,0.7783203,-0.5332031,-0.047851562,-23.9375,-94.9375,-7.15625
1537900198622,533,0.5410156,-1.1757812,0.265625,-62.21875,-227.96875,-16.1875
1537900198820,534,0.5058594,-1.8183594,0.5839844,-64.59375,-357.8125,9.5625
1537900198820,535,0.89746094,-2,0.54003906,-116.96875,-289.3125,-22.0625
1537900198821,536,0.62890625,-1.7705078,0.62597656,-139.96875,-157.84375,-10.40625
1537900198822,537,0.35351562,-1.3583984,0.50878906,-111.21875,-120.625,9.125
1537900198823,538,-0.009765625,-0.7558594,0.26953125,-61.84375,-43.59375,35.375
1537900198823,539,-0.2861328,0.044921875,0.3876953,-2.28125,-6.3125,62
1537900198823,540,-0.38378906,0.3046875,0.5800781,10.53125,-21.8125,72.6875
1537900199019,541,-0.27539062,-0.1015625,0.50097656,36.71875,-9.59375,84.6875
1537900199020,542,-0.12695312,-0.3701172,0.41992188,42.65625,82.25,111.75
1537900199020,543,-0.16210938,-1.7851562,0.44140625,-13.25,132.0625,108.3125
1537900199020,544,-0.28222656,-2,0.24023438,80.5,179.5625,149.71875
1537900199020,545,-0.048828125,-2,0.020507812,45.34375,217.34375,124.9375
1537900199217,546,0.203125,-1.7685547,-0.15136719,31.0625,126.375,90.125
1537900199416,547,0.58203125,-1.1611328,-0.23046875,21.53125,137.5,58.6875
1537900199417,548,0.6640625,-0.4658203,-0.3984375,30.125,88.90625,6.875
1537900199418,549,0.6855469,0.07324219,-0.7626953,9.8125,24.46875,-18.75
1537900199419,550,0.703125,0.21875,-0.80078125,-22.59375,-77.40625,-55.5625
1537900199420,551,0.79589844,-0.20117188,-0.57910156,-78.03125,-173.71875,-111.28125
1537900199420,552,1.0351562,-0.5800781,-0.13378906,-121.34375,-203.25,-111.09375
1537900199420,553,0.6435547,-2,0.5859375,-162.96875,-374.34375,-154.5
1537900199420,554,0.4921875,-2,-0.10058594,-166.03125,-339.96875,-155.53125
1537900199422,555,0.5527344,-2,0.10449219,-167.0625,-170.3125,-176.71875
1537900199615,556,0.48242188,-1.7822266,0.2421875,-45.4375,-155.09375,-143.625
1537900199615,557,0.0126953125,-1.0576172,0.43164062,48.75,-175.0625,-82.90625
1537900199615,558,-0.49609375,-0.13085938,0.63183594,130.46875,-120.4375,-46.65625
1537900199615,559,-0.4453125,0.047851562,0.71972656,132.375,-86.5625,-11.5625
1537900199616,560,-0.31054688,-0.3154297,0.6777344,113.625,-6.1875,17.75
1537900199816,561,-0.33789062,-0.45898438,0.36816406,101.84375,51.25,63.03125
1537900199816,562,-0.51171875,-1.5556641,0.07324219,67.71875,191.5,92.03125
1537900199816,563,-0.11230469,-2,0.49023438,80.125,173.4375,144.625
1537900199817,564,-0.60058594,-2,-0.020507812,77.0625,141.84375,105.75
1537900199818,565,-0.0078125,-1.8515625,-0.064453125,23.3125,233.6875,87.25
1537900200012,566,0.41308594,-1.1064453,0.020507812,-9,213.4375,51.5
1537900200213,567,0.49902344,-0.57421875,-0.23242188,6.8125,148.25,19.21875
1537900200411,568,0.50683594,0.040039062,-0.50390625,15,105.6875,16.65625
1537900200411,569,0.82421875,0.2578125,-0.69140625,-6.375,67.5625,8.71875
1537900200412,570,0.94628906,0.053710938,-0.6738281,-30.59375,-64.96875,-66.46875
1537900200412,571,0.80078125,-0.15332031,-0.65625,-60.875,-138.25,-103.90625
1537900200412,572,0.55566406,-1.7978516,0.20605469,-92.46875,-253.4375,-185.25
1537900200414,573,0.34277344,-2,-0.3388672,-107.125,-370.875,-178.1875
1537900200414,574,0.0625,-2,-0.09277344,-99.375,-192.65625,-191.65625
1537900200415,575,0.296875,-2,-0.064453125,-44.21875,-233.53125,-164.25
1537900200415,576,-0.0234375,-1.5488281,0.14746094,12.9375,-252.28125,-90.28125
1537900200609,577,0.01953125,-0.3876953,0.36523438,63.15625,90.3125,0.34375
1537900200609,578,0.045898438,-1.7099609,0.12011719,10.84375,122.40625,46.96875
1537900200610,579,-0.5703125,-1.7666016,0.21191406,101.1875,183.8125,68.53125
1537900200610,580,0.07519531,-2,0.125,40.21875,150,64.0625
1537900200610,581,-0.10839844,-1.8144531,-0.14257812,7.125,112.65625,70.90625
1537900200809,582,0.21679688,-1.2783203,-0.15527344,-2.46875,136.9375,63.65625
1537900201006,583,0.3701172,-0.9589844,-0.20996094,-6.4375,113.09375,43.875
1537900201006,584,0.3515625,-0.3466797,-0.484375,-5.21875,80.84375,34.46875
1537900201007,585,0.4482422,0.123046875,-0.70214844,-12.59375,50.40625,37.03125
1537900201008,586,0.796875,0.2783203,-0.59277344,-27.3125,-29.875,-2.8125
1537900201008,587,1.2939453,-0.47851562,-0.53125,-68.4375,-106.21875,-66.59375
1537900201008,588,0.5605469,-2,0.31347656,-76.5,-260.40625,-130.5625
1537900201009,589,0.27148438,-2,0.20996094,-57.625,-221.5625,-117.9375
1537900201207,590,0.7685547,-2,0.21972656,-76.125,-197.90625,-200.9375
1537900201207,591,0.4736328,-1.8554688,0.22460938,-12.71875,-236.84375,-182.9375
1537900201207,592,0.12011719,-1.2412109,0.23925781,1.5,-235.5,-108.15625
1537900201208,593,-0.111328125,-0.7402344,0.2421875,12.9375,-161.5625,-42.875
1537900201208,594,-0.21972656,0.048828125,0.4296875,40.75,-127.75,-22.21875
1537900201208,595,-0.2548828,0.32128906,0.5996094,27.75,-125.875,4.5625
1537900201208,596,-0.22363281,0.056640625,0.5761719,41.5,-93.40625,17.625
1537900201406,597,-0.21777344,-0.33496094,0.3642578,50.21875,-31.15625,52.46875
1537900201406,598,0.14355469,-1.5888672,0.028320312,12.1875,42.09375,86.03125
1537900201406,599,-0.47851562,-2,-0.24023438,79.40625,55.53125,111
1537900201406,600,-0.6386719,-2,0.14453125,102.84375,100.15625,141.71875
1537900201407,601,-0.2734375,-1.8476562,-0.08691406,59.625,34.03125,129.5625
1537900201602,602,0.3701172,-1.4941406,-0.27441406,41.0625,70.34375,111.8125
1537900201602,603,0.63183594,-0.80371094,-0.27929688,30.875,53.21875,87.25
1537900201602,604,0.7480469,-0.2841797,-0.45898438,20,-23.40625,44.78125
1537900201603,605,0.5830078,9.765625E-04,-0.7597656,-20.09375,-121.40625,20.5625
1537900201801,606,1.0429688,-0.21289062,-0.48339844,-92.25,-214.1875,-13.875
1537900202000,607,0.8720703,-1.0185547,0.53027344,-172,-325.8125,-57.375
1537900202001,608,0.73339844,-2,1.4697266,-210.9375,-471.9375,-107.125
1537900202002,609,0.17675781,-2,1.1738281,-197.34375,-248,-142.78125
1537900202003,610,0.75390625,-2,0.99609375,-156.09375,-184.03125,-228.09375
1537900202003,611,0.7451172,-1.7568359,0.8857422,-21.8125,-264.78125,-193.75
1537900202003,612,0.28808594,-1.1689453,0.56640625,52.46875,-295.125,-116.71875
1537900202004,613,-0.11230469,-0.60839844,0.5234375,69.125,-259,-57.21875
1537900202004,614,-0.3701172,0.041992188,0.37109375,60.78125,-190.375,1.3125
1537900202005,615,-0.34375,0.115234375,0.53125,27.28125,-151.0625,23.84375
1537900202200,616,-0.22363281,0.009765625,0.484375,21.71875,-85.65625,40.5625
1537900202200,617,-0.08300781,-0.6347656,0.43066406,12.4375,-5.25,60.78125
1537900202201,618,-0.18066406,-2,0.16894531,-42.1875,38.1875,102.15625
1537900202201,619,-1.1660156,-2,0.515625,67.4375,136.15625,166.1875
1537900202203,620,-0.22753906,-2,0.045898438,44.0625,122,153.5
1537900202203,621,-0.061523438,-1.8876953,-0.05078125,26.15625,105.875,142
1537900202399,622,0.12988281,-1.1982422,-0.11425781,24.875,88.84375,95.6875
1537900202399,623,0.3388672,-0.5019531,-0.3486328,23,79.21875,49.0625
1537900202400,624,0.7558594,-0.0029296875,-0.44140625,-16.5,61.625,31.78125
1537900202401,625,0.7529297,0.20507812,-0.6464844,-32.1875,-38.09375,-23.5
1537900202596,626,0.5654297,0.06542969,-0.6777344,-62.5625,-118.0625,-106.21875
1537900202596,627,0.7685547,-0.30273438,-0.5,-108.09375,-150.40625,-132.40625
1537900202597,628,0.45214844,-2,0.24023438,-211.4375,-322.78125,-251.84375
1537900202597,629,0.056640625,-2,-0.38671875,-178.375,-306.78125,-195.875
1537900202597,630,0.16015625,-2,-0.10449219,-154.6875,-181.78125,-212.28125
1537900202599,631,0.43945312,-2,0.18261719,-71.625,-287.625,-169.3125
1537900202797,632,-0.24316406,-1.15625,0.42871094,13.65625,-247.03125,-86.5625
1537900202797,633,-0.30273438,-0.2109375,0.5097656,75.375,-119.40625,-50.96875
1537900202797,634,-0.3408203,0.390625,0.984375,75.65625,-60.0625,-40.3125
1537900202797,635,-0.22070312,0.08984375,0.859375,13.21875,-1.84375,-45.90625
1537900202797,636,-0.17382812,-0.21582031,0.4658203,45.46875,67.625,-14.71875
1537900202993,637,-0.40234375,-0.5917969,0.20410156,56.25,126.09375,37.34375
1537900202993,638,-0.18261719,-2,0.28027344,24.75,208.25,47.65625
1537900202994,639,-0.50683594,-2,0.21777344,98,218,141.21875
1537900202995,640,-0.034179688,-2,-0.10253906,79.40625,154.78125,97.875
1537900202996,641,0.015625,-1.8095703,-0.095703125,39.59375,162.8125,100.625
1537900203193,642,0.35839844,-1.0214844,-0.0029296875,31.1875,172.90625,64.75
1537900203193,643,0.46679688,-0.5439453,-0.1796875,33.0625,126.8125,36
1537900203194,644,0.36621094,0.14941406,-0.3798828,29.90625,116.4375,43.25
1537900203194,645,0.703125,0.26953125,-0.50683594,9.5,83.25,11.15625
1537900203194,646,0.9082031,0.07128906,-0.6123047,-32,-11.125,-64.90625
1537900203393,647,0.7324219,-0.0390625,-0.6201172,-79.375,-45.84375,-100.25
1537900203393,648,0.5175781,-1.1064453,-0.33007812,-70.75,-80.53125,-154.125
1537900203589,649,0.3935547,-2,-0.07714844,-154.5625,-220.71875,-197.59375
1537900203590,650,0.20800781,-2,-0.45410156,-71.25,-61.40625,-223.40625
1537900203592,651,0.45703125,-1.9814453,-0.55859375,-27.53125,-136.25,-194
1537900203592,652,-0.12207031,-1.7929688,-0.31054688,28.125,-234.9375,-98.28125
1537900203592,653,-0.16992188,-0.9863281,-0.17480469,34.78125,-122.8125,-10.34375
1537900203592,654,-0.09472656,-0.0546875,0.45996094,86.90625,-93.46875,20.5
1537900203592,655,-0.34179688,0.39453125,0.9033203,93.84375,-107.8125,35.5625
1537900203791,656,-0.34472656,0.072265625,0.80078125,56.5625,-47.3125,23.375
1537900203791,657,-0.34960938,-0.2421875,0.5175781,72.6875,118.21875,36
1537900203791,658,-0.038085938,-1.1113281,0.20703125,97.21875,210.4375,52
1537900203791,659,-0.48046875,-2,0.068359375,36.1875,189.875,124.0625
1537900203792,660,-1.0585938,-2,0.28222656,88.96875,158.96875,148.84375
1537900203792,661,-0.18945312,-2,-0.21386719,45.9375,175.59375,153.4375
1537900203988,662,0.171875,-1.6240234,-0.119140625,28.96875,210.9375,129.875
1537900203988,663,0.39941406,-1.0644531,-0.18652344,26.65625,133.65625,70.34375
1537900203988,664,0.39941406,-0.33203125,-0.4091797,29.03125,96.25,21.40625
1537900203988,665,0.57714844,0.30859375,-0.5751953,19.8125,66.5625,-9.28125
1537900203989,666,0.6738281,0.38378906,-0.4921875,-9.84375,-4.71875,-45.59375
1537900204386,667,0.6279297,-0.052734375,-0.5332031,-54.8125,-94,-90.53125
1537900204387,668,0.58984375,-0.049804688,-0.5878906,-85.40625,-61.71875,-99.0625
1537900204387,669,0.6904297,-0.953125,-0.060546875,-102.75,-31.875,-124.28125
1537900204388,670,0.24707031,-2,0.18457031,-167.5,-219.3125,-163.90625
1537900204389,671,-0.123046875,-2,-0.21386719,-61.0625,-61.71875,-159.6875
1537900204389,672,0.36523438,-2,-0.28515625,-25.71875,-83.8125,-169.875
1537900204391,673,-0.14257812,-1.6591797,-0.20800781,54,-156.25,-103.96875
1537900204391,674,-0.2861328,-1.0273438,-0.10644531,71.8125,-86.5,-34.1875
1537900204391,675,-0.23925781,-0.29882812,0.3017578,99.40625,-66.53125,1.09375
1537900204584,676,-0.2919922,0.35351562,0.56640625,69.875,-78.125,22.09375
1537900204584,677,-0.29003906,0.009765625,0.62109375,65.34375,-27.96875,21.09375
1537900204782,678,-0.1640625,-0.328125,0.48046875,78,85.75,20.0625
1537900205182,679,0.24511719,-1.7617188,0.10839844,41.125,170.28125,38.375
1537900205182,680,-0.48535156,-1.8398438,0.25878906,83.96875,174.96875,89.40625
1537900205182,681,0.15136719,-2,0.21191406,47.96875,85.625,79.75
1537900205182,682,-0.06933594,-1.8369141,-0.0126953125,4.375,135.65625,74.75
1537900205184,683,0.38964844,-1.0634766,0.083984375,-3.25,162.71875,47.90625
1537900205184,684,0.5761719,-0.70410156,-0.028320312,-2.9375,127.375,16.09375
1537900205185,685,0.46289062,-0.13574219,-0.37695312,0.96875,126.375,6.5625
1537900205185,686,0.41796875,0.37890625,-0.56152344,10.25,117.28125,1.3125
1537900205185,687,0.81933594,0.0859375,-0.7080078,-17.53125,33,-50.75
1537900205379,688,-0.3330078,0.203125,0.52246094,35.3125,-44.4375,40.625
1537900205379,689,-0.26660156,0.08496094,0.59765625,46.75,31.46875,33.90625
1537900205379,690,-0.005859375,-0.66503906,0.4951172,50.59375,98.75,14.28125
1537900205379,691,0.17382812,-1.9755859,0.18847656,46.125,136.46875,81.46875
1537900205380,692,-1.0888672,-1.8476562,0.22167969,122.125,225.8125,45.40625
1537900205380,693,-0.033203125,-2,0.3125,75.25,192.1875,88.53125
1537900205579,694,-0.17382812,-2,0.043945312,28.5,194.8125,107.59375
1537900205580,695,0.17285156,-1.1904297,0.15722656,41.0625,223.375,67.0625
1537900205778,696,0.43066406,-0.7285156,0.16308594,43.9375,182.90625,45.875
1537900205779,697,0.58496094,-0.22265625,0.0048828125,52.65625,199.25,17.75
1537900205779,698,0.72558594,0.42871094,-0.0087890625,60.84375,250.15625,-11.3125
1537900205779,699,1.2695312,0.18457031,-0.095703125,73.59375,160.75,-71.625
1537900205779,700,0.3095703,-1.75,0.25097656,-9.46875,-63.75,-137.65625
1537900205779,701,-2,-2,-0.19921875,37.46875,2.1875,-159.9375
1537900205780,702,-0.7597656,-2,0.22753906,-74.53125,111.96875,-33.78125
1537900205974,703,-0.6503906,-1.7226562,0.032226562,-78.4375,50.71875,17.4375
1537900205974,704,-0.041015625,-1.1054688,-0.00390625,-68,131.6875,21.78125
1537900205975,705,0.057617188,-0.08691406,0.15917969,-31.09375,129.875,37.46875
1537900205976,706,0.0078125,0.4921875,0.5419922,-21.875,116.5625,23.375
1537900205976,707,-0.013671875,0.59277344,0.859375,7.5,136.15625,-8.4375
1537900206174,708,0.15136719,0.2626953,0.98535156,46.625,198.78125,-43.21875
1537900206174,709,0.44335938,-0.71484375,0.70214844,66.625,270.4375,-42.96875
1537900206191,710,-0.06542969,-1.7529297,-0.0546875,38.5,268.125,57.53125
1537900206191,711,-0.49609375,-2,-0.13085938,157.34375,374.8125,76.03125
1537900206191,712,-0.0087890625,-2,-0.3095703,82.875,264.8125,101.78125
1537900206372,713,-0.48242188,-2,-0.23046875,76.09375,235.15625,130.40625
1537900206373,714,0.23828125,-1.6445312,-0.15332031,49.3125,235.46875,94.40625
1537900206375,715,0.4951172,-1.0410156,-0.14160156,49.25,164.0625,65.53125
1537900206375,716,0.54785156,-0.6816406,-0.13867188,58.9375,148.46875,28.625
1537900206375,717,0.5878906,-0.022460938,-0.22851562,64.8125,145.75,0.71875
1537900206571,718,0.6455078,0.27148438,-0.3515625,54.1875,101.4375,-45.90625
1537900206572,719,0.8105469,0.0048828125,-0.5644531,13,55.40625,-115.5625
1537900206572,720,0.6357422,-0.7236328,-0.66796875,-39.875,45.75,-151.1875
1537900206572,721,0.31640625,-2,-0.45117188,-98.96875,-46.875,-268.5625
1537900206573,722,0.8466797,-2,-1.1835938,-82.53125,-121.21875,-307.4375
1537900206769,723,1,-2,-0.9277344,-32.0625,-260.5,-287.84375
1537900206770,724,-0.0068359375,-2,-0.1875,-82.78125,-384.34375,-181.71875
1537900206770,725,-0.034179688,-1.0419922,0.15625,-34.125,-275.03125,-64.28125
1537900206772,726,-0.03125,-0.4658203,0.7158203,49.0625,-112.9375,-29.75
1537900206772,727,-0.3623047,0.11816406,0.85839844,102.46875,-3.75,-15.40625
1537900206968,728,-0.4189453,-0.21582031,0.88671875,91.65625,46.75,27.9375
1537900206969,729,-0.4794922,-0.484375,0.56933594,79.28125,162.8125,60.21875
1537900206969,730,-0.22265625,-1.2382812,0.56347656,41.0625,245.71875,94.09375
1537900206970,731,0.15722656,-2,0.50683594,62.84375,190,198.09375
1537900206970,732,-0.036132812,-2,0.2861328,98.875,198.40625,193.78125
1537900207169,733,0.3779297,-2,0.11230469,84.03125,221.0625,151.03125
1537900207170,734,0.40722656,-1.6933594,0.016601562,31.78125,255.53125,141.71875
1537900207170,735,0.49414062,-0.91503906,-0.078125,26.65625,222.75,88.65625
1537900207564,736,0.5839844,-0.27929688,-0.3671875,26.84375,155.9375,36.1875
1537900207566,737,0.69921875,0.28320312,-0.5673828,5.34375,87.3125,3.03125
1537900207567,738,0.78515625,0.27539062,-0.6113281,-24.125,11.34375,-62.03125
1537900207567,739,0.7373047,-0.10644531,-0.7207031,-73.125,-54.8125,-127.46875
1537900207567,740,0.7324219,-0.7138672,-0.7402344,-107.0625,-69.09375,-145.03125
1537900207568,741,-0.03125,-2,0.38085938,-145.9375,-154.375,-221.9375
1537900207568,742,0.19140625,-2,-0.265625,-77.78125,-193.625,-191.3125
1537900207568,743,0.35546875,-2,-0.20703125,-33.78125,-179.8125,-200.875
1537900207569,744,0.045898438,-1.8427734,-0.11621094,11.21875,-201.3125,-136.5625
1537900207764,745,-0.19628906,-1.1552734,-0.030273438,36.4375,-140.53125,-42.25
1537900207764,746,-0.30664062,0.12988281,0.90234375,62.53125,-38.78125,18.96875
1537900207964,747,-0.21386719,-0.25390625,0.6982422,66.34375,88.375,36.0625
1537900207964,748,-0.25097656,-1.5488281,0.18164062,2.375,194.1875,60.46875
1537900207965,749,-0.69433594,-2,0.4091797,90.6875,196.53125,117.34375
1537900207965,750,-0.25878906,-2,0.022460938,55.53125,182.28125,107.28125
1537900207966,751,0.15625,-1.9482422,-0.03515625,36.4375,177.78125,99.84375
1537900207966,752,0.2939453,-1.2490234,-0.119140625,23.53125,193.96875,81.90625
1537900207966,753,0.5683594,-0.6582031,-0.25976562,25.1875,146.15625,25.3125
1537900208359,754,0.6425781,-0.059570312,-0.4765625,15.65625,105.8125,9.5
1537900208359,755,0.66015625,0.34375,-0.5908203,15,47.65625,-8.25
1537900208360,756,0.82910156,0.01171875,-0.6230469,-24.375,-40.40625,-87.96875
1537900208360,757,0.8339844,-0.33984375,-0.6044922,-81.75,-56.03125,-120.75
1537900208361,758,0.375,-2,0.37597656,-101.75,-186.28125,-220.84375
1537900208362,759,0.41210938,-2,-0.13378906,-92.3125,-242.09375,-191.71875
1537900208362,760,0.11328125,-2,-0.21191406,-40.84375,-96.09375,-155.59375
1537900208366,761,-0.0068359375,-1.8623047,-0.25195312,-6.59375,-131.53125,-106.03125
1537900208366,762,-0.15039062,-1.3085938,-0.16992188,14.4375,-121.59375,-16.875
1537900208558,763,-0.20703125,-0.5839844,0.18554688,52.15625,-92.65625,34.34375
1537900208558,764,-0.20507812,-0.14746094,0.7607422,60.78125,89.28125,23.53125
1537900208558,765,-0.15625,-0.3486328,0.5488281,72.1875,198.34375,52.46875
1537900208559,766,-0.08300781,-2,0.3515625,-4.40625,191.875,72.125
1537900208759,767,-0.5996094,-2,0.11816406,113.5625,202.0625,124.125
1537900208760,768,0.15917969,-2,0.022460938,50.03125,172.03125,94.59375
1537900208761,769,0.15234375,-1.6572266,-0.036132812,10.0625,176.6875,98.0625
1537900208761,770,0.36621094,-0.9902344,-0.0146484375,16.90625,199.75,56.5
1537900208761,771,0.515625,-0.5361328,-0.20507812,17.625,149.34375,34.28125
1537900208761,772,0.42089844,0.11621094,-0.43945312,30.1875,121.1875,38.625
1537900208762,773,0.5410156,0.4814453,-0.49316406,29.84375,77.25,14.5
1537900208958,774,0.93652344,0.057617188,-0.55078125,-23.34375,-20.53125,-50.5
1537900208958,775,0.7792969,-0.7832031,-0.40429688,-72.78125,-102.1875,-107.5
1537900208958,776,0.10644531,-1.8574219,-0.047851562,-110.5,-175.4375,-181.84375
1537900208958,777,0.40039062,-2,-0.30273438,-86.125,-149.625,-182.625
1537900208959,778,0.6220703,-2,-0.21191406,-61.34375,-131.59375,-204.65625
1537900209156,779,0.046875,-1.9990234,-0.1640625,1.8125,-202.28125,-119.40625
1537900209157,780,-0.2919922,-1.3984375,-0.13574219,-19.71875,-154.96875,-16.8125
1537900209157,781,-0.11328125,-0.609375,0.24511719,2.71875,-111.65625,22.375
1537900209157,782,-0.18847656,0.21191406,0.5253906,46.96875,-110.0625,45.03125
1537900209157,783,-0.23535156,0.29101562,0.6933594,47.09375,-54.53125,32.6875
1537900209355,784,-0.12402344,-0.07128906,0.63378906,62.65625,37.59375,23.125
1537900209355,785,-0.028320312,-0.81152344,0.38085938,49.375,122.3125,51.375
1537900209551,786,-0.40625,-2,-0.0703125,43.6875,143.90625,109.3125
1537900209552,787,-0.6855469,-2,0.19628906,102.46875,202.3125,150.1875
1537900209553,788,-0.18164062,-2,-0.16796875,45.21875,63.71875,150.1875
1537900209553,789,0.0126953125,-1.6513672,-0.14746094,14.625,125.34375,136.65625
1537900209555,790,0.40429688,-0.98828125,-0.09375,8.03125,122.1875,116
1537900209555,791,0.30078125,-0.5732422,-0.24707031,-0.8125,69.5625,75.1875
1537900209555,792,0.40234375,-0.07714844,-0.5449219,2.4375,70.34375,58.09375
1537900209556,793,0.7451172,0.28222656,-0.64453125,-26.0625,55.03125,39.46875
1537900209751,794,1.1601562,0.09765625,-0.6171875,-52.75,-88.9375,-44.5
1537900209751,795,1.3037109,-0.9355469,-0.1015625,-91.9375,-188.3125,-129.71875
1537900209751,796,0.10546875,-2,0.80078125,-113.90625,-364.53125,-192.9375
1537900209753,797,0.2919922,-2,0.53515625,-89.5,-289.25,-215.59375
1537900209753,798,0.8378906,-2,0.39746094,-94.625,-303.96875,-272.15625
1537900209951,799,0.6591797,-1.8056641,0.52246094,-57.3125,-345,-217
1537900210149,800,0.48046875,-1.1679688,0.5800781,-50.5,-312.8125,-141.75
1537900210149,801,0.18359375,-0.36816406,0.60546875,-27.3125,-269,-86.5
1537900210149,802,-0.35546875,0.23046875,0.99316406,-3.5,-172.8125,-56.90625
1537900210149,803,-0.6816406,0.14941406,1.0029297,8.40625,-52.125,-36.34375
1537900210150,804,-0.7421875,-0.37890625,0.5371094,98.1875,34.65625,36.84375
1537900210150,805,-0.22265625,-1.5400391,0.30273438,32.75,81.59375,195.78125
1537900210152,806,-0.64746094,-2,0.01171875,154.03125,58.21875,225.625
1537900210153,807,-0.6855469,-2,0.0126953125,93.5625,80.71875,233.1875
1537900210153,808,-0.18847656,-2,-0.12207031,79.03125,103.6875,222.65625
1537900210348,809,0.31152344,-1.5888672,-0.17578125,21.53125,126.21875,181.5
1537900210349,810,0.4169922,-0.75097656,-0.21679688,4.4375,86.40625,121.3125
1537900210349,811,0.5986328,-0.4658203,-0.26367188,-0.0625,4.6875,66.09375
1537900210349,812,0.6074219,-0.1015625,-0.40820312,-13.0625,-37.125,25.6875
1537900210349,813,0.7207031,0.10058594,-0.4951172,-39.6875,-62.40625,-28.75
1537900210546,814,0.9296875,-0.16015625,-0.4169922,-79.4375,-131.25,-88.15625
1537900210547,815,0.7734375,-0.7001953,0.026367188,-113.28125,-245.75,-141.8125
1537900210547,816,0.6269531,-2,0.60253906,-171.9375,-367.5,-177.6875
1537900210547,817,0.059570312,-2,0.75683594,-200.09375,-385.09375,-210.9375
1537900210548,818,0.58984375,-2,0.8691406,-222.0625,-279.5625,-255.09375
1537900210746,819,0.83984375,-2,0.828125,-128.5,-268.875,-265.28125
1537900210747,820,0.7089844,-1.6308594,0.8535156,-55.1875,-290.65625,-212.84375
1537900210943,821,0.37304688,-1.0722656,0.7636719,14.4375,-291.40625,-152.90625
1537900210943,822,-0.09082031,-0.57910156,0.671875,42.46875,-228.46875,-113.53125
1537900210944,823,-0.49023438,0.14355469,0.50683594,65.15625,-149,-64.09375
1537900211142,824,-0.41992188,-0.09667969,0.6191406,68.84375,-113.53125,-38.59375
1537900211142,825,-0.29101562,-0.375,0.47070312,58.875,-77.71875,26.28125
1537900211143,826,0.041015625,-1.0693359,0.36816406,35.625,-3.5,77.125
1537900211144,827,-0.19824219,-1.9667969,0.0625,17.0625,33.125,120.78125
1537900211145,828,-0.6123047,-2,0.22753906,89.84375,95.9375,193.46875
1537900211146,829,-0.3330078,-2,-0.17871094,70.78125,127.3125,182.1875
1537900211146,830,0.20800781,-1.5800781,-0.13183594,24.65625,129.625,150.75
1537900211146,831,0.4404297,-0.73339844,-0.19824219,26.34375,130.65625,120.78125
1537900211146,832,0.6894531,-0.2607422,-0.38476562,21.09375,98.5,77.9375
1537900211342,833,0.84765625,0.2939453,-0.63378906,-20.03125,26.90625,34.65625
1537900211343,834,0.9355469,0.43847656,-0.8378906,-49.34375,-83.4375,-53.84375
1537900211540,835,0.72753906,0.064453125,-0.6123047,-84.71875,-142.78125,-116.46875
1537900211540,836,0.9453125,-0.87109375,-0.57714844,-128.25,-170.3125,-157.90625
1537900211740,837,0.029296875,-2,0.85839844,-184.34375,-318.3125,-152.90625
1537900211940,838,-0.49804688,-2,-0.3046875,-160.125,-113.90625,-188.125
1537900211940,839,0.49414062,-2,-0.29492188,-145.84375,-91.6875,-240.8125
1537900211940,840,-0.001953125,-1.9013672,0.005859375,-29.4375,-215.03125,-163.09375
1537900211941,841,-0.39453125,-1.3125,0.12109375,12.3125,-157.84375,-93.53125
1537900211941,842,-0.3779297,-0.18554688,0.56152344,111.96875,-86.0625,-68.875
1537900212136,843,-0.55566406,0.44433594,0.9511719,121.25,-42.1875,-25.59375
1537900212136,844,-0.40625,-0.04296875,0.8154297,59.375,-7.15625,-30.15625
1537900212137,845,-0.3798828,-0.27246094,0.37695312,85.96875,113.28125,18.71875
1537900212138,846,-0.39453125,-2,-0.045898438,88.59375,212.4375,138.90625
1537900212138,847,0.7949219,0.3154297,-0.65527344,-0.1875,22.03125,-24.6875
1537900212138,848,0.9921875,0.021484375,-0.7519531,-44.03125,-45.125,-112.625
1537900212139,849,0.9433594,-0.48339844,-0.65625,-89.4375,-32.4375,-126.90625
1537900212139,850,-0.095703125,-2,0.52246094,-130.15625,-187.9375,-217.84375
1537900212140,851,0.29589844,-2,-0.25976562,-123.5,-194.21875,-235.90625
1537900212336,852,0.24511719,-2,-0.15429688,-81.5,-113.46875,-240.1875
1537900212337,853,0.02734375,-1.7861328,-0.056640625,1.4375,-210.21875,-144.53125
1537900212337,854,-0.21191406,-1.3916016,-0.13085938,33.6875,-157.65625,-72.09375
1537900212337,855,-0.047851562,-0.4189453,0.21875,79.28125,-95.71875,2.71875
1537900212339,856,-0.3251953,0.32421875,0.8388672,92.09375,-113.53125,23.78125
1537900212533,857,-0.45410156,0.16796875,0.8076172,43.125,-58.84375,21.53125
1537900212534,858,-0.390625,-0.12109375,0.54589844,66.5625,105.6875,44.65625
1537900212534,859,-0.2705078,-0.48828125,0.37402344,75.84375,178.375,65.65625
1537900212534,860,0.21191406,-1.8359375,0.25097656,9.125,153.0625,96.59375
1537900212535,861,-0.7841797,-2,0.4169922,92.5625,97.8125,168.0625
1537900212735,862,-0.125,-2,0.01953125,74.5625,243.75,136.46875
1537900212735,863,0.30273438,-1.6660156,-0.0126953125,34.15625,217.9375,123.28125
1537900212735,864,0.5498047,-0.7138672,-0.24023438,29.65625,147.5625,81.78125
1537900212736,865,0.82421875,-0.40429688,-0.51660156,5.53125,93.5625,32.6875
1537900212736,866,0.8017578,0.12988281,-0.6738281,-23.15625,37.21875,-10.75
1537900212930,867,0.7050781,0.26367188,-0.5908203,-37.3125,-38.03125,-72.78125
1537900212932,868,0.8339844,-0.10449219,-0.7441406,-74.84375,-65.5,-123.0625
1537900212933,869,0.53125,-1.4072266,0.11816406,-97.125,-83.9375,-145.15625
1537900212933,870,0.12792969,-2,0.044921875,-149.25,-265.59375,-170.96875
1537900212933,871,-0.05859375,-2,-0.2685547,-102.875,-90.03125,-173.0625
1537900213130,872,0.41992188,-1.9755859,-0.24804688,-39.25,-108.0625,-170.78125
1537900213130,873,-0.1015625,-1.4521484,-0.18359375,22.9375,-185.3125,-77.65625
1537900213130,874,-0.16699219,-0.79785156,-0.02734375,38.8125,-112.125,-26.5
1537900213131,875,-0.15039062,-0.034179688,0.5449219,74.03125,-103.09375,4.75
1537900213131,876,-0.3251953,0.38867188,1.0253906,57.90625,-95.46875,16.84375
1537900213329,877,-0.36035156,0.05859375,0.9003906,40.21875,21.46875,13.65625
1537900213329,878,-0.3828125,-0.15722656,0.57421875,79.09375,158.75,32.40625
1537900213329,879,0.043945312,-1.2099609,0.24023438,77.5,248.9375,51.625
1537900213329,880,-0.40527344,-1.5947266,0.13964844,71.8125,226.4375,124.8125
1537900213330,881,-0.3935547,-2,0.02734375,61.8125,180.15625,147.625
1537900213526,882,-0.061523438,-2,-0.19628906,46.3125,195.3125,138.09375
1537900213527,883,0.29101562,-1.6621094,0.0703125,18.34375,186.25,92.03125
1537900213527,884,0.25976562,-1.2910156,0.0068359375,26.40625,117,54.71875
1537900213726,885,0.42285156,-0.87890625,-0.25390625,41.71875,152.5,25.0625
1537900213726,886,0.7285156,-0.29492188,-0.4091797,49.78125,142.8125,7.90625
1537900213727,887,0.7451172,0.22753906,-0.6591797,39.28125,41,-10.40625
1537900213728,888,0.79785156,-0.06738281,-0.765625,-2.6875,-62.15625,-71.5
1537900213728,889,1.0214844,-0.79589844,-0.8261719,-110.78125,-96.875,-136.78125
1537900213728,890,-0.23632812,-2,0.5996094,-119.03125,-228.34375,-202.09375
1537900213729,891,0.25585938,-2,0.016601562,-98.28125,-268.15625,-182.4375
1537900213925,892,0.70410156,-2,-0.09667969,-111.71875,-246.21875,-238.25
1537900213925,893,0.53515625,-1.8535156,0.27246094,-88.8125,-266.9375,-191
1537900213925,894,0.0546875,-1.1064453,0.49804688,-32.25,-225.71875,-115.125
1537900213925,895,-0.20214844,-0.5673828,0.38964844,11.21875,-111.28125,-73.125
1537900213926,896,-0.3798828,0.0625,0.53125,58.46875,-53.84375,-65.6875
1537900214124,897,-0.4609375,0.12402344,0.5449219,66.34375,-54.59375,-33.9375
1537900214324,898,-0.30371094,-0.08984375,0.36816406,76.875,-24.78125,17.1875
1537900214325,899,-0.23730469,-0.43652344,0.1875,75.25,73.71875,78.46875
1537900214325,900,0.9482422,-2,-0.42578125,-48.96875,79.03125,101.5625
1537900214325,901,-0.4482422,-2,-0.31640625,105.8125,54.3125,137.4375
1537900214327,902,-0.38671875,-2,-0.09667969,58.28125,89.9375,171.90625
1537900214327,903,-0.029296875,-1.7265625,-0.18554688,56.5625,89.53125,177.59375
1537900214328,904,0.3544922,-1.390625,-0.40527344,47.28125,110.75,180.03125
1537900214328,905,0.9589844,-0.8984375,-0.37695312,53.4375,88.84375,170.21875
1537900214329,906,0.7841797,-0.12207031,-0.8144531,29.09375,-31.09375,108.0625
1537900214520,907,1.0908203,-0.036132812,-0.9238281,-72.34375,-123.25,39.21875
1537900214521,908,1.4238281,-0.20800781,0.055664062,-88.8125,-251.25,-25.90625
1537900214521,909,1.1220703,-1.0966797,0.9980469,-104.625,-424.6875,-60.375
1537900214522,910,0.60546875,-2,2,-160,-554.9375,-111.90625
1537900214522,911,0.33789062,-2,1.6669922,-165.78125,-360.84375,-143.625
1537900214719,912,1.0488281,-1.9121094,1.4970703,-110.0625,-316.375,-226.5625
1537900214721,913,0.96777344,-1.5068359,1.2236328,28.0625,-374.53125,-220
1537900214721,914,0.54296875,-1.2128906,0.87890625,99.90625,-433.59375,-130.6875
1537900214721,915,0.29296875,-0.8535156,0.703125,66.40625,-344.4375,-39.25
1537900214721,916,0.043945312,-0.33007812,0.5703125,40.28125,-220.40625,9.5
1537900214918,917,-0.16015625,0.14648438,0.3984375,11.65625,-126.1875,39.71875
1537900214919,918,-0.078125,0.17089844,0.27441406,9.75,-117.875,55.96875
1537900214920,919,-0.00390625,-0.23242188,0.2734375,21.71875,-89.0625,72.4375
1537900214920,920,0.45507812,-1.3193359,0.36132812,-36.9375,-31.5,99.28125
1537900215117,921,-0.7832031,-2,0.03125,-18.09375,-45.5625,159.84375
1537900215117,922,-0.71484375,-2,0.23828125,56.1875,147.03125,187.84375
1537900215118,923,-0.09472656,-2,-0.16699219,37.21875,44.84375,163.125
1537900215118,924,-0.080078125,-1.3945312,-0.3388672,41.65625,42.65625,137.8125
1537900215119,925,0.52441406,-0.7763672,-0.5126953,31.28125,71.8125,113.4375
1537900215119,926,0.93359375,-0.078125,-0.55371094,5.84375,-6.84375,75.125
1537900215316,927,0.9033203,0.28808594,-0.5371094,-20.53125,-110.4375,-11.1875
1537900215317,928,0.64160156,0.06347656,-0.4951172,-57.03125,-173.1875,-96.375
1537900215317,929,0.9248047,-0.3486328,-0.28808594,-102.4375,-191.65625,-125.0625
1537900215317,930,0.3876953,-2,0.72753906,-208.4375,-320.28125,-185.625
1537900215515,931,-0.055664062,-2,-0.021484375,-228.09375,-245.9375,-158.09375
1537900215515,932,0.08300781,-2,-0.23144531,-294.4375,-13.75,-218.03125
1537900215516,933,0.6582031,-2,-0.18945312,-206.5625,-79.0625,-210.28125
1537900215516,934,-0.10546875,-1.7207031,-0.047851562,-87.59375,-180.25,-139.40625
1537900215516,935,-0.33007812,-1.0302734,0.1171875,-3.6875,-108.34375,-85.9375
1537900215912,936,-0.34570312,-0.18457031,0.4169922,69.5,-70.03125,-48.71875
1537900215914,937,-0.49121094,0.3173828,0.7783203,100.8125,-30.09375,-32.25
1537900215914,938,-0.3779297,0.17285156,0.5908203,61.9375,-24.625,-24.5
1537900215915,939,-0.2685547,-0.109375,0.45214844,100.5,52.78125,6.46875
1537900216111,940,-0.10449219,-0.58691406,0.2607422,108.0625,69.375,46.8125
1537900216112,941,0.43554688,-1.9277344,-0.0126953125,57.78125,128.46875,94.53125
1537900216112,942,-0.6689453,-2,-0.0390625,139.875,197.5625,132.75
1537900216113,943,-0.57910156,-2,0.021484375,48.6875,211.96875,153.3125
1537900216113,944,-0.33691406,-2,0.09277344,62.5,147.625,207.3125
1537900216114,945,0.19824219,-2,-0.12988281,48.5,98.8125,172.28125
1537900216115,946,-0.06640625,-1.2949219,-0.09472656,31.25,153.125,156.46875
1537900216116,947,0.21289062,-0.9091797,-0.14355469,26.71875,224.65625,175.46875
1537900216116,948,0.9033203,-0.3017578,-0.14257812,35.25,165.8125,177.21875
1537900216310,949,1.6962891,0.4169922,-0.045898438,67.96875,60.96875,110.03125
1537900216310,950,1.0185547,0.115234375,-0.31640625,14.3125,-77.21875,-188.375
1537900216310,951,0.6972656,-1.2382812,-0.13769531,-38.65625,-217,-309.9375
1537900216311,952,0.12109375,-2,0.515625,-167.8125,-454.25,-334.84375
1537900216312,953,-0.15820312,-2,0.63183594,-227.6875,-368.4375,-267.28125
1537900216312,954,0.5683594,-2,0.125,-324.40625,-242.8125,-213.6875
1537900216509,955,0.44140625,-2,-0.09375,-308.78125,-183.59375,-192.75
1537900216510,956,0.5800781,-1.8388672,0.25390625,-222.90625,-173.125,-177.6875
1537900216510,957,0.087890625,-1.3466797,0.51660156,-86.125,-180.3125,-133.625
1537900216510,958,-0.359375,-0.7109375,0.51953125,-6.375,-127.59375,-92.78125
1537900216510,959,-0.5048828,-0.13671875,0.49023438,19.625,-5.09375,-55.8125
1537900216706,960,-0.2919922,-0.056640625,0.43554688,51.375,-8.5,-82.09375
1537900216708,961,-0.015625,-0.55371094,0.16992188,61.5,-26.25,-68.4375
1537900216708,962,0.15722656,-1.2568359,-0.47558594,107.71875,26.40625,7.5625
1537900216710,963,-0.109375,-1.4140625,-0.5722656,220.125,137.3125,77.875
1537900216710,964,-0.09863281,-1.5380859,-0.17285156,121.6875,115.65625,93.3125
1537900216908,965,0.18945312,-1.2861328,-0.20019531,101.1875,66.03125,117.78125
1537900216908,966,0.041015625,-1.2011719,-0.043945312,121.4375,26.46875,109.53125
1537900216908,967,0.15820312,-1.0390625,-0.32714844,105.40625,75.125,108.25
1537900216908,968,0.18652344,-0.98339844,-0.37109375,85.125,92.09375,105.09375
1537900216909,969,0.15820312,-1.0869141,-0.2705078,71.34375,98.0625,83.46875
1537900217105,970,0.109375,-0.94921875,-0.21777344,51.3125,113.375,63.46875
1537900217105,971,0.14550781,-0.81347656,-0.24902344,32.28125,96.125,30.4375
1537900217105,972,0.16601562,-0.84765625,-0.28808594,6.09375,63.34375,-5.25
1537900217106,973,0.095703125,-0.8408203,-0.2939453,-3.625,22.75,-30.15625
1537900217106,974,0.080078125,-1.015625,-0.19824219,-13.125,-0.5,-51.21875
1537900217303,975,-0.021484375,-1.0566406,-0.14746094,-4.90625,-18.25,-51.34375
1537900217304,976,-0.1640625,-1.0341797,-0.14453125,7.5,-21.25,-44.5
1537900217305,977,-0.13769531,-0.9980469,-0.12890625,11.75,-14.46875,-38.65625
1537900217305,978,-0.09277344,-0.97265625,-0.12402344,11.75,-17.34375,-19.1875
1537900217305,979,-0.033203125,-0.9707031,-0.08886719,12.8125,-16.125,-3.5
1537900217501,980,-9.765625E-04,-1.0283203,-0.056640625,16.21875,-8.0625,3.90625
1537900217501,981,-0.0126953125,-1.0195312,-0.064453125,22.875,5.65625,5.34375
1537900217503,982,0.026367188,-1.0068359,-0.0625,22.09375,5.65625,5.21875
1537900217503,983,0.037109375,-0.99609375,-0.07910156,17.6875,-1.0625,3.71875
1537900217504,984,0.033203125,-0.97753906,-0.08300781,11.34375,-5.8125,1.8125
1537900217701,985,0.056640625,-0.9785156,-0.0625,5.84375,-14.71875,-1.71875
1537900217701,986,0.06738281,-1.0136719,-0.06933594,2.4375,-16.0625,-6.65625
1537900217701,987,0.06640625,-1.0058594,-0.041992188,1.8125,-18.09375,-11.71875
1537900217702,988,0.044921875,-1.0078125,-0.030273438,0.65625,-22.78125,-13.25
1537900217702,989,0.030273438,-1.0166016,-0.044921875,-0.875,-20.875,-12.53125