#i,,,,,,,
#i,,,,,,,
#i,,,,,,,
#i,,,,,,,
#i,,,,,,,
#i,,,,,,,
#i,,,,,,,
#i,,,,,,,
#i,,,,,,,
#i,,,,,,,
#i,,,,,,,
timestamp,seq,accel_x,accel_y,accel_z,gyro_x,gyro_y,gyro_z
1.53917E+12,0,-1.0058594,-0.09667969,-0.30566406,-6.4375,-26.125,84.28125
1.53917E+12,1,-0.9892578,-0.11035156,-0.32128906,2.3125,-28.65625,76.53125
1.53917E+12,2,-0.9628906,-0.12207031,-0.3701172,22.5625,-31.09375,65.09375
1.53917E+12,3,-0.8925781,-0.13378906,-0.39453125,36.46875,-33.28125,52.40625
1.53917E+12,4,-1.0019531,-0.18164062,-0.46875,29.84375,-36.6875,44
1.53917E+12,5,-1.125,-0.22265625,-0.48828125,2.125,-27.59375,37.03125
1.53917E+12,6,-1.2431641,-0.22558594,-0.4033203,-24.78125,-17.15625,23.78125
1.53917E+12,7,-1.5507812,-0.234375,-0.35253906,-50.96875,-6.125,2.3125
1.53917E+12,8,-1.6269531,-0.2607422,-0.3154297,-62.40625,25.1875,-33.65625
1.53917E+12,9,-1.4980469,-0.12695312,-0.25585938,-63.5625,54.125,-84.5
1.53917E+12,10,-1.2119141,-0.107421875,-0.15039062,-47.875,72.4375,-128.3125
1.53917E+12,11,-1.2978516,-0.33691406,0.07714844,-83.15625,74.5,-144
1.53917E+12,12,-1.4306641,-0.20996094,0.25390625,-144.4375,87.3125,-149.6875
1.53917E+12,13,-1.4365234,-0.119140625,0.19238281,-150.34375,83.3125,-151.375
1.53917E+12,14,-1.3681641,-0.083984375,0.10546875,-122.15625,73.90625,-161.21875
1.53917E+12,15,-1.1367188,-0.056640625,-0.043945312,-75.53125,60.90625,-177.4375
1.53917E+12,16,-0.96777344,-0.06640625,-0.07714844,-46.53125,47.40625,-182.6875
1.53917E+12,17,-0.8535156,-0.107421875,-0.01953125,-38.84375,36.84375,-168.78125
1.53917E+12,18,-0.90234375,-0.15332031,-0.015625,-42.8125,24.75,-145.53125
1.53917E+12,19,-0.8095703,-0.099609375,-0.12695312,-58.3125,20.5,-109.9375
1.53917E+12,20,-0.88964844,-0.044921875,-0.20214844,-55.25,6.40625,-70.8125
1.53917E+12,21,-0.9296875,-0.005859375,-0.21875,-47.0625,-6.25,-20.34375
1.53917E+12,22,-0.9326172,0.04296875,-0.18261719,-31.09375,-29.6875,36.84375
1.53917E+12,23,-1.0966797,-0.032226562,-0.31347656,-33.71875,-54.15625,104
1.53917E+12,24,-0.8828125,0.010742188,-0.4501953,-6.375,-66.40625,139.9375
1.53917E+12,25,-0.97265625,-0.010742188,-0.3125,26.34375,-95.78125,160.15625
1.53917E+12,26,-1.4082031,-0.001953125,-0.38183594,13.90625,-107.9375,189.875
1.53917E+12,27,-1.4873047,-0.10449219,-0.35839844,0.03125,-90.40625,208.59375
1.53917E+12,28,-1.3486328,-0.20410156,-0.2939453,-8.4375,-70.5625,189.125
1.53917E+12,29,-1.1953125,-0.119140625,-0.36914062,-29.125,-57.15625,153.375
1.53917E+12,30,-1.0917969,-0.12109375,-0.3642578,-22.96875,-47.0625,116.8125
1.53917E+12,31,-1.0068359,-0.1484375,-0.4375,-8.4375,-38.46875,89.03125
1.53917E+12,32,-0.96191406,-0.18945312,-0.44140625,15.65625,-30.40625,71.21875
1.53917E+12,33,-0.9453125,-0.2705078,-0.44628906,25.0625,-23.625,60.53125
1.53917E+12,34,-1.1083984,-0.31445312,-0.40527344,-5.625,-15.03125,48.375
1.53917E+12,35,-1.3935547,-0.3173828,-0.3955078,-54.8125,1.375,29.71875
1.53917E+12,36,-1.3974609,-0.22558594,-0.26660156,-62.28125,25.5625,-13.375
1.53917E+12,37,-1.5742188,-0.22949219,-0.30664062,-62.03125,43.5,-53.46875
1.53917E+12,38,-1.2353516,-0.22949219,-0.23730469,-49.5625,68.65625,-94.9375
1.53917E+12,39,-1.3994141,-0.35546875,0.14746094,-43.15625,63.34375,-128.8125
1.53917E+12,40,-1.5244141,-0.3701172,0.35742188,-124.03125,84.03125,-134.28125
1.53917E+12,41,-1.4482422,-0.24121094,0.20996094,-128.875,85.4375,-145.78125
1.53917E+12,42,-1.3369141,-0.140625,0.034179688,-122.8125,83.125,-170.3125
1.53917E+12,43,-1.1328125,-0.049804688,-0.08105469,-94.5625,76.53125,-191.53125
1.53917E+12,44,-1.0878906,-0.064453125,-0.055664062,-48.1875,60.78125,-204.1875
1.53917E+12,45,-1.0410156,-0.09765625,-0.03125,-30.34375,50.15625,-195.75
1.53917E+12,46,-0.9638672,-0.140625,-0.08496094,-34.5,41,-174.5
1.53917E+12,47,-0.9863281,-0.028320312,-0.15917969,-34.5625,29.28125,-148.40625
1.53917E+12,48,-1.0585938,0.08984375,-0.12890625,-36.75,17.125,-94.5
1.53917E+12,49,-0.9267578,0.10644531,-0.19824219,-44.5625,10.84375,-24.375
1.53917E+12,50,-0.87890625,0.083984375,-0.3251953,-46.15625,-19.3125,34.53125
1.53917E+12,51,-1.0332031,0.11621094,-0.33203125,-18.5625,-36.8125,86.71875
1.53917E+12,52,-0.8095703,0.052734375,-0.29101562,22.75,-60.5,121.25
1.53917E+12,53,-0.98828125,0.008789063,-0.29003906,42.71875,-86.1875,146.21875
1.53917E+12,54,-1.3066406,0.033203125,-0.36523438,24.8125,-98.71875,180.84375
1.53917E+12,55,-1.4638672,-0.049804688,-0.359375,22.5625,-87.28125,206.15625
1.53917E+12,56,-1.3125,-0.103515625,-0.25195312,47.03125,-72.34375,200.90625
1.53917E+12,57,-1.2509766,-0.10839844,-0.3017578,74.09375,-66.40625,180.78125
1.53917E+12,58,-1.2041016,-0.16503906,-0.3203125,83.78125,-58.125,155.75
1.53917E+12,59,-1.1142578,-0.22167969,-0.33398438,66.5,-47.0625,128.78125
1.53917E+12,60,-1.0566406,-0.22363281,-0.35253906,46.25,-37.4375,106.625
1.53917E+12,61,-1.3144531,-0.43945312,-0.33007812,33.84375,-12.46875,44.28125
1.53917E+12,62,-1.4697266,-0.43066406,-0.32421875,10.125,-13.75,-7.15625
1.53917E+12,63,-1.2216797,-0.43945312,-0.3623047,-61.59375,21.53125,-55.3125
1.53917E+12,64,-1.2236328,-0.2783203,-0.24511719,-92.125,33.0625,-106.03125
1.53917E+12,65,-1.5615234,-0.08203125,-0.078125,-78.75,68.15625,-164.375
1.53917E+12,66,-1.3925781,-0.052734375,-0.11816406,-74.46875,70.90625,-184.03125
1.53917E+12,67,-1.2597656,-0.014648438,-0.11621094,-75.09375,77.75,-191.46875
1.53917E+12,68,-1.1494141,-0.047851562,-0.0859375,-74.90625,77.6875,-191
1.53917E+12,69,-1.0673828,0.004882813,-0.13378906,-78.3125,70.3125,-173.71875
1.53917E+12,70,-1.09375,0.038085938,-0.17675781,-54.75,63.65625,-152.84375
1.53917E+12,71,-0.9453125,0.26464844,-0.10058594,-38.46875,55.84375,-108
1.53917E+12,72,-0.96972656,0.23046875,-0.18261719,-26.75,36.4375,-39.9375
1.53917E+12,73,-1.125,0.25097656,-0.22167969,36.25,-23.40625,55.96875
1.53917E+12,74,-0.9169922,0.1328125,-0.23242188,62.53125,-41.03125,99.21875
1.53917E+12,75,-1.1396484,0.05078125,-0.28027344,71.28125,-74.65625,135.46875
1.53917E+12,76,-1.4140625,0.02734375,-0.22460938,67.90625,-81.4375,172.21875
1.53917E+12,77,-1.2158203,-0.07910156,-0.24609375,82.0625,-64.28125,191.40625
1.53917E+12,78,-1.1035156,-0.0390625,-0.2607422,98.25,-63.5,170.8125
1.53917E+12,79,-1.2138672,-0.14941406,-0.22265625,113.5625,-57.21875,153.84375
1.53917E+12,80,-1.15625,-0.2265625,-0.20507812,123.46875,-45.90625,130.53125
1.53917E+12,81,-1.1699219,-0.22558594,-0.23144531,89.65625,-36.5625,91.53125
1.53917E+12,82,-1.3779297,-0.28710938,-0.20605469,66.5,-37.0625,78.28125
1.53917E+12,83,-1.3818359,-0.3076172,-0.24316406,51.5,-25.65625,53.6875
1.53917E+12,84,-1.2763672,-0.24804688,-0.2705078,46.25,-27.59375,11.40625
1.53917E+12,85,-1.0117188,-0.3173828,-0.34472656,-35.78125,5.59375,-61.28125
1.53917E+12,86,-1.2802734,-0.17773438,-0.26367188,-49.21875,4.5,-98.03125
1.53917E+12,87,-1.3779297,-0.17480469,-0.26757812,-70.28125,20.0625,-117.15625
1.53917E+12,88,-1.2119141,-0.021484375,-0.19628906,-96.75,58.03125,-175.6875
1.53917E+12,89,-1.2382812,-0.001953125,-0.16992188,-76,62.78125,-183.125
1.53917E+12,90,-0.9394531,0.23730469,-0.2578125,-0.125,50.40625,-82.15625
1.53917E+12,91,-0.9921875,0.24121094,-0.27441406,6.34375,38.0625,-32.375
1.53917E+12,92,-0.9667969,0.265625,-0.29296875,-6.4375,17.5,22.125
1.53917E+12,93,-1.2402344,0.07324219,-0.11035156,114.65625,-36.34375,130.125
1.53917E+12,94,-1.1162109,-0.16699219,-0.12792969,118.03125,-34.9375,135.3125
1.53917E+12,95,-1.1367188,-0.21972656,-0.15625,104.96875,-32.4375,122.96875
1.53917E+12,96,-1.1699219,-0.27148438,-0.2685547,80.125,-28.59375,111.9375
1.53917E+12,97,-1.3007812,-0.45117188,-0.41210938,17.5625,-12.28125,54.71875
1.53917E+12,98,-1.2285156,-0.484375,-0.41992188,-7.8125,8.40625,17.625
1.53917E+12,99,-1.4853516,-0.39648438,-0.36035156,-47.75,10.3125,-22.46875
1.53917E+12,100,-1.3613281,-0.2861328,-0.31152344,-73.125,36.375,-62.6875
1.53917E+12,101,-1.625,-0.2763672,0.12597656,-94.875,72.375,-122.875
1.53917E+12,102,-1.4052734,-0.30273438,0.38085938,-113.28125,93.375,-134.21875
1.53917E+12,103,-1.3232422,-0.29785156,0.2109375,-139.25,73.90625,-158.03125
1.53917E+12,104,-1.2333984,-0.19140625,0.2783203,-139.46875,71.28125,-181.40625
1.53917E+12,105,-1.2226562,-0.2109375,0.2578125,-91.875,37.40625,-201.1875
1.53917E+12,106,-1.1171875,-0.13867188,0.09277344,-99.875,34.28125,-191.125
1.53917E+12,107,-1.1259766,-0.013671875,0.087890625,-96.28125,23.375,-166.875
1.53917E+12,108,-1.0595703,-0.068359375,-0.009765625,-84,15.65625,-131.59375
1.53917E+12,109,-0.9394531,0.05859375,-0.033203125,-64.28125,-7.53125,-42.25
1.53917E+12,110,-1.0517578,0.032226562,-0.15917969,-65.4375,-31.03125,18.34375
1.53917E+12,111,-0.8779297,-0.017578125,-0.3046875,-43.65625,-54.75,64.8125
1.53917E+12,112,-0.86816406,0.033203125,-0.4345703,-20.21875,-75.75,89.15625
1.53917E+12,113,-1.1904297,-0.1015625,-0.44726562,-38.21875,-95.46875,139.375
1.53917E+12,114,-1.2011719,-0.119140625,-0.4267578,-50.5625,-90.03125,156.40625
1.53917E+12,115,-1.1416016,-0.11035156,-0.41601562,-63.90625,-88.75,163.6875
1.53917E+12,116,-1.1523438,-0.15722656,-0.43066406,-74.34375,-87.65625,161.59375
1.53917E+12,117,-1.1474609,-0.15429688,-0.4375,-126.3125,-65.375,132.1875
1.53917E+12,118,-1.1201172,-0.08105469,-0.50878906,-126.59375,-51.21875,106.25
1.53917E+12,119,-1.03125,-0.07128906,-0.56640625,-93.65625,-39.5,76.71875
1.53917E+12,120,-1.1787109,-0.115234375,-0.5488281,-67.8125,-24.3125,51.625
1.53917E+12,121,-1.4326172,-0.15136719,-0.4501953,-44.03125,13.21875,13.71875
1.53917E+12,122,-1.5595703,-0.12890625,-0.48339844,-12.53125,52.46875,-22.21875
1.53917E+12,123,-1.2060547,-0.27929688,-0.119140625,16.21875,81.28125,-72.84375
1.53917E+12,124,-1.2880859,-0.51464844,0.16308594,-48.0625,98.8125,-94.9375
1.53917E+12,125,-1.2373047,-0.37304688,0.29003906,-132.34375,118.5625,-118.375
1.53917E+12,126,-1.1123047,-0.32226562,0.18066406,-107.3125,93.75,-152.1875
1.53917E+12,127,-1.1513672,-0.37597656,0.140625,-84,78.28125,-176.28125
1.53917E+12,128,-1.1923828,-0.328125,0.08691406,-79.90625,67.625,-187.875
1.53917E+12,129,-1.265625,-0.12890625,-0.06933594,-48.28125,48.03125,-183.4375
1.53917E+12,130,-1.1289062,0.024414062,-0.06738281,-22.71875,38.4375,-173.28125
1.53917E+12,131,-1.0888672,0.056640625,-0.140625,-21.125,14.5625,-123
1.53917E+12,132,-0.9863281,0.1328125,-0.24609375,-45.84375,6.03125,-60.125
1.53917E+12,133,-1.125,0.083984375,-0.20898438,-35.78125,-24.625,3.65625
1.53917E+12,134,-0.87597656,0.16992188,-0.33398438,-11.3125,-45.96875,63.34375
1.53917E+12,135,-0.7373047,0.033203125,-0.42382812,16.28125,-79.59375,92.09375
1.53917E+12,136,-0.9433594,0.012695313,-0.3984375,11.21875,-94.25,115.34375
1.53917E+12,137,-1.3046875,0.004882813,-0.29589844,-10.9375,-88.875,161.46875
1.53917E+12,138,-1.1298828,-0.1875,-0.41015625,12.5625,-63.1875,137.25
1.53917E+12,139,-1.3173828,-0.20703125,-0.45898438,3.84375,-54.46875,111.0625
1.53917E+12,140,-1.5068359,-0.23828125,-0.47851562,5.1875,-35.0625,79.9375
1.53917E+12,141,-1.2207031,-0.29492188,-0.3779297,-10.5,41.375,-58.59375
1.53917E+12,142,-1.0146484,-0.24414062,-0.296875,-8.875,52.09375,-102.375
1.53917E+12,143,-1.3378906,-0.2861328,-0.17578125,-30.15625,56.3125,-121.84375
1.53917E+12,144,-1.3876953,-0.3017578,-0.053710938,-46.65625,71.09375,-133.0625
1.53917E+12,145,-1.3466797,-0.15136719,-0.049804688,-57.09375,76.59375,-179.09375
1.53917E+12,146,-1.2763672,-0.119140625,-0.036132812,-48.53125,72.25,-202.78125
1.53917E+12,147,-1.2402344,-0.07910156,-0.040039062,-39.9375,63.03125,-214.5
1.53917E+12,148,-1.1572266,-0.07714844,-0.047851562,-39.375,54.625,-207.90625
1.53917E+12,149,-1.0732422,0.029296875,-0.13574219,-45.1875,36.53125,-156.09375
1.53917E+12,150,-1.0263672,0.08886719,-0.12109375,-50.84375,28.625,-100.65625
1.53917E+12,151,-0.7265625,0.2763672,-0.23242188,-53.375,19.9375,-38.53125
1.53917E+12,152,-0.9921875,0.23925781,-0.28027344,-28.28125,-21.375,32.15625
1.53917E+12,153,-0.91503906,0.047851562,-0.30566406,58.6875,-73.6875,142.25
1.53917E+12,154,-1.2119141,0.030273438,-0.3330078,51.75,-87.28125,172.65625
1.53917E+12,155,-1.4208984,0.051757812,-0.28125,31.125,-79.71875,201.09375
1.53917E+12,156,-1.4335938,-0.030273438,-0.17871094,42.46875,-68,206.90625
1.53917E+12,157,-1.2724609,-0.037109375,-0.3466797,59.625,-64.28125,190.40625
1.53917E+12,158,-1.3125,-0.09667969,-0.24121094,80.5,-58.84375,171
1.53917E+12,159,-1.2412109,-0.16503906,-0.24804688,95.625,-49.09375,146.46875
1.53917E+12,160,-1.0771484,-0.234375,-0.3232422,86.15625,-36.8125,125.28125
1.53917E+12,161,-1.5068359,-0.47070312,-0.36132812,50.78125,-26.875,75.65625
1.53917E+12,162,-1.4013672,-0.48632812,-0.31640625,34.40625,-2.625,20.375
1.53917E+12,163,-1.4228516,-0.4033203,-0.29785156,8.28125,-0.4375,-34.25
1.53917E+12,164,-1.2832031,-0.4326172,-0.33496094,-27.96875,18.34375,-75.625
1.53917E+12,165,-1.4736328,-0.24121094,-0.12011719,-61,26.46875,-153.46875
1.53917E+12,166,-1.5673828,-0.23535156,-0.041015625,-103.53125,44.84375,-162.4375
1.53917E+12,167,-1.6171875,-0.13964844,-0.030273438,-134.96875,59.90625,-167.8125
1.53917E+12,168,-1.4335938,-0.044921875,-0.07519531,-129.09375,74.5625,-181.59375
1.53917E+12,169,-1.2441406,9.77E-04,-0.0625,-82.96875,73.59375,-210.03125
1.53917E+12,170,-1.1865234,0.021484375,-0.08496094,-72.78125,73.40625,-202.34375
1.53917E+12,171,-1.0566406,0.037109375,-0.13867188,-54.75,70.34375,-181.59375
1.53917E+12,172,-0.75097656,0.22460938,-0.24707031,-1.71875,18.34375,-25.78125
1.53917E+12,173,-0.8642578,0.22265625,-0.28808594,13.59375,-16.25,38.75
1.53917E+12,174,-0.9160156,0.16210938,-0.23535156,35.1875,-34.5,98.96875
1.53917E+12,175,-1.3828125,0.02734375,-0.23828125,49.53125,-89.4375,211.65625
1.53917E+12,176,-1.6044922,-0.06933594,-0.2421875,38.4375,-87.65625,231.5625
1.53917E+12,177,-1.4482422,-0.11328125,-0.1875,44.53125,-71.96875,218.78125
1.53917E+12,178,-1.3085938,-0.12792969,-0.22167969,61.1875,-66.46875,186.625
1.53917E+12,179,-1.2089844,-0.13964844,-0.27148438,97.9375,-53.1875,120.40625
1.53917E+12,180,-1.21875,-0.3984375,-0.40820312,-7.09375,1.75,-8
1.53917E+12,181,-1.2451172,-0.39648438,-0.4326172,-29.125,20.625,-65.03125
1.53917E+12,182,-1.1816406,-0.3095703,-0.27929688,-39.6875,30.375,-112.8125
1.53917E+12,183,-1.6572266,-0.07519531,-0.07714844,-123.625,76.03125,-164.6875
1.53917E+12,184,-1.4423828,0.00390625,-0.08691406,-105.25,87.09375,-182.375
1.53917E+12,185,-1.3144531,0.05859375,-0.056640625,-65.8125,84.40625,-199.96875
1.53917E+12,186,-1.2353516,-0.016601562,-0.010742188,-32.375,79.4375,-207.46875
1.53917E+12,187,-1.1464844,0.07324219,-0.11035156,-39.125,62,-188.4375
1.53917E+12,188,-0.9433594,0.16796875,-0.14453125,-56.84375,54.78125,-150.40625
1.53917E+12,189,-0.95410156,0.15917969,-0.23242188,-53.125,39.90625,-104.5625
1.53917E+12,190,-0.796875,0.24511719,-0.17285156,-13.9375,24.9375,-59.9375
1.53917E+12,191,-0.8730469,0.22949219,-0.29785156,-5.09375,-27.1875,82.5625
1.53917E+12,192,-0.9199219,0.14355469,-0.3623047,43.5625,-61.59375,132.84375
1.53917E+12,193,-1.1601562,0.064453125,-0.30078125,80.5,-81.1875,165.09375
1.53917E+12,194,-1.3691406,0.0625,-0.25976562,72.5625,-87.53125,196.59375
1.53917E+12,195,-1.3310547,-0.018554688,-0.17578125,60.84375,-63.8125,214.53125
1.53917E+12,196,-1.3095703,-0.060546875,-0.203125,88.0625,-65.6875,198.90625
1.53917E+12,197,-1.3408203,-0.09863281,-0.18652344,113.5,-58,173.8125
1.53917E+12,198,-1.2607422,-0.16113281,-0.19824219,132.25,-47.375,149.09375
1.53917E+12,199,-1.3798828,-0.3671875,-0.25878906,80.0625,-40.71875,129.125
1.53917E+12,200,-1.6269531,-0.63378906,-0.27929688,56.1875,-23.625,91.84375
1.53917E+12,201,-1.3623047,-0.45214844,-0.31445312,37.15625,-3.375,29.65625
1.53917E+12,202,-1.3867188,-0.42773438,-0.3076172,22.25,-5.03125,-27.84375
1.53917E+12,203,-1.265625,-0.3623047,-0.17871094,-70.8125,13,-104.375
1.53917E+12,204,-1.3613281,0.041015625,-0.06347656,-126.90625,93.84375,-212.34375
1.53917E+12,205,-1.3212891,0.111328125,-0.0703125,-96.6875,96.90625,-218.21875
1.53917E+12,206,-1.2001953,0.06933594,-0.09375,-51.46875,94.34375,-207.34375
1.53917E+12,207,-0.8300781,0.19042969,-0.13574219,-14.34375,44.59375,-76.96875
1.53917E+12,208,-0.8408203,0.15625,-0.21972656,-20.28125,12.9375,-14
1.53917E+12,209,-0.9980469,0.2607422,-0.21484375,6.21875,-28.15625,55.96875
1.53917E+12,210,-0.9111328,0.12890625,-0.29785156,41.375,-59.46875,113.6875
1.53917E+12,211,-1.3945312,0.12011719,-0.27148438,38.5,-90.90625,171.0625
1.53917E+12,212,-1.2753906,-0.13769531,-0.16601562,126.6875,-54.28125,172.40625
1.53917E+12,213,-1.21875,-0.20605469,-0.1875,124.0625,-40.53125,156.0625
1.53917E+12,214,-1.1689453,-0.26660156,-0.23242188,109.3125,-35.65625,135
1.53917E+12,215,-1.5273438,-0.5527344,-0.29589844,60.21875,-20.71875,68.90625
1.53917E+12,216,-1.3007812,-0.44628906,-0.2841797,43.25,-13.625,9.25
1.53917E+12,217,-1.3759766,-0.51953125,-0.34375,4.125,1.03125,-44.28125
1.53917E+12,218,-1.0839844,-0.44921875,-0.33007812,-47.0625,17.6875,-91.5
1.53917E+12,219,-1.6015625,-0.21386719,-0.095703125,-122.75,39.0625,-156.9375
1.53917E+12,220,-1.6367188,-0.107421875,-0.051757812,-151.375,57.53125,-177.5
1.53917E+12,221,-1.5478516,0.022460938,-0.09082031,-155.34375,76.03125,-195.09375
1.53917E+12,222,-1.4238281,0.0625,-0.0703125,-117.8125,85.75,-210.59375
1.53917E+12,223,-1.2353516,0.055664062,-0.11035156,-52.9375,79.5625,-220.21875
1.53917E+12,224,-1.1152344,0.01953125,-0.12988281,-42.5625,76.59375,-202.46875
1.53917E+12,225,-0.95214844,0.27734375,-0.19824219,5.59375,-15.8125,26.84375
1.53917E+12,226,-1.0791016,0.25,-0.27148438,18.28125,-44.03125,97.34375
1.53917E+12,227,-0.9785156,0.06542969,-0.28320312,51.3125,-68.625,141.28125
1.53917E+12,228,-1.4580078,0.041992188,-0.17871094,61.09375,-75.09375,195.59375
1.53917E+12,229,-1.3320312,-0.013671875,-0.25976562,72.625,-68.25,193.59375
1.53917E+12,230,-1.2744141,-0.045898438,-0.29785156,92.34375,-70.03125,187.3125
1.53917E+12,231,-1.3193359,-0.10644531,-0.21191406,102.84375,-63.25,173.9375
1.53917E+12,232,-1.1445312,-0.19824219,-0.27148438,130,-36.15625,126.21875
1.53917E+12,233,-1.1894531,-0.2109375,-0.296875,122.90625,-31.8125,101.71875
1.53917E+12,234,-1.3183594,-0.31835938,-0.23925781,101.96875,-26.25,85.25
1.53917E+12,235,-1.3984375,-0.4794922,-0.26660156,56.125,-10.15625,67.25
1.53917E+12,236,-1.3916016,-0.44140625,-0.28808594,-15.875,5.84375,-29.5625
1.53917E+12,237,-1.2265625,-0.31054688,-0.26953125,-46.46875,18.90625,-86.3125
1.53917E+12,238,-1.2910156,-0.25195312,-0.18554688,-62.8125,16.09375,-128.8125
1.53917E+12,239,-1.4140625,-0.29589844,-0.10449219,-90.90625,29.71875,-147.34375
1.53917E+12,240,-1.5722656,-0.0859375,-0.001953125,-157.90625,69.25,-176.03125
1.53917E+12,241,-1.4638672,0.017578125,-0.020507812,-149.4375,85.5625,-201.375
1.53917E+12,242,-1.4101562,0.08691406,-0.04296875,-114.03125,91,-225.34375
1.53917E+12,243,-1.3320312,0.07324219,-0.059570312,-66.71875,89.09375,-233.21875
1.53917E+12,244,-0.90722656,0.16308594,-0.12207031,-30.40625,68.34375,-180.75
1.53917E+12,245,-0.9042969,0.111328125,-0.20898438,-53.90625,49.46875,-118.375
1.53917E+12,246,-0.74121094,0.3076172,-0.19921875,-47.375,33.25,-48.34375
1.53917E+12,247,-0.97265625,0.10253906,-0.26660156,36.53125,-73.5625,129.6875
1.53917E+12,248,-1.2373047,0.09863281,-0.36035156,38.0625,-93.28125,157.8125
1.53917E+12,249,-1.4179688,0.07910156,-0.26171875,38.0625,-82.65625,181.6875
1.53917E+12,250,-1.4912109,0.02734375,-0.1953125,62.4375,-75.5625,194.3125
1.53917E+12,251,-1.2978516,-0.008789063,-0.2841797,124,-68.125,187.3125
1.53917E+12,252,-1.28125,-0.09667969,-0.16796875,125.53125,-57.3125,179.125
1.53917E+12,253,-1.3193359,-0.15917969,-0.15527344,119.1875,-44.15625,164.34375
1.53917E+12,254,-1.2138672,-0.2529297,-0.24511719,108.25,-27.46875,146.96875
1.53917E+12,255,-1.3798828,-0.4638672,-0.35839844,68.84375,-26.1875,107.09375
1.53917E+12,256,-1.484375,-0.6201172,-0.2998047,44.78125,-10.40625,59.75
1.53917E+12,257,-1.1933594,-0.46191406,-0.3310547,21.96875,2.5625,2
1.53917E+12,258,-1.4404297,-0.296875,-0.064453125,-78.5625,21.09375,-135.34375
1.53917E+12,259,-1.6660156,-0.22363281,-0.0234375,-105.96875,35.3125,-159.0625
1.53917E+12,260,-1.6767578,-0.14257812,0.001953125,-120.25,47.15625,-182.21875
1.53917E+12,261,-1.3720703,-0.001953125,-0.01953125,-148.875,73.84375,-225.1875
1.53917E+12,262,-1.3515625,0.09277344,-0.053710938,-135.875,81.90625,-220.09375
1.53917E+12,263,-1.2236328,0.06542969,-0.080078125,-85.28125,85,-199.65625
1.53917E+12,264,-0.9628906,0.24316406,-0.09765625,-39.5625,72.625,-159.875
1.53917E+12,265,-0.7919922,0.29589844,-0.18066406,2.125,24.9375,-46.40625
1.53917E+12,266,-0.85058594,0.34277344,-0.14257812,15,-17.53125,26.15625
1.53917E+12,267,-1.0458984,0.21582031,-0.18554688,30,-52.5,92.5
1.53917E+12,268,-0.9892578,0.09863281,-0.34960938,42.71875,-75.03125,138.78125
1.53917E+12,269,-1.4560547,0.111328125,-0.18652344,47.28125,-94.9375,191.8125
1.53917E+12,270,-1.5244141,0.029296875,-0.17675781,50.03125,-87.28125,201.40625
1.53917E+12,271,-1.3427734,-0.0078125,-0.2734375,43.625,-77.78125,197.375
1.53917E+12,272,-1.2822266,-0.025390625,-0.36328125,47.34375,-79.3125,188.40625
1.53917E+12,273,-1.3330078,-0.109375,-0.24707031,132.5625,-63.25,150.375
1.53917E+12,274,-1.1464844,-0.23535156,-0.32421875,142.0625,-43.15625,132.4375
1.53917E+12,275,-1.1845703,-0.35839844,-0.3232422,120.78125,-36.40625,117.46875
1.53917E+12,276,-1.4140625,-0.50390625,-0.28222656,87.4375,-20.46875,89.34375
1.53917E+12,277,-1.2841797,-0.3671875,-0.2685547,8.03125,3.34375,-5.5
1.53917E+12,278,-1.3857422,-0.49121094,-0.25878906,-13.8125,6.09375,-50.5625
1.53917E+12,279,-1.1708984,-0.40234375,-0.25585938,-55.8125,17.9375,-88.03125
1.53917E+12,280,-1.3701172,-0.30566406,-0.11035156,-89.6875,21.90625,-123.4375
1.53917E+12,281,-1.7744141,-0.10546875,0.017578125,-157.90625,61.4375,-174.03125
1.53917E+12,282,-1.6582031,0.006835938,-9.77E-04,-165.40625,87.09375,-196.96875
1.53917E+12,283,-1.5048828,0.07421875,-0.053710938,-145.71875,99.34375,-218.40625
1.53917E+12,284,-1.3613281,0.11230469,-0.08300781,-102.0625,105.03125,-233.65625
1.53917E+12,285,-1.1132812,0.08496094,-0.087890625,-53.96875,88.84375,-204.3125
1.53917E+12,286,-0.92871094,0.14160156,-0.11328125,-55.0625,76.65625,-151.8125
1.53917E+12,287,-0.8769531,0.18164062,-0.19042969,-53.90625,59.90625,-96.375
1.53917E+12,288,-0.7324219,0.2421875,-0.16503906,-10.09375,34.90625,-52.5625
1.53917E+12,289,-1.0126953,0.1796875,-0.2705078,4.6875,-38.46875,67.1875
1.53917E+12,290,-0.8613281,0.13476562,-0.29003906,40.375,-63.625,120.34375
1.53917E+12,291,-1.1748047,0.07324219,-0.2998047,71.53125,-97.4375,158.5625
1.53917E+12,292,-1.3867188,0.083984375,-0.27148438,63.28125,-101.75,197.0625
1.53917E+12,293,-1.4648438,0.009765625,-0.21289062,59.3125,-87.53125,226.125
1.53917E+12,294,-1.2617188,0.0078125,-0.28320312,88.25,-84.90625,211.84375
1.53917E+12,295,-1.3603516,-0.06640625,-0.23242188,114.0625,-81.6875,192.0625
1.53917E+12,296,-1.3066406,-0.3330078,-0.2998047,139.28125,-39.6875,114.84375
1.53917E+12,297,-1.2373047,-0.34375,-0.18261719,-64.40625,19.6875,-104.5
1.53917E+12,298,-1.4589844,-0.23632812,-0.064453125,-70.375,18.34375,-148.75
1.53917E+12,299,-1.5693359,-0.203125,-0.056640625,-109.5625,28.3125,-172
1.53917E+12,300,-1.4365234,0.06738281,-0.026367188,-164.875,93.78125,-209.1875
1.53917E+12,301,-1.3447266,0.11621094,-0.0546875,-113.53125,96.65625,-223.53125
1.53917E+12,302,-1.2802734,0.107421875,-0.11035156,-64.40625,95.3125,-222.90625
1.53917E+12,303,-1.0878906,0.08300781,-0.12402344,-35.46875,90.3125,-207.03125
1.53917E+12,304,-0.90722656,0.1953125,-0.15332031,-34.5625,59.8125,-105.90625
1.53917E+12,305,-0.9550781,0.09277344,-0.2998047,33.3125,-74.40625,143.21875
1.53917E+12,306,-1.2431641,0.09472656,-0.3095703,39.21875,-92.1875,176.75
1.53917E+12,307,-1.5390625,0.15722656,-0.22167969,60.03125,-88.5625,199.875
1.53917E+12,308,-1.3261719,-0.076171875,-0.24609375,128.34375,-68,197.375
1.53917E+12,309,-1.3818359,-0.14257812,-0.15332031,105.875,-58.5625,192.0625
1.53917E+12,310,-1.3740234,-0.21582031,-0.14160156,83.40625,-45.96875,179.625
1.53917E+12,311,-1.171875,-0.25976562,-0.2685547,60.96875,-29.75,164.46875
1.53917E+12,312,-1.4404297,-0.4580078,-0.3642578,64.5625,-29.9375,98.5
1.53917E+12,313,-1.4296875,-0.5136719,-0.34472656,62.78125,-12.78125,38.0625
1.53917E+12,314,-1.2998047,-0.44726562,-0.31640625,44.96875,-5.8125,-18.875
1.53917E+12,315,-1.3417969,-0.5673828,-0.30371094,-10.15625,11.09375,-60.9375
1.53917E+12,316,-1.4833984,-0.2265625,-0.08984375,-108.84375,35.5625,-135.09375
1.53917E+12,317,-1.7255859,-0.17773438,-0.02734375,-124.84375,53.5,-158.28125
1.53917E+12,318,-1.7988281,-0.09472656,0.051757812,-135.4375,71.75,-184.90625
1.53917E+12,319,-1.5556641,0.009765625,0.064453125,-128.5625,84.9375,-212.25
1.53917E+12,320,-1.265625,0.038085938,-0.037109375,-82.65625,76.34375,-245.75
1.53917E+12,321,-1.2851562,0.020507812,-0.07519531,-73.9375,64.25,-236.59375
1.53917E+12,322,-1.1347656,0.087890625,-0.09472656,-74.65625,66.15625,-207.15625
1.53917E+12,323,-0.9814453,0.2529297,-0.08105469,-64.84375,56.625,-153.9375
1.53917E+12,324,-0.75,0.24023438,-0.24023438,-38.96875,25.625,-30.84375
1.53917E+12,325,-0.93066406,0.28515625,-0.22949219,-38.59375,-17.90625,39.34375
1.53917E+12,326,-0.9394531,0.27539062,-0.22851562,1.15625,-39.125,95.0625
1.53917E+12,327,-0.96972656,0.13476562,-0.26367188,54.90625,-71.96875,128.46875
1.53917E+12,328,-1.4550781,0.087890625,-0.2421875,72.25,-100,189.9375
1.53917E+12,329,-1.5263672,0.030273438,-0.28027344,61.09375,-92.90625,209.6875
1.53917E+12,330,-1.3183594,0.05078125,-0.24511719,80.375,-80.15625,205.3125
1.53917E+12,331,-1.3037109,-0.03125,-0.20214844,108.3125,-78.8125,196.46875
1.53917E+12,332,-1.2871094,-0.16699219,-0.2578125,116.1875,-47.0625,158.8125
1.53917E+12,333,-1.1650391,-0.22753906,-0.3076172,95.4375,-36.5625,145.625
1.53917E+12,334,-1.3896484,-0.3251953,-0.2939453,81.34375,-36.34375,131.75
1.53917E+12,335,-1.5507812,-0.6035156,-0.29589844,62.375,-19.78125,96.65625
1.53917E+12,336,-1.2265625,-0.4326172,-0.30664062,-15.34375,5.71875,-20.53125
1.53917E+12,337,-1.2089844,0.034179688,-0.07128906,-71.0625,58.15625,-197.09375
1.53917E+12,338,-1.0498047,0.17480469,-0.15429688,-55.25,49.90625,-153.9375
1.53917E+12,339,-0.88378906,0.2783203,-0.15820312,-30.34375,47.09375,-101.53125
1.53917E+12,340,-0.9667969,0.20898438,-0.26367188,-7.65625,-52.875,102.53125
1.53917E+12,341,-0.9189453,0.09082031,-0.3408203,22.75,-80.34375,143.46875
1.53917E+12,342,-1.1572266,0.0625,-0.3017578,29.53125,-102.25,176.4375
1.53917E+12,343,-1.4814453,0.09375,-0.2607422,21.53125,-105.71875,208.46875
1.53917E+12,344,-1.4238281,-0.03125,-0.25683594,53.09375,-83.75,209.9375
1.53917E+12,345,-1.3154297,-0.07128906,-0.35351562,62.53125,-78.5625,182.28125
1.53917E+12,346,-1.296875,-0.07714844,-0.2578125,68.78125,-69.03125,154.09375
1.53917E+12,347,-1.2734375,-0.140625,-0.30273438,92.21875,-56.65625,127.4375
1.53917E+12,348,-1.4257812,-0.33203125,-0.32910156,-11.625,22.9375,-61.125
1.53917E+12,349,-1.1835938,-0.27929688,-0.2861328,-31.21875,35.4375,-107.5625
1.53917E+12,350,-1.4160156,-0.23632812,-0.11425781,-29.96875,31.25,-146.625
1.53917E+12,351,-1.4804688,-0.26464844,-0.030273438,-56.15625,43.5625,-161.75
1.53917E+12,352,-1.3554688,0.022460938,-0.034179688,-153.8125,84.9375,-188.5
1.53917E+12,353,-1.2519531,0.048828125,-0.0546875,-110.4375,84.09375,-207.40625
1.53917E+12,354,-1.2402344,0.059570312,-0.07910156,-62.75,73.34375,-217.65625
1.53917E+12,355,-1.1914062,0.034179688,-0.10839844,-34.0625,67.6875,-205.34375
1.53917E+12,356,-0.9375,0.19433594,-0.14941406,-19.96875,45.5625,-114.21875
1.53917E+12,357,-0.80859375,0.2626953,-0.1875,-17.90625,30.125,-53.90625
1.53917E+12,358,-0.8046875,0.22558594,-0.28710938,-19,-6.53125,13.96875
1.53917E+12,359,-0.9501953,0.23632812,-0.2548828,5.1875,-35.59375,78.125
1.53917E+12,360,-1.2255859,0.06738281,-0.27246094,57.78125,-84.125,159.15625
1.53917E+12,361,-1.3945312,0.076171875,-0.21289062,54.625,-82.84375,189.625
1.53917E+12,362,-1.4892578,0.014648438,-0.18652344,64.5,-77.09375,200.125
1.53917E+12,363,-1.390625,-0.044921875,-0.19335938,73.34375,-67.40625,191.875
1.53917E+12,364,-1.2539062,-0.09472656,-0.1953125,78.15625,-59.34375,164.78125
1.53917E+12,365,-1.4404297,-0.20605469,-0.18945312,-97.4375,30.5,-138.5625
1.53917E+12,366,-1.5615234,-0.15039062,-0.10644531,-138.8125,54.0625,-144.96875
1.53917E+12,367,-1.6542969,-0.038085938,-0.09765625,-167.6875,78.96875,-152.40625
1.53917E+12,368,-1.2832031,0.09082031,-0.10449219,-49.875,107.84375,-213.28125
1.53917E+12,369,-1.1855469,0.09277344,-0.17285156,-31.625,104.90625,-211.375
1.53917E+12,370,-0.9941406,0.21582031,-0.13769531,-6.3125,91.84375,-188.8125
1.53917E+12,371,-0.93847656,0.08300781,-0.140625,9.5,67.125,-137.46875
1.53917E+12,372,-0.69140625,0.20214844,-0.23339844,-1.34375,25.875,-18.8125
1.53917E+12,373,-1.0488281,0.24804688,-0.2626953,10.53125,-18.5625,41.84375
1.53917E+12,374,-0.9765625,0.13867188,-0.27246094,41.90625,-41.9375,99.65625
1.53917E+12,375,-1.0361328,0.057617188,-0.3408203,48.6875,-64.15625,142.0625
1.53917E+12,376,-1.4277344,0.12597656,-0.15234375,82.0625,-76.5,181.875
1.53917E+12,377,-1.5117188,0.026367188,-0.18359375,91.40625,-71.78125,187.1875
1.53917E+12,378,-1.2490234,-0.026367188,-0.23828125,101.65625,-63.5625,184.4375
1.53917E+12,379,-1.2548828,-0.10546875,-0.17382812,106.75,-64.34375,180.15625
1.53917E+12,380,-1.3017578,-0.11035156,-0.14941406,111.3125,-55.5,168.9375
1.53917E+12,381,-1.2724609,-0.119140625,-0.15820312,134.125,-48.84375,147.1875
1.53917E+12,382,-1.1162109,-0.19824219,-0.18457031,138.09375,-42.96875,127.25
1.53917E+12,383,-1.2050781,-0.26953125,-0.25390625,114.78125,-43.59375,111.625
1.53917E+12,384,-1.4423828,-0.5048828,-0.22265625,72.96875,-21.375,58.28125
1.53917E+12,385,-1.3642578,-0.44335938,-0.29296875,55.53125,-22.21875,4.0625
1.53917E+12,386,-1.3408203,-0.42285156,-0.3515625,15.5625,-8.5625,-44.5625
1.53917E+12,387,-1.1123047,-0.3466797,-0.3388672,-30.15625,2.5,-91.625
1.53917E+12,388,-1.3886719,-0.21972656,-0.17773438,-139.46875,38,-138.03125
1.53917E+12,389,-1.2861328,0.056640625,-0.10449219,-70.03125,92.9375,-199.28125
1.53917E+12,390,-0.7685547,0.2626953,-0.23339844,-16.625,7.84375,-1.90625
1.53917E+12,391,-1.4580078,0.025390625,-0.203125,45.09375,-73.4375,189.375
1.53917E+12,392,-1.3554688,-0.061523438,-0.17675781,59.96875,-66.3125,182.65625
1.53917E+12,393,-1.1923828,-0.033203125,-0.2705078,77.25,-65.6875,168.125
1.53917E+12,394,-1.1796875,-0.10839844,-0.234375,79.03125,-62.6875,155.1875
1.53917E+12,395,-1.1455078,-0.1953125,-0.3515625,61.15625,-46.53125,131.34375
1.53917E+12,396,-1.1035156,-0.24023438,-0.4169922,42.59375,-40.375,122.71875
1.53917E+12,397,-1.2861328,-0.28320312,-0.49804688,29.09375,-31.21875,101.125
1.53917E+12,398,-1.4072266,-0.35839844,-0.453125,32.40625,-13.5,60.03125
1.53917E+12,399,-1.4677734,-0.3515625,-0.31445312,5.78125,14.5,-34.875
1.53917E+12,400,-1.3496094,-0.31054688,-0.31933594,-30.78125,36.53125,-69.59375
1.53917E+12,401,-1.3427734,-0.18359375,-0.1796875,-38.90625,45.625,-106.8125
1.53917E+12,402,-1.5019531,-0.22558594,-0.0390625,-38.59375,53.375,-129.34375
1.53917E+12,403,-1.4335938,-0.21484375,0.11230469,-110.90625,74.4375,-167.75
1.53917E+12,404,-1.2802734,-0.09277344,-0.022460938,-130.4375,71.6875,-191.46875
1.53917E+12,405,-1.2607422,-0.064453125,-0.004882813,-111.84375,67.84375,-214.5625
1.53917E+12,406,-1.1513672,0.009765625,-0.080078125,-56.78125,57.59375,-184.84375
1.53917E+12,407,-0.9814453,0.08984375,-0.103515625,-40.46875,48.9375,-144.4375
1.53917E+12,408,-0.86035156,0.119140625,-0.20996094,-32.84375,34.71875,-90.53125
1.53917E+12,409,-0.88183594,0.140625,-0.31933594,-10.34375,-41.46875,69.9375
1.53917E+12,410,-0.74121094,0.00390625,-0.33007812,0.84375,-63.1875,111.1875
1.53917E+12,411,-1.0498047,-0.024414062,-0.29882812,-1.65625,-92.3125,145.5
1.53917E+12,412,-1.2900391,0.006835938,-0.32421875,-14.34375,-99.3125,179.71875
1.53917E+12,413,-1.359375,-0.07128906,-0.41210938,-35.21875,-95.15625,209.21875
1.53917E+12,414,-1.4052734,-0.061523438,-0.43066406,-23.9375,-93.65625,199.25
1.53917E+12,415,-1.4101562,-0.13085938,-0.40234375,0.15625,-78.5,174.4375
1.53917E+12,416,-1.2773438,-0.15429688,-0.37695312,24.75,-60.0625,136.59375
1.53917E+12,417,-1.1621094,-0.20019531,-0.43847656,-7.15625,-39.625,88.53125
1.53917E+12,418,-1.2285156,-0.25390625,-0.45214844,-41.65625,-26.25,82.25
1.53917E+12,419,-1.2041016,-0.24609375,-0.46679688,-61.0625,-6.84375,70
1.53917E+12,420,-1.1796875,-0.24414062,-0.44628906,-65.25,11.65625,42.28125
1.53917E+12,421,-1.3867188,-0.22460938,-0.3544922,-65.875,65.65625,-34.8125
1.53917E+12,422,-1.2587891,-0.265625,-0.17773438,-43.03125,84.8125,-82.96875
1.53917E+12,423,-1.5029297,-0.29882812,0.022460938,-45.5,103.625,-113.84375
1.53917E+12,424,-1.5332031,-0.5078125,0.4033203,-83.15625,116.4375,-128.1875
1.53917E+12,425,-1.3095703,-0.23144531,0.3154297,-125.1875,102.34375,-192.71875
1.53917E+12,426,-1.3496094,-0.26660156,0.39453125,-91.5,76.21875,-219.4375
1.53917E+12,427,-1.1279297,0.1015625,0.05078125,-70.875,30.375,-157.65625
1.53917E+12,428,-0.91015625,0.12207031,-0.12402344,-38.40625,-42.625,-6.375
1.53917E+12,429,-0.7441406,0.06640625,-0.35058594,-53.96875,-65.875,57.1875
1.53917E+12,430,-0.71972656,0,-0.4375,-69.34375,-95.28125,94.46875
1.53917E+12,431,-1.0566406,0.047851562,-0.48535156,-88.09375,-121.0625,122.375
1.53917E+12,432,-1.3388672,-0.010742188,-0.43359375,-62.34375,-97.96875,153.90625
1.53917E+12,433,-0.9238281,-0.053710938,-0.5673828,-125.0625,-15.03125,69.25
1.53917E+12,434,-0.95214844,-0.06738281,-0.5722656,-110.1875,-2.53125,47.96875
1.53917E+12,435,-1.0917969,-0.095703125,-0.51953125,-100.84375,21.59375,37.21875
1.53917E+12,436,-1.4335938,-0.35253906,-0.107421875,-16.5,95.5,-31.03125
1.53917E+12,437,-1.2275391,-0.3671875,0.028320312,-56.34375,120.21875,-73.1875
1.53917E+12,438,-1.4394531,-0.55859375,0.0703125,-66.90625,107.28125,-109.28125
1.53917E+12,439,-1.6337891,-0.56152344,0.3935547,-126.71875,115.09375,-129.28125
1.53917E+12,440,-1.3769531,-0.3310547,0.15136719,-41.46875,84.03125,-214.25
1.53917E+12,441,-1.3388672,-0.3203125,0.125,-35.53125,70.25,-233.71875
1.53917E+12,442,-1.2910156,-0.25195312,0.087890625,-57.5,59.625,-229.4375
1.53917E+12,443,-1.2050781,-0.13574219,-0.029296875,-72.03125,48.8125,-210.09375
1.53917E+12,444,-0.7626953,0.15820312,-0.119140625,-32.5625,20.625,-129.40625
1.53917E+12,445,-0.9433594,0.087890625,-0.24316406,-35.53125,-11.71875,-71.71875
1.53917E+12,446,-0.8408203,0.17089844,-0.22558594,-38.15625,-13.8125,-18.875
1.53917E+12,447,-1.0986328,0.0546875,-0.2685547,34.28125,-82.96875,150.625
1.53917E+12,448,-1.1308594,0.04296875,-0.29101562,49.53125,-99.125,181.875
1.53917E+12,449,-1.3671875,0.051757812,-0.24121094,39.96875,-105.59375,212.8125
1.53917E+12,450,-1.4052734,-0.11035156,-0.2763672,41.90625,-82.09375,202
1.53917E+12,451,-1.28125,-0.18945312,-0.359375,19.09375,-68.125,163.75
1.53917E+12,452,-1.2148438,-0.10839844,-0.35253906,40.5,-58.125,115.875
1.53917E+12,453,-1.0957031,-0.18457031,-0.3623047,84.6875,-46.03125,77.9375
1.53917E+12,454,-1.0898438,-0.32421875,-0.35253906,63.46875,-28.53125,52.90625
1.53917E+12,455,-1.3349609,-0.47753906,-0.34960938,9.1875,-11.25,46.0625
1.53917E+12,456,-1.3251953,-0.4326172,-0.34472656,-37.5625,13.90625,13.84375
1.53917E+12,457,-1.4941406,-0.2998047,-0.3203125,-61.0625,18.65625,-34.4375
1.53917E+12,458,-1.3242188,-0.16992188,-0.21875,-71.5,63.875,-131
1.53917E+12,459,-1.6757812,-0.08984375,-0.08203125,-53.40625,76.46875,-166.59375
1.53917E+12,460,-1.7519531,-0.123046875,0.076171875,-52.125,94.53125,-189.59375
1.53917E+12,461,-1.7402344,0.010742188,0.032226562,-64.46875,101,-212.59375
1.53917E+12,462,-1.4609375,0.0859375,-0.036132812,-52.5,98.5,-230.96875
1.53917E+12,463,-1.3164062,0.021484375,-0.053710938,-35.71875,82.25,-240.75
1.53917E+12,464,-1.2070312,0.013671875,-0.037109375,-34.9375,69.25,-234.75
1.53917E+12,465,-1.1152344,-0.041015625,-0.057617188,-36.875,61.6875,-209.5625
1.53917E+12,466,-0.7607422,0.16992188,-0.14648438,-41.8125,50.53125,-129.78125
1.53917E+12,467,-1.6210938,-0.078125,-0.16601562,71.53125,-91.1875,237.21875
1.53917E+12,468,-1.3408203,-0.029296875,-0.3017578,90.875,-79.84375,194.625
1.53917E+12,469,-1.3017578,-0.05859375,-0.28710938,101.375,-73.1875,157.15625
1.53917E+12,470,-1.5439453,-0.640625,-0.25,95.875,-13.875,99.96875
1.53917E+12,471,-1.3828125,-0.5605469,-0.265625,60.03125,7.125,36.90625
1.53917E+12,472,-1.5224609,-0.3515625,-0.23925781,23.25,1.375,-31.625
1.53917E+12,473,-1.2480469,-0.36816406,-0.30859375,-30.46875,13.34375,-85.90625
1.53917E+12,474,-1.4394531,-0.28222656,-0.044921875,-77.40625,11.09375,-162.375
1.53917E+12,475,-1.2392578,0.07324219,-0.08496094,-70.4375,70.59375,-223.53125
1.53917E+12,476,-1.1923828,-0.010742188,-0.12109375,-47.375,65.28125,-215.28125
1.53917E+12,477,-1.0478516,0.07519531,-0.15625,-47.375,61.625,-191.84375
1.53917E+12,478,-0.7636719,0.21484375,-0.26660156,-30.40625,12.125,-14.90625
1.53917E+12,479,-0.90625,0.25097656,-0.2861328,-25.46875,-27.53125,62.125
1.53917E+12,480,-1.5908203,0.0625,-0.18457031,35.75,-94.25,221.53125
1.53917E+12,481,-1.5039062,-0.06347656,-0.20507812,43.875,-82.90625,223.625
1.53917E+12,482,-1.2353516,-0.025390625,-0.25097656,67.125,-77.40625,192.84375
1.53917E+12,483,-1.1767578,-0.17382812,-0.25390625,111.75,-53.90625,122.65625
1.53917E+12,484,-1.3808594,-0.38476562,-0.2783203,5,1.09375,-37.6875
1.53917E+12,485,-1.1669922,-0.43945312,-0.34570312,-35.28125,20.84375,-71.78125
1.53917E+12,486,-1.2617188,-0.31933594,-0.17285156,-49.625,21.96875,-113.84375
1.53917E+12,487,-1.5927734,-0.09082031,-0.03515625,-124.65625,70.59375,-187.875
1.53917E+12,488,-1.3691406,-0.010742188,-0.06640625,-126.59375,80.0625,-210.9375
1.53917E+12,489,-1.2802734,0.032226562,-0.06347656,-99.6875,79.4375,-229.3125
1.53917E+12,490,-1.2412109,0.014648438,-0.041015625,-82.40625,72.25,-228.65625
1.53917E+12,491,-1.0820312,-0.012695313,-0.14355469,-73.125,64.5625,-176.34375
1.53917E+12,492,-0.9609375,0.1796875,-0.13085938,-56.34375,59.8125,-132.65625
1.53917E+12,493,-0.87890625,0.19335938,-0.18066406,-38.28125,44.46875,-75.15625
1.53917E+12,494,-0.6660156,0.25976562,-0.25390625,-4.78125,22.1875,-21.8125
1.53917E+12,495,-0.85253906,0.123046875,-0.30859375,38.75,-43.15625,109.125
1.53917E+12,496,-1.1298828,0.045898438,-0.29785156,65,-79.65625,151.53125
1.53917E+12,497,-1.4140625,0.10839844,-0.2109375,55.71875,-92.3125,193.21875
1.53917E+12,498,-1.5351562,0.055664062,-0.22363281,50.28125,-90.46875,224.09375
1.53917E+12,499,-1.2265625,0.008789063,-0.2578125,78.125,-79,206.84375
1.53917E+12,500,-1.3398438,-0.0546875,-0.24414062,98.6875,-76.4375,190.59375
1.53917E+12,501,-1.3857422,-0.41796875,-0.26367188,102.03125,-32.3125,104.59375
1.53917E+12,502,-1.5019531,-0.59765625,-0.265625,57.84375,-17.40625,71.875
1.53917E+12,503,-1.2587891,-0.44140625,-0.3232422,29.34375,-5.8125,20.6875
1.53917E+12,504,-1.2958984,-0.2939453,-0.15820312,-79.78125,19.6875,-124.15625
1.53917E+12,505,-1.6533203,-0.23339844,-0.08886719,-114.8125,39.65625,-149.3125
1.53917E+12,506,-1.7910156,-0.09863281,-0.034179688,-136.6875,60.71875,-172.25
1.53917E+12,507,-1.5908203,0.0078125,-0.059570312,-141.0625,83.40625,-195.8125
1.53917E+12,508,-1.2724609,0.08691406,-0.091796875,-89.75,98.0625,-234.5625
1.53917E+12,509,-1.1777344,0.045898438,-0.06738281,-60.375,93.1875,-234.375
1.53917E+12,510,-1.1308594,0.06347656,-0.1171875,-48.78125,85.5,-214.75
1.53917E+12,511,-0.9375,0.2548828,-0.19921875,-37.625,74.09375,-166.53125
1.53917E+12,512,-0.81933594,0.08984375,-0.20117188,2.96875,32.03125,-50.78125
1.53917E+12,513,-1.4648438,0.055664062,-0.27246094,18.46875,-91.75,212.75
1.53917E+12,514,-1.5029297,0.016601562,-0.20996094,20.90625,-85.78125,221.40625
1.53917E+12,515,-1.3369141,-0.091796875,-0.23828125,98.6875,-68.5,144.9375
1.53917E+12,516,-1.1894531,-0.21289062,-0.31445312,96.34375,-53.53125,142.375
1.53917E+12,517,-1.2148438,-0.27441406,-0.390625,71.09375,-50.78125,138
1.53917E+12,518,-1.3496094,-0.3828125,-0.39648438,21.40625,-2.625,-5.5625
1.53917E+12,519,-1.4072266,-0.44140625,-0.3720703,-12.71875,18.1875,-51.03125
1.53917E+12,520,-1.6425781,-0.22070312,0.06542969,-121.40625,79.5,-167.96875
1.53917E+12,521,-1.4492188,-0.06640625,0.043945312,-131.59375,90.5625,-195.28125
1.53917E+12,522,-1.3076172,0.0078125,-0.036132812,-109.5,89.78125,-220.90625
1.53917E+12,523,-1.140625,-0.016601562,-0.08984375,-52.3125,64.0625,-212.53125
1.53917E+12,524,-0.94628906,0.17871094,-0.32128906,-13.8125,-50.0625,92.15625
1.53917E+12,525,-0.8496094,0.056640625,-0.38476562,6.625,-74.46875,132.5
1.53917E+12,526,-1.2109375,0.022460938,-0.31347656,5.96875,-98.84375,163.625
1.53917E+12,527,-1.2412109,-0.037109375,-0.38378906,42.34375,-83.75,190.65625
1.53917E+12,528,-1.1699219,-0.10253906,-0.3955078,49,-80.59375,181.5
1.53917E+12,529,-1.2617188,-0.15332031,-0.35058594,33.6875,-71.125,167.96875
1.53917E+12,530,-1.2587891,-0.1640625,-0.3828125,52.90625,-57.3125,143.125
1.53917E+12,531,-1.1367188,-0.22851562,-0.4345703,65.59375,-44.5625,117.59375
1.53917E+12,532,-1.2128906,-0.28222656,-0.42285156,61.03125,-35.84375,93.4375
1.53917E+12,533,-1.4033203,-0.36035156,-0.44433594,34.90625,-23.40625,70.3125
1.53917E+12,534,-1.3408203,-0.41503906,-0.4375,5.21875,0.78125,41.96875
1.53917E+12,535,-1.4863281,-0.36621094,-0.32226562,-57.3125,38.5625,-37.1875
1.53917E+12,536,-1.2558594,-0.2939453,-0.22949219,-67.46875,56.9375,-81.6875
1.53917E+12,537,-1.4462891,-0.32910156,-0.047851562,-80.59375,62.375,-114.46875
1.53917E+12,538,-1.5517578,-0.41308594,0.13085938,-109.09375,81.71875,-127.9375
1.53917E+12,539,-1.2880859,-0.30859375,0.16992188,-129.40625,88.125,-186.40625
1.53917E+12,540,-1.2275391,-0.24609375,0.25878906,-119.875,83.1875,-214.84375
1.53917E+12,541,-1.1738281,-0.171875,0.14550781,-93.15625,70,-228.59375
1.53917E+12,542,-1.2070312,-0.05078125,-0.07128906,-71,33.5,-157.65625
1.53917E+12,543,-1.0546875,0.19433594,-0.044921875,-51.21875,22.3125,-118.84375
1.53917E+12,544,-0.9453125,0.28320312,-0.18457031,-32,5.96875,-65.5625
1.53917E+12,545,-0.75097656,0.14257812,-0.3544922,27.9375,-69,109.84375
1.53917E+12,546,-1.0966797,0.052734375,-0.27148438,36.3125,-93.03125,140.96875
1.53917E+12,547,-1.3681641,0.05078125,-0.24707031,24.75,-100.125,176.5625
1.53917E+12,548,-1.4658203,-0.018554688,-0.29492188,4.6875,-97.78125,205.1875
1.53917E+12,549,-1.3076172,-0.055664062,-0.34472656,-17.28125,-97,204.9375
1.53917E+12,550,-1.328125,-0.07519531,-0.34472656,-16.25,-88.75,190.59375
1.53917E+12,551,-1.2070312,-0.083984375,-0.3935547,16.03125,-79.1875,161.25
1.53917E+12,552,-1.1464844,-0.111328125,-0.52246094,44.40625,-69.96875,129.8125
1.53917E+12,553,-1.4257812,-0.35351562,-0.4326172,68.65625,-37.6875,78.28125
1.53917E+12,554,-1.3818359,-0.42578125,-0.40039062,52.28125,-8.125,36
1.53917E+12,555,-1.4414062,-0.36523438,-0.35742188,37.09375,1.75,-14.71875
1.53917E+12,556,-1.5351562,-0.40820312,-0.296875,8.46875,23.78125,-62.8125
1.53917E+12,557,-1.4462891,-0.3232422,-0.10449219,5.78125,32.28125,-159.4375
1.53917E+12,558,-1.3076172,-9.77E-04,-0.060546875,-100.25,68.34375,-246.15625
1.53917E+12,559,-1.2158203,-0.013671875,-0.080078125,-83.6875,69.1875,-231.21875
1.53917E+12,560,-0.9589844,0.171875,-0.10839844,-60.4375,67.4375,-192.65625
1.53917E+12,561,-0.7207031,0.23535156,-0.203125,6.8125,9.25,-4.71875
1.53917E+12,562,-1.078125,0.23730469,-0.27734375,3.84375,-26.8125,67.1875
1.53917E+12,563,-1.0371094,0.16308594,-0.20214844,43.625,-44.3125,121.625
1.53917E+12,564,-1.2363281,0.07910156,-0.2529297,64.75,-74.34375,168.9375
1.53917E+12,565,-1.5761719,-0.0078125,-0.25097656,69.25,-81,232.53125
1.53917E+12,566,-1.5224609,-0.08105469,-0.19824219,67.1875,-70.28125,227.21875
1.53917E+12,567,-1.2558594,-0.0234375,-0.32714844,66.4375,-59.21875,203.65625
1.53917E+12,568,-1.2431641,-0.08886719,-0.23144531,100.9375,-55.8125,174.53125
1.53917E+12,569,-1.1337891,-0.16699219,-0.20800781,141.34375,-32.65625,119.5
1.53917E+12,570,-1.4482422,-0.43164062,-0.30371094,14.21875,-11.84375,-27.3125
1.53917E+12,571,-1.0058594,-0.37109375,-0.35253906,-24.625,10.78125,-93.09375
1.53917E+12,572,-1.2363281,-0.2705078,-0.23242188,-53.1875,0.34375,-139.84375
1.53917E+12,573,-1.5136719,0.014648438,-0.15917969,-137.03125,61.5,-186.1875
1.53917E+12,574,-1.3867188,0.07324219,-0.18164062,-115.5,79.28125,-199.46875
1.53917E+12,575,-1.2460938,0.07519531,-0.16894531,-82.21875,82.875,-210.9375
1.53917E+12,576,-1.2021484,0.083984375,-0.21875,-63.5,81.03125,-209.71875
1.53917E+12,577,-0.89746094,0.18261719,-0.19824219,-38.40625,65.65625,-143.9375
1.53917E+12,578,-0.9199219,0.26953125,-0.27441406,-28.40625,55.15625,-88.53125
1.53917E+12,579,-0.8388672,0.3125,-0.18945312,8.46875,31.34375,-35.71875
1.53917E+12,580,-0.8613281,0.3359375,-0.20703125,20.4375,3.59375,30.5
1.53917E+12,581,-1.1425781,0.08496094,-0.119140625,88.125,-42.4375,152.28125
1.53917E+12,582,-1.3007812,0.08984375,-0.18652344,110.40625,-62.28125,184.96875
1.53917E+12,583,-1.5947266,0.05078125,-0.028320312,111.0625,-74.96875,211.21875
1.53917E+12,584,-1.6582031,-0.048828125,-0.12207031,79.34375,-69.65625,229.34375
1.53917E+12,585,-1.1542969,-0.064453125,-0.21386719,101.4375,-58.3125,188.15625
1.53917E+12,586,-1.1865234,-0.17871094,-0.14550781,126.09375,-47.4375,148.4375
1.53917E+12,587,-1.1582031,-0.12890625,-0.14355469,142.75,-36.6875,104.78125
1.53917E+12,588,-1.0302734,-0.20898438,-0.18457031,135.3125,-27.84375,81.53125
1.53917E+12,589,-1.2851562,-0.3359375,-0.25585938,79.03125,-34.25,78.84375
1.53917E+12,590,-1.4677734,-0.53808594,-0.19238281,51.75,-21.4375,62.0625
1.53917E+12,591,-1.2626953,-0.47753906,-0.29785156,31.25,-12.03125,2.96875
1.53917E+12,592,-1.4052734,-0.32617188,-0.3935547,13.78125,-12.40625,-60.125
1.53917E+12,593,-1.5703125,-0.26953125,-0.11230469,-63.625,-0.5625,-157.125
1.53917E+12,594,-1.7675781,-0.18945312,-0.05859375,-116.34375,27.21875,-174.6875
1.53917E+12,595,-1.7617188,-0.08300781,-0.07519531,-143.8125,48.15625,-188.5625
1.53917E+12,596,-1.4765625,0.041992188,-0.1484375,-150.90625,70.25,-203.5
1.53917E+12,597,-1.1855469,0.09667969,-0.18554688,-108.0625,89.9375,-226.9375
1.53917E+12,598,-1.0927734,0.1171875,-0.14550781,-85.59375,94.34375,-210.90625
1.53917E+12,599,-0.90722656,0.18554688,-0.21289062,-67.34375,92.625,-170.3125
1.53917E+12,600,-0.8095703,0.21191406,-0.17871094,-39.25,74.03125,-116.84375
1.53917E+12,601,-0.7626953,0.23242188,-0.23242188,5.65625,19.40625,0.84375
1.53917E+12,602,-1.1015625,0.21484375,-0.21679688,24.34375,-32.25,62.84375
1.53917E+12,603,-1.5664062,0.07421875,-0.123046875,98.875,-75.46875,207.1875
1.53917E+12,604,-1.5214844,0.00390625,-0.15234375,105.625,-64.78125,208.78125
1.53917E+12,605,-1.2226562,0.010742188,-0.29296875,119.625,-55.1875,195.71875
1.53917E+12,606,-1.2070312,-0.1640625,-0.15429688,165.5,-29.125,121.8125
1.53917E+12,607,-1.1142578,-0.24316406,-0.19140625,130.21875,-17.96875,118.625
1.53917E+12,608,-1.1953125,-0.2763672,-0.20117188,101.78125,-15.625,115.46875
1.53917E+12,609,-1.3974609,-0.41992188,-0.13378906,93.4375,-15.8125,99.96875
1.53917E+12,610,-1.4951172,-0.47753906,-0.25,35.375,-26.625,-7.21875
1.53917E+12,611,-1.2470703,-0.41210938,-0.2763672,-30.84375,-11.78125,-66
1.53917E+12,612,-1.1796875,-0.34375,-0.19140625,-72.46875,-5.5,-117.6875
1.53917E+12,613,-1.5556641,-0.2578125,-0.13085938,-114.15625,-2.03125,-151.875
1.53917E+12,614,-1.6611328,-0.041015625,-0.07421875,-193.9375,47.03125,-181.40625
1.53917E+12,615,-1.5527344,0.12597656,-0.13671875,-174.03125,81.84375,-202.84375
1.53917E+12,616,-1.2900391,0.09765625,-0.060546875,-117.875,92.625,-227.125
1.53917E+12,617,-1.2675781,0.06738281,-0.08691406,-97.90625,87.25,-236.46875
1.53917E+12,618,-1.1777344,0.11425781,-0.16601562,-91.875,89.59375,-217.1875
1.53917E+12,619,-1.1279297,0.28710938,-0.23242188,15,-28.15625,73.09375
1.53917E+12,620,-0.99316406,0.18261719,-0.19726562,40.5625,-51.90625,131.15625
1.53917E+12,621,-1.2001953,0.12011719,-0.31445312,57.46875,-83.34375,169.71875
1.53917E+12,622,-1.4765625,-0.038085938,-0.15527344,86.84375,-69,201.53125
1.53917E+12,623,-1.234375,-0.024414062,-0.234375,99.09375,-59.09375,185.90625
1.53917E+12,624,-1.2011719,-0.13671875,-0.18554688,107.40625,-51.46875,165.875
1.53917E+12,625,-1.1728516,-0.11230469,-0.1796875,104.0625,-40.59375,144.09375
1.53917E+12,626,-1.1289062,-0.23339844,-0.3310547,87.15625,-32.84375,126.3125
1.53917E+12,627,-1.3886719,-0.328125,-0.31640625,79.03125,-33.59375,115.65625
1.53917E+12,628,-1.5185547,-0.5205078,-0.34570312,76.53125,-17.03125,77.9375
1.53917E+12,629,-1.2636719,-0.5332031,-0.3486328,68.28125,-2.15625,9.25
1.53917E+12,630,-1.1572266,-0.44921875,-0.2685547,-9.15625,14.5625,-100.59375
1.53917E+12,631,-1.4306641,-0.35058594,-0.038085938,-50.0625,5.96875,-143.09375
1.53917E+12,632,-1.6240234,-0.29003906,0.03125,-121.71875,24.53125,-160.34375
1.53917E+12,633,-1.6357422,-0.19628906,0.030273438,-169.625,40.21875,-175.6875
1.53917E+12,634,-1.4257812,0.008789063,-0.0703125,-148.625,67.71875,-216.4375
1.53917E+12,635,-1.3466797,-0.02734375,-0.030273438,-113.34375,71.40625,-233.09375
1.53917E+12,636,-1.2929688,0.059570312,-0.026367188,-112.8125,74.3125,-228.96875
1.53917E+12,637,-1.0810547,0.13964844,-0.119140625,-98.78125,75,-194.46875
1.53917E+12,638,-0.9951172,0.38964844,-0.119140625,-30.59375,57.25,-92.84375
1.53917E+12,639,-0.7236328,0.3779297,-0.09375,23.3125,28.4375,-39.8125
1.53917E+12,640,-0.89453125,0.35546875,-0.29296875,10.40625,-12.90625,28.375
1.53917E+12,641,-0.95996094,0.2861328,-0.22167969,35.4375,-35.34375,89.09375
1.53917E+12,642,-1.3320312,0.080078125,-0.25097656,68.15625,-84.5,164.15625
1.53917E+12,643,-1.5087891,0.06640625,-0.17871094,57.71875,-87.1875,194.875
1.53917E+12,644,-1.5410156,0.008789063,-0.22265625,45.28125,-77.65625,209.46875
1.53917E+12,645,-1.2519531,-0.045898438,-0.22460938,124.1875,-55.8125,160.6875
1.53917E+12,646,-1.2802734,-0.12402344,-0.19140625,145.6875,-46.03125,145.90625
1.53917E+12,647,-1.1845703,-0.26464844,-0.3017578,122.90625,-31.75,143.125
1.53917E+12,648,-1.3466797,-0.32128906,-0.28222656,98.5,-27.0625,130.59375
1.53917E+12,649,-1.3193359,-0.53808594,-0.2783203,61.625,0.40625,39.40625
1.53917E+12,650,-1.2773438,-0.4951172,-0.3095703,13,-4.59375,-11.3125
1.53917E+12,651,-1.1767578,-0.5419922,-0.2890625,-40.59375,13.09375,-50.375
1.53917E+12,652,-1.1933594,-0.4267578,-0.19628906,-82.03125,15.78125,-93.59375
1.53917E+12,653,-1.7714844,-0.21289062,0.017578125,-106.59375,40.03125,-168.15625
1.53917E+12,654,-1.6777344,-0.13964844,0.046875,-117.75,52.78125,-204.59375
1.53917E+12,655,-1.453125,-0.046875,-0.021484375,-118.90625,54.25,-239.34375
1.53917E+12,656,-1.390625,-0.029296875,-0.053710938,-122.625,54.5,-257.71875
1.53917E+12,657,-1.2958984,0.01171875,-0.034179688,-106.8125,54.3125,-235.90625
1.53917E+12,658,-1.1357422,0.10058594,-0.14160156,-101.53125,56.6875,-190.5
1.53917E+12,659,-0.9785156,0.22363281,-0.22265625,-82.96875,49.1875,-131.84375
1.53917E+12,660,-0.91308594,0.28125,-0.23828125,-50.375,38.5,-72.59375
1.53917E+12,661,-1.0712891,0.3125,-0.27539062,1.9375,-31.03125,48.875
1.53917E+12,662,-0.9873047,0.21191406,-0.25,28.90625,-52.1875,111.375
1.53917E+12,663,-1.1308594,0.11035156,-0.31152344,49.59375,-82.09375,154.90625
1.53917E+12,664,-1.4208984,0.107421875,-0.30273438,57.71875,-83.625,185.53125
1.53917E+12,665,-1.5458984,0.06933594,-0.1875,101.4375,-64.15625,199.9375
1.53917E+12,666,-1.2470703,0.018554688,-0.2626953,120.96875,-53.1875,190.78125
1.53917E+12,667,-1.2685547,-0.03125,-0.28125,122.59375,-48.28125,184.25
1.53917E+12,668,-1.3027344,-0.049804688,-0.10546875,145.4375,-37.90625,175.28125
1.53917E+12,669,-1.2792969,-0.328125,-0.23339844,138.59375,-15.46875,157.875
1.53917E+12,670,-1.4462891,-0.38476562,-0.22265625,108.8125,-16.9375,134.3125
1.53917E+12,671,-1.5253906,-0.5722656,-0.14746094,93.625,-5.6875,83
1.53917E+12,672,-1.2275391,-0.5419922,-0.24707031,70.96875,-1.40625,20.5625
1.53917E+12,673,-1.1630859,-0.5673828,-0.234375,-24.5,-6.4375,-63.5
1.53917E+12,674,-1.2832031,-0.4267578,-0.10546875,-85.78125,-7.59375,-106.34375
1.53917E+12,675,-1.5166016,-0.3359375,-0.055664062,-141.96875,5.28125,-135.9375
1.53917E+12,676,-1.6748047,-0.24707031,0.043945312,-183.78125,25,-161.625
1.53917E+12,677,-1.4541016,0.044921875,0.024414062,-182.21875,69.125,-226.875
1.53917E+12,678,-1.3515625,0.07324219,-0.06933594,-141.25,73.15625,-247.625
1.53917E+12,679,-1.3300781,0.07421875,-0.080078125,-97,70.1875,-249.46875
1.53917E+12,680,-1.2548828,0.053710938,-0.10839844,-71,67.4375,-226.40625
1.53917E+12,681,-1.0898438,0.22070312,-0.20605469,-51.40625,51.0625,-109.5625
1.53917E+12,682,-0.88378906,0.34179688,-0.12988281,-10.28125,40.34375,-53.1875
1.53917E+12,683,-0.78125,0.27441406,-0.25390625,-4.59375,1.9375,4.0625
1.53917E+12,684,-0.9921875,0.31054688,-0.23925781,1.03125,-25.34375,67.375
1.53917E+12,685,-1.2753906,0.14453125,-0.32226562,46.875,-83.21875,163.75
1.53917E+12,686,-1.4169922,0.10058594,-0.19335938,59.96875,-81.6875,190.78125
1.53917E+12,687,-1.4785156,0.07421875,-0.16210938,62.96875,-78.25,203.90625
1.53917E+12,688,-1.3857422,0.01953125,-0.24316406,59.0625,-68.1875,205.125
1.53917E+12,689,-1.2734375,-0.07714844,-0.18945312,87.3125,-59.03125,184.625
1.53917E+12,690,-1.3291016,-0.05859375,-0.16796875,109.1875,-52.75,162.9375
1.53917E+12,691,-1.2119141,-0.15039062,-0.22851562,126.21875,-43.53125,141.65625
1.53917E+12,692,-1.109375,-0.2685547,-0.3720703,115.46875,-39.125,125.90625
1.53917E+12,693,-1.5126953,-0.59765625,-0.23632812,92.9375,-16.5625,60.09375
1.53917E+12,694,-1.2207031,-0.5048828,-0.30273438,50.59375,-0.375,0.78125
1.53917E+12,695,-1.4355469,-0.42871094,-0.23828125,18.21875,-11.625,-51.84375
1.53917E+12,696,-1.0722656,-0.42773438,-0.29003906,-32.71875,7.625,-86.375
1.53917E+12,697,-1.6875,-0.24316406,-0.06347656,-142.84375,23.59375,-133.9375
1.53917E+12,698,-1.7333984,-0.13378906,0.025390625,-163.28125,51.875,-157.3125
1.53917E+12,699,-1.6123047,-0.009765625,-0.004882813,-160,67.125,-190.5
1.53917E+12,700,-1.4951172,0.07421875,-0.10058594,-140.09375,78.40625,-218.65625
1.53917E+12,701,-1.3359375,0.057617188,-0.046875,-81.4375,83.84375,-241.03125
1.53917E+12,702,-1.1445312,0.18652344,-0.06640625,-66.78125,81.90625,-216.09375
1.53917E+12,703,-1.0039062,0.16503906,-0.16503906,-44.15625,68.90625,-168.84375
1.53917E+12,704,-0.86621094,0.18652344,-0.12109375,-46.28125,64.9375,-105.46875
1.53917E+12,705,-0.74121094,0.328125,-0.2685547,-21.625,2.4375,8.28125
1.53917E+12,706,-1.0439453,0.3017578,-0.2607422,14.15625,-37.3125,58.625
1.53917E+12,707,-1.5976562,0.09863281,-0.19824219,73.53125,-93.71875,211.03125
1.53917E+12,708,-1.2695312,-0.14746094,-0.21484375,129.875,-48.46875,161.4375
1.53917E+12,709,-1.1679688,-0.23632812,-0.24707031,113.5,-31.9375,147.25
1.53917E+12,710,-1.3125,-0.32226562,-0.234375,92.5625,-29,134.4375
1.53917E+12,711,-1.5263672,-0.46875,-0.21875,72.90625,-19.65625,106
1.53917E+12,712,-1.1123047,-0.31640625,-0.2548828,54.125,-9,-8.5625
1.53917E+12,713,-1.2675781,-0.4794922,-0.30273438,20.1875,-8.5625,-53.59375
1.53917E+12,714,-1.0869141,-0.37597656,-0.26367188,-35.15625,1.3125,-92.46875
1.53917E+12,715,-1.4824219,-0.2265625,-0.13378906,-83.21875,3.34375,-126.59375
1.53917E+12,716,-1.671875,-0.08496094,-0.057617188,-158.59375,49.3125,-162.78125
1.53917E+12,717,-1.4707031,0.038085938,-0.1171875,-152.53125,72.5625,-185.375
1.53917E+12,718,-1.3066406,0.057617188,-0.115234375,-124.78125,81.09375,-209.0625
1.53917E+12,719,-1.2822266,0.08203125,-0.123046875,-100.59375,81.90625,-226.34375
1.53917E+12,720,-1.0927734,0.23339844,-0.17578125,-81.5625,82.8125,-190.5625
1.53917E+12,721,-0.97558594,0.25683594,-0.21972656,-63.625,76.15625,-136.375
1.53917E+12,722,-0.875,0.3017578,-0.19238281,-8.3125,55.59375,-80.8125
1.53917E+12,723,-0.7705078,0.36132812,-0.203125,22.4375,25.1875,-24.84375
1.53917E+12,724,-1.1103516,0.203125,-0.22460938,62.1875,-35.90625,101.375
1.53917E+12,725,-1.0556641,0.09277344,-0.28710938,82.125,-56.34375,140.0625
1.53917E+12,726,-1.3720703,0.08300781,-0.20996094,88.90625,-68.0625,158.1875
1.53917E+12,727,-1.5351562,0.09277344,-0.10449219,78.96875,-59.15625,167.28125
1.53917E+12,728,-1.1689453,9.77E-04,-0.23242188,86.09375,-48.78125,168.4375
1.53917E+12,729,-1.1728516,-0.045898438,-0.2861328,107.78125,-52.09375,169.53125
1.53917E+12,730,-1.2333984,-0.06640625,-0.08984375,143.71875,-44.15625,163.375
1.53917E+12,731,-1.2529297,-0.115234375,-0.08300781,177.71875,-35.78125,154.78125
1.53917E+12,732,-1.1640625,-0.26464844,-0.19921875,171.6875,-34.8125,119.4375
1.53917E+12,733,-1.5292969,-0.328125,-0.1171875,147.4375,-35.28125,98.8125
1.53917E+12,734,-1.3134766,-0.5185547,-0.0703125,122.46875,-24.84375,51.625
1.53917E+12,735,-1.4140625,-0.45507812,-0.1875,66.5,-33.9375,-6.90625
1.53917E+12,736,-1.3349609,0.041992188,-0.2890625,-106.8125,45.09375,-196.71875
1.53917E+12,737,-1.3242188,0.033203125,-0.21972656,-110.5625,57.125,-196.625
1.53917E+12,738,-0.9345703,0.3466797,-0.22851562,5.78125,43.25,-58.78125
1.53917E+12,739,-1.4501953,0.060546875,-0.1328125,121.875,-31.3125,146.59375
1.53917E+12,740,-1.40625,0.005859375,-0.14160156,108.4375,-22.21875,153.0625
1.53917E+12,741,-1.2666016,0.030273438,-0.20703125,108.4375,-10.21875,148.4375
1.53917E+12,742,-1.0087891,-0.006835938,-0.19824219,151.96875,-4.71875,135.1875
1.53917E+12,743,-1.0419922,-0.08203125,-0.09472656,193.46875,0.34375,113.9375
1.53917E+12,744,-1.1054688,-0.2705078,-0.08203125,189.75,6.8125,115.21875
1.53917E+12,745,-1.0419922,-0.39746094,0,165.75,7.90625,104.65625
1.53917E+12,746,-1.0859375,-0.4609375,-0.13574219,100.8125,-10.15625,99.65625
1.53917E+12,747,-1.2080078,-0.49609375,-0.2705078,48.03125,-29.125,57.65625
1.53917E+12,748,-1.3095703,-0.4716797,-0.29296875,41.96875,-46.21875,11.03125
1.53917E+12,749,-1.1484375,-0.5410156,-0.3203125,12.1875,-34.6875,-36.34375
1.53917E+12,750,-1.2207031,-0.41308594,-0.3095703,-58.59375,-26.1875,-82.40625
1.53917E+12,751,-1.6230469,-0.20214844,-0.16992188,-138.5,12.5625,-140.59375
1.53917E+12,752,-1.5722656,-0.057617188,-0.28320312,-157.4375,37.59375,-159.625
1.53917E+12,753,-1.3515625,0.022460938,-0.3076172,-137.84375,58.34375,-181.46875
1.53917E+12,754,-1.2265625,0.041015625,-0.25878906,-118.1875,68.78125,-197.34375
1.53917E+12,755,-1.0517578,0.09082031,-0.2548828,-64.84375,87.875,-184.71875
1.53917E+12,756,-0.8691406,0.15625,-0.26660156,-44.09375,80.84375,-152.84375
1.53917E+12,757,-0.86816406,0.09765625,-0.2578125,-16.875,60.46875,-111.03125
1.53917E+12,758,-0.8730469,0.20898438,-0.3125,-12.53125,45.9375,-56.15625
1.53917E+12,759,-1.1523438,0.24414062,-0.25,46,-16.9375,58.34375
1.53917E+12,760,-1.0341797,0.12597656,-0.28808594,74.5,-27.71875,111.75
1.53917E+12,761,-1.1171875,0.07714844,-0.25195312,100.625,-44.875,148.375
1.53917E+12,762,-1.4501953,0.07910156,-0.17480469,107.65625,-50,169.90625
1.53917E+12,763,-1.4960938,-0.036132812,-0.029296875,140.65625,-24.1875,182.71875
1.53917E+12,764,-1.1962891,-0.056640625,-0.14453125,161.46875,-14.65625,173.5
1.53917E+12,765,-1.1787109,-0.06640625,-0.11328125,180.90625,-16.125,156.40625
1.53917E+12,766,-1.1875,-0.07128906,-0.06738281,190.46875,-9.15625,143.46875
1.53917E+12,767,-1.0683594,-0.25390625,-0.020507812,190.0625,-6.125,119.4375
1.53917E+12,768,-1.0429688,-0.33691406,-0.06738281,153.375,-11,104.65625
1.53917E+12,769,-1.2402344,-0.359375,-0.10449219,105.6875,-21.9375,84.40625
1.53917E+12,770,-1.1933594,-0.3720703,-0.111328125,77.8125,-24.84375,48.4375
1.53917E+12,771,-1.1484375,-0.34179688,-0.3330078,28.375,-41.53125,-41.75
1.53917E+12,772,-1.0302734,-0.17871094,-0.3623047,30.4375,-41.34375,-96.625
1.53917E+12,773,-1.4726562,-0.17285156,-0.36914062,16.59375,-45.375,-141.5
1.53917E+12,774,-1.5234375,-0.07421875,-0.42871094,-20.21875,-23.9375,-169.5
1.53917E+12,775,-1.4453125,0.08105469,-0.5673828,-70.21875,9.1875,-187.9375
1.53917E+12,776,-1.2246094,0.05078125,-0.45117188,-74.21875,38.9375,-184.65625
1.53917E+12,777,-1.1210938,0.091796875,-0.46679688,-70.375,46.1875,-172.8125
1.53917E+12,778,-0.9824219,0.1875,-0.5439453,-63.90625,60.09375,-149.625
1.53917E+12,779,-0.97265625,0.25390625,-0.453125,-14.34375,60.15625,-76.4375
1.53917E+12,780,-0.87109375,0.23632812,-0.33789062,37.71875,60.34375,-37.5
1.53917E+12,781,-0.9160156,0.20019531,-0.33398438,59.125,48.375,4.375
1.53917E+12,782,-0.7919922,0.20117188,-0.3564453,59.75,46.96875,42.46875
1.53917E+12,783,-1.3623047,0.13574219,-0.013671875,197.25,29.15625,128.78125
1.53917E+12,784,-1.4101562,-0.072265625,0.103515625,248.8125,13.96875,163.0625
1.53917E+12,785,-1.7363281,-0.005859375,0.033203125,264.15625,11.15625,176.8125
1.53917E+12,786,-1.5332031,-0.15625,0.14453125,257.5625,11.53125,186.75
1.53917E+12,787,-1.0126953,-0.09863281,0.15136719,218.125,10.84375,140.375
1.53917E+12,788,-1.0146484,-0.21972656,0.08984375,190.40625,5.21875,131.03125
1.53917E+12,789,-0.98535156,-0.2421875,0.021484375,175.65625,1.5625,117.40625
1.53917E+12,790,-1.0048828,-0.20507812,-0.004882813,164.90625,-9.40625,102.875
1.53917E+12,791,-1.046875,-0.24902344,-0.1328125,170.75,-42.6875,73.59375
1.53917E+12,792,-1.0615234,-0.3154297,-0.20019531,176.875,-53.96875,51.125
1.53917E+12,793,-1.0244141,-0.3876953,-0.19335938,151.90625,-59.84375,28.3125
1.53917E+12,794,-1.1113281,-0.3876953,-0.21191406,88.65625,-66.65625,9.25
1.53917E+12,795,-1.140625,-0.3095703,-0.4482422,25.3125,-54.875,-43.46875
1.53917E+12,796,-1.3007812,-0.25390625,-0.5517578,38.25,-62.21875,-88.6875
1.53917E+12,797,-1.5146484,-0.3251953,-0.5126953,7.84375,-44.5625,-119.28125
1.53917E+12,798,-1.4638672,-0.20898438,-0.63964844,-54.21875,-21.4375,-137.65625
1.53917E+12,799,-1.3105469,-0.07910156,-0.5126953,-118.375,37.75,-159.3125
1.53917E+12,800,-1.2558594,-0.017578125,-0.4609375,-132.875,61.5625,-152.25
1.53917E+12,801,-1.1523438,0.080078125,-0.45117188,-102.6875,76.71875,-146.6875
1.53917E+12,802,-1.0117188,0.0859375,-0.32910156,-48.0625,79.15625,-135.40625
1.53917E+12,803,-0.8847656,0.0625,-0.31835938,-19.96875,76.40625,-113.1875
1.53917E+12,804,-0.8925781,0.11035156,-0.30273438,-5.25,69.6875,-83.15625
1.53917E+12,805,-0.8671875,0.17871094,-0.25976562,14.375,57.40625,-47.125
1.53917E+12,806,-1.0732422,0.3251953,-0.17480469,38.375,31.71875,-3.8125
1.53917E+12,807,-1.0185547,0.17382812,-0.1328125,110.75,14.15625,103.25
1.53917E+12,808,-1.1435547,0.037109375,-0.14648438,135.1875,-34,116.5
1.53917E+12,809,-1.2304688,0.16503906,-0.34179688,116.5625,-44.8125,145.625
1.53917E+12,810,-1.2724609,-0.015625,-0.16699219,123.53125,-53.59375,175.21875
1.53917E+12,811,-1.0537109,-0.1640625,-0.14941406,157.46875,-47,180.90625
1.53917E+12,812,-1.2333984,-0.103515625,-0.18359375,146.71875,-39.1875,163.125
1.53917E+12,813,-1.2236328,-0.19726562,-0.125,149.71875,-30.34375,134.09375
1.53917E+12,814,-1.1845703,-0.29296875,-0.1796875,122.375,-25.96875,106.5625
1.53917E+12,815,-1.3466797,-0.38476562,-0.35351562,62.375,-27.59375,81.46875
1.53917E+12,816,-1.4394531,-0.51464844,-0.31835938,37.9375,-17.03125,60.84375
1.53917E+12,817,-1.4990234,-0.5654297,-0.36621094,-1.71875,-7.21875,14.3125
1.53917E+12,818,-1.3046875,-0.34960938,-0.4033203,-28.15625,10.84375,-50
1.53917E+12,819,-1.3710938,-0.2734375,-0.19921875,-35.125,14.5625,-150.96875
1.53917E+12,820,-1.4921875,-0.29785156,-0.044921875,-74.1875,32.46875,-168.78125
1.53917E+12,821,-1.5966797,-0.20605469,0.014648438,-120.6875,47.65625,-172.875
1.53917E+12,822,-1.46875,-0.087890625,-0.05078125,-151.75,64.5625,-180.4375
1.53917E+12,823,-1.2490234,0.078125,-0.10644531,-131.65625,75.65625,-206.25
1.53917E+12,824,-1.0585938,0.05078125,-0.09472656,-87.46875,79.9375,-203.09375
1.53917E+12,825,-0.9560547,0.013671875,-0.064453125,-69.53125,71.9375,-181.09375
1.53917E+12,826,-0.8027344,0.07519531,-0.16601562,-6.90625,21.21875,-35.71875
1.53917E+12,827,-0.8173828,0.1328125,-0.21191406,1.03125,-20.03125,10.375
1.53917E+12,828,-0.9375,0.044921875,-0.26367188,4.5,-48.28125,70.53125
1.53917E+12,829,-0.79785156,-0.076171875,-0.41796875,-4.46875,-77.59375,121.03125
1.53917E+12,830,-1.4443359,-0.047851562,-0.23535156,4.5,-114.53125,187.1875
1.53917E+12,831,-1.4804688,-0.16308594,-0.3017578,-11.96875,-100.0625,207.1875
1.53917E+12,832,-1.3378906,-0.06933594,-0.41992188,-15.03125,-85.65625,188.78125
1.53917E+12,833,-1.2392578,-0.1015625,-0.3466797,6.40625,-84.65625,166.96875
1.53917E+12,834,-1.2421875,-0.15820312,-0.43847656,-25.46875,-55.4375,133.21875
1.53917E+12,835,-1.1201172,-0.18164062,-0.4423828,-24.96875,-38.28125,112.65625
1.53917E+12,836,-1.1123047,-0.18457031,-0.50878906,-33.71875,-25.90625,92.8125
1.53917E+12,837,-1.0664062,-0.21875,-0.5371094,-53.59375,-8.625,73.40625
1.53917E+12,838,-1.2929688,-0.30371094,-0.3935547,-69.59375,39.78125,20
1.53917E+12,839,-1.3935547,-0.2578125,-0.31054688,-64.34375,57.34375,-17.53125
1.53917E+12,840,-1.3300781,-0.21191406,-0.29589844,-25.21875,83.125,-62.625
1.53917E+12,841,-1.3417969,-0.3095703,-0.037109375,15.5,87.5,-111.21875
1.53917E+12,842,-1.5136719,-0.37304688,0.2705078,-118.0625,105.21875,-147.40625
1.53917E+12,843,-1.4726562,-0.36914062,0.3173828,-127.9375,90.8125,-164.875
1.53917E+12,844,-1.2246094,-0.16601562,0.171875,-95.28125,83.65625,-191.84375
1.53917E+12,845,-1.1064453,-0.18066406,0.18457031,-55.6875,66.40625,-204.1875
1.53917E+12,846,-1.1416016,-0.16210938,-0.05078125,-69.40625,30.25,-189.96875
1.53917E+12,847,-1.1210938,-0.07324219,-0.068359375,-48.90625,18.84375,-176.71875
1.53917E+12,848,-1.1269531,-0.051757812,0.044921875,-26.03125,5.28125,-143.4375
1.53917E+12,849,-1.1162109,0.020507812,-0.028320312,-61,-4.90625,-88.75
1.53917E+12,850,-0.9794922,0.08203125,-0.24609375,-37.5,-29.25,21.40625
1.53917E+12,851,-0.82714844,0.046875,-0.42773438,-23.9375,-48.40625,70.90625
1.53917E+12,852,-0.79296875,0.03125,-0.3857422,-6.84375,-79.4375,102.71875
1.53917E+12,853,-1.0009766,0.005859375,-0.3359375,-18.4375,-98.15625,139.5
1.53917E+12,854,-1.3115234,-0.014648438,-0.39453125,-50.25,-106.28125,189.75
1.53917E+12,855,-1.3193359,-0.009765625,-0.328125,-43.78125,-100.84375,186.25
1.53917E+12,856,-1.3046875,-0.01171875,-0.34375,-37.84375,-95.65625,174.59375
1.53917E+12,857,-1.2509766,-0.004882813,-0.35546875,-26.625,-89.8125,156.125
1.53917E+12,858,-1.1054688,-0.08886719,-0.43359375,13.09375,-75.53125,107.71875
1.53917E+12,859,-1.3496094,-0.2763672,-0.42773438,-14.59375,43.75,-39.875
1.53917E+12,860,-1.1113281,-0.17578125,-0.2890625,-0.0625,64.25,-91.75
1.53917E+12,861,-1.3388672,-0.22558594,-0.18554688,12.25,68.84375,-126.125
1.53917E+12,862,-1.4472656,-0.043945312,-0.036132812,-30.96875,78.21875,-185.375
1.53917E+12,863,-1.2900391,-0.060546875,0.010742188,-20.59375,72.96875,-213.15625
1.53917E+12,864,-1.2050781,-0.0625,-0.040039062,-30.78125,58.09375,-232.1875
1.53917E+12,865,-1.1914062,-0.018554688,-0.068359375,-60.625,54.5625,-220
1.53917E+12,866,-1.0947266,-0.024414062,-0.11425781,-67.40625,57.28125,-188.96875
1.53917E+12,867,-1.0058594,0.030273438,-0.07910156,-59.90625,50.40625,-146
1.53917E+12,868,-0.9746094,0.09472656,-0.12109375,-52.9375,34.15625,-92.0625
1.53917E+12,869,-0.8388672,0.12109375,-0.23242188,-41.03125,14.875,-39.3125
1.53917E+12,870,-0.80566406,0.059570312,-0.35546875,15.65625,-60.25,116.875
1.53917E+12,871,-1.0166016,0.04296875,-0.31152344,34.59375,-88.46875,144.9375
1.53917E+12,872,-1.3330078,0.08496094,-0.3125,15.5625,-99.125,182.78125
1.53917E+12,873,-1.546875,0.0625,-0.26660156,11.21875,-94.5,205.5625
1.53917E+12,874,-1.2216797,0,-0.27148438,46.90625,-82.40625,176.875
1.53917E+12,875,-1.2666016,-0.024414062,-0.31933594,46.1875,-77.78125,159.34375
1.53917E+12,876,-1.2128906,-0.064453125,-0.2734375,74.5,-71.25,138.21875
1.53917E+12,877,-1.1162109,-0.15332031,-0.34570312,87.21875,-63.0625,124.125
1.53917E+12,878,-1.4414062,-0.41015625,-0.38964844,58.21875,-43.15625,97.75
1.53917E+12,879,-1.4335938,-0.49023438,-0.45898438,10.65625,-14.65625,62.59375
1.53917E+12,880,-1.2255859,-0.3203125,-0.38964844,-5.6875,2.5,6.5625
1.53917E+12,881,-1.4072266,-0.35351562,-0.35253906,-22.96875,18.28125,-44.875
1.53917E+12,882,-1.2792969,-0.19433594,-0.20507812,-26.625,44.90625,-132.71875
1.53917E+12,883,-1.5078125,-0.17578125,-0.111328125,-45.71875,56.4375,-151.625
1.53917E+12,884,-1.6728516,-0.14550781,-0.064453125,-88.8125,68.40625,-160.15625
1.53917E+12,885,-1.5771484,-0.034179688,-0.083984375,-109.375,87.4375,-171.21875
1.53917E+12,886,-1.2705078,0.045898438,-0.07128906,-82.90625,96.90625,-201.84375
1.53917E+12,887,-1.1923828,0.07421875,-0.10253906,-70.21875,93.0625,-203.3125
1.53917E+12,888,-1.0830078,0.03515625,-0.13769531,-47.9375,89.9375,-189.78125
1.53917E+12,889,-0.9013672,0.18554688,-0.16699219,-28.46875,77.5,-157.125
1.53917E+12,890,-0.85546875,0.20410156,-0.18457031,2.0625,30.6875,-43.28125
1.53917E+12,891,-0.71777344,0.17871094,-0.24902344,-6.25,-0.0625,22.25
1.53917E+12,892,-1.0771484,0.15332031,-0.24804688,-13.375,-40.46875,87.5
1.53917E+12,893,-1.0341797,0.10644531,-0.31347656,4.5,-63.5,133.65625
1.53917E+12,894,-1.1884766,0.09082031,-0.25683594,59.4375,-108.15625,179.71875
1.53917E+12,895,-1.5419922,0.060546875,-0.23925781,49.59375,-109.375,206.03125
1.53917E+12,896,-1.6416016,-0.036132812,-0.20507812,55.46875,-88.5625,206.34375
1.53917E+12,897,-1.3349609,-0.020507812,-0.28710938,83.90625,-71,174
1.53917E+12,898,-1.1962891,-0.064453125,-0.26171875,119.375,-65.3125,135.3125
1.53917E+12,899,-1.1972656,-0.07910156,-0.21679688,127.5,-57.8125,101.5
1.53917E+12,900,-1.1669922,-0.19238281,-0.23535156,120.90625,-46.15625,88.71875
1.53917E+12,901,-1.0078125,-0.29492188,-0.32128906,86.84375,-32.5,92.75
1.53917E+12,902,-1.375,-0.4296875,-0.27929688,28.0625,-21.8125,72.5625
1.53917E+12,903,-1.2949219,-0.45214844,-0.35058594,3.15625,-4.84375,32.03125
1.53917E+12,904,-1.3037109,-0.3701172,-0.38183594,-7.34375,-6.65625,-24.1875
1.53917E+12,905,-1.2421875,-0.39648438,-0.40234375,-34.5625,17,-72.03125
1.53917E+12,906,-1.5566406,-0.22949219,-0.1171875,-110.84375,51.75,-136.84375
1.53917E+12,907,-1.6806641,-0.12792969,-0.08496094,-141.5625,77.4375,-147.34375
1.53917E+12,908,-1.5947266,-0.004882813,-0.11035156,-141.1875,98.9375,-163.84375
1.53917E+12,909,-1.3925781,0.059570312,-0.13476562,-114.75,109.46875,-185.625
1.53917E+12,910,-1.2421875,0.057617188,-0.08203125,-54.9375,100.25,-208.4375
1.53917E+12,911,-1.15625,0.0234375,-0.11816406,-51.84375,95.3125,-189.03125
1.53917E+12,912,-0.9316406,0.08984375,-0.140625,-46.84375,88.53125,-155.78125
1.53917E+12,913,-0.85839844,0.1484375,-0.19140625,-30.71875,69,-114.59375
1.53917E+12,914,-0.64453125,0.09667969,-0.28027344,0.40625,9.5625,-17.84375
1.53917E+12,915,-0.9794922,0.15625,-0.3173828,-11.96875,-43.65625,50.03125
1.53917E+12,916,-0.96484375,0.08300781,-0.35253906,0.84375,-64.21875,111.125
1.53917E+12,917,-0.9316406,0.10058594,-0.3544922,34.71875,-94.5625,145
1.53917E+12,918,-1.2402344,0.08496094,-0.31054688,40.375,-108.09375,170.625
1.53917E+12,919,-1.3955078,0.029296875,-0.30371094,35.6875,-100.46875,193.40625
1.53917E+12,920,-1.4384766,-0.016601562,-0.2783203,41.5,-91.9375,190.46875
1.53917E+12,921,-1.2275391,0.018554688,-0.26464844,74.625,-81,164.0625
1.53917E+12,922,-1.1640625,-0.13378906,-0.24609375,123.8125,-56.59375,108.1875
1.53917E+12,923,-1.0878906,-0.20410156,-0.29882812,104.53125,-47.75,112.21875
1.53917E+12,924,-1.2197266,-0.27539062,-0.31152344,80.125,-44.75,116.5625
1.53917E+12,925,-1.4912109,-0.45117188,-0.3486328,49.84375,-35.21875,104.46875
1.53917E+12,926,-1.4990234,-0.37597656,-0.2939453,4.1875,-5.6875,-9.84375
1.53917E+12,927,-1.1835938,-0.35742188,-0.3798828,-26.625,26.28125,-62.40625
1.53917E+12,928,-1.5302734,-0.0625,-0.09863281,-109.875,74.5,-168.21875
1.53917E+12,929,-1.3583984,0.016601562,-0.12402344,-109.21875,83.3125,-186.78125
1.53917E+12,930,-1.2695312,0.028320312,-0.091796875,-90.09375,85.25,-202.84375
1.53917E+12,931,-1.0517578,0.06640625,-0.1484375,-74.53125,81.21875,-166.65625
1.53917E+12,932,-0.9394531,0.16308594,-0.15429688,-56.59375,69.4375,-125.9375
1.53917E+12,933,-0.91015625,0.18847656,-0.19140625,-35.34375,49.375,-76.5
1.53917E+12,934,-0.7685547,0.1953125,-0.2265625,1.6875,21.53125,-28.28125
1.53917E+12,935,-0.9160156,0.12011719,-0.34375,3.59375,-50.625,95.25
1.53917E+12,936,-0.8798828,0.08105469,-0.34179688,26.84375,-80.46875,127.84375
1.53917E+12,937,-1.1523438,0.08984375,-0.27734375,39.71875,-102.0625,155.125
1.53917E+12,938,-1.40625,0.10546875,-0.21875,40.4375,-107.25,185.65625
1.53917E+12,939,-1.265625,0.026367188,-0.25585938,69.25,-85.15625,184.8125
1.53917E+12,940,-1.2451172,-0.041992188,-0.2607422,99.03125,-85.65625,161.375
1.53917E+12,941,-1.2177734,-0.09472656,-0.22851562,108.3125,-73.75,136.71875
1.53917E+12,942,-1.21875,-0.12597656,-0.2421875,113.8125,-63.125,116.0625
1.53917E+12,943,-1.2460938,-0.22753906,-0.2998047,85.125,-48.78125,105.625
1.53917E+12,944,-1.4101562,-0.390625,-0.33203125,61.9375,-37.84375,95.25
1.53917E+12,945,-1.4208984,-0.49804688,-0.3857422,32.09375,-15.75,48.875
1.53917E+12,946,-1.4296875,-0.33203125,-0.3359375,12,-8.625,-9.21875
1.53917E+12,947,-1.0732422,-0.28125,-0.32226562,-46.28125,37.75,-100.1875
1.53917E+12,948,-1.3193359,-0.21289062,-0.20019531,-58.59375,35.75,-133.125
1.53917E+12,949,-1.4755859,-0.19824219,-0.12890625,-94.9375,55.03125,-142.40625
1.53917E+12,950,-1.6689453,-0.13769531,-0.06738281,-125.4375,72.90625,-150.59375
1.53917E+12,951,-1.3701172,0.060546875,-0.057617188,-116.78125,107.46875,-190.375
1.53917E+12,952,-1.3300781,0.087890625,-0.044921875,-82.15625,108.5625,-207.28125
1.53917E+12,953,-1.2148438,0.056640625,-0.07714844,-57.15625,105.8125,-204.71875
1.53917E+12,954,-1.0166016,0.12402344,-0.14453125,-39.03125,99.78125,-186.0625
1.53917E+12,955,-0.93652344,0.11328125,-0.2109375,-34.25,58.8125,-92.1875
1.53917E+12,956,-0.7207031,0.2109375,-0.18164062,-15.53125,36,-35.59375
1.53917E+12,957,-0.87597656,0.2421875,-0.19726562,-1.40625,-18.9375,26
1.53917E+12,958,-0.9941406,0.15820312,-0.29101562,11.53125,-49.75,88.0625
1.53917E+12,959,-1.0576172,0.080078125,-0.30664062,41.5,-109.15625,152.9375
1.53917E+12,960,-1.4130859,0.12402344,-0.21679688,30.8125,-119.03125,187.78125
1.53917E+12,961,-1.6132812,0.06347656,-0.1875,34.03125,-111.65625,211.15625
1.53917E+12,962,-1.4589844,-0.016601562,-0.23828125,54.84375,-95.34375,201.15625
1.53917E+12,963,-1.2792969,-0.07519531,-0.25390625,79.40625,-82.34375,146.21875
1.53917E+12,964,-1.2519531,-0.07421875,-0.24023438,91.78125,-70.4375,116.6875
1.53917E+12,965,-1.1210938,-0.14355469,-0.26757812,102.78125,-56.65625,96.40625
1.53917E+12,966,-1.0517578,-0.21289062,-0.32714844,98.75,-51.40625,89.84375
1.53917E+12,967,-1.2158203,-0.2919922,-0.31152344,73.65625,-47,87.875
1.53917E+12,968,-1.3828125,-0.46289062,-0.3701172,18.78125,-26.4375,79.8125
1.53917E+12,969,-1.2871094,-0.47558594,-0.3720703,-21.875,-6.53125,32.15625
1.53917E+12,970,-1.5566406,-0.3330078,-0.36914062,-48.0625,9.09375,-29.25
1.53917E+12,971,-1.4863281,-0.17089844,-0.1875,-58.3125,53.9375,-154.5625
1.53917E+12,972,-1.640625,-0.08105469,-0.08203125,-86.75,81.15625,-160.59375
1.53917E+12,973,-1.5625,-0.029296875,-0.017578125,-97.84375,97.6875,-168.15625
1.53917E+12,974,-1.515625,0.080078125,-0.068359375,-96.875,106.0625,-180.6875
1.53917E+12,975,-1.2529297,0.022460938,-0.055664062,-39.875,93.5,-198
1.53917E+12,976,-1.171875,0.00390625,-0.1015625,-39.9375,85.0625,-186.40625
1.53917E+12,977,-0.9765625,0.01953125,-0.18554688,-43.21875,79.40625,-164.875
