,timestamp,accel_x,accel_y,accel_z,gyro_x,gyro_y,gyro_z,sensor_type,activity_type,activity_code,subject_id,notes
0,1633611421412,0.06738281,-0.7197876,-0.2444458,40.921875,38.1875,12.84375,Respeck,Movement,9,s1714206,
1,1633611421493,-0.096191406,-0.63165283,-0.25079346,46.15625,30.03125,13.109375,Respeck,Movement,9,s1714206,
2,1633611421497,0.19506836,-0.44683838,-0.12677002,46.46875,17.34375,2.71875,Respeck,Movement,9,s1714206,
3,1633611421562,-0.04736328,-0.6074829,-0.47686768,41.0,14.84375,14.390625,Respeck,Movement,9,s1714206,
4,1633611421577,0.22827148,-0.673645,-0.36920166,45.25,-13.203125,5.5625,Respeck,Movement,9,s1714206,
5,1633611421609,0.14282227,-0.7732544,-0.41436768,39.171875,-3.15625,7.71875,Respeck,Movement,9,s1714206,
6,1633611421682,-0.19995117,-0.7666626,-0.522522,21.3125,-1.453125,14.34375,Respeck,Movement,9,s1714206,
7,1633611421688,0.25170898,-0.71881104,-0.6338501,14.3125,-6.328125,-0.625,Respeck,Movement,9,s1714206,
8,1633611421759,0.26782227,-1.013977,-0.71343994,13.65625,-9.703125,5.828125,Respeck,Movement,9,s1714206,
9,1633611421773,0.20703125,-1.0061646,-0.8880005,31.25,19.46875,-13.859375,Respeck,Movement,9,s1714206,
10,1633611421805,-0.0053710938,-1.2957153,-1.055481,-6.75,-0.375,-0.46875,Respeck,Movement,9,s1714206,
11,1633611421878,0.27563477,-1.2600708,-1.3093872,15.78125,-9.734375,5.796875,Respeck,Movement,9,s1714206,
12,1633611421883,0.52905273,-1.5388794,-1.3574829,-26.015625,2.140625,-0.796875,Respeck,Movement,9,s1714206,
13,1633611421957,0.09350586,-1.2510376,-0.8237915,-56.953125,21.046875,-4.4375,Respeck,Movement,9,s1714206,
14,1633611421968,0.14160156,-1.2664185,-0.9258423,12.0,-18.421875,3.1875,Respeck,Movement,9,s1714206,
15,1633611421998,0.35083008,-1.3103638,-0.84381104,-36.578125,3.125,-2.671875,Respeck,Movement,9,s1714206,
16,1633611422072,0.055908203,-1.0457153,-0.6646118,-45.3125,1.578125,-1.578125,Respeck,Movement,9,s1714206,
17,1633611422075,0.14086914,-0.93707275,-0.5029907,-39.890625,-6.625,-3.265625,Respeck,Movement,9,s1714206,
18,1633611422148,0.103027344,-0.7295532,-0.1560669,-32.28125,2.609375,-2.328125,Respeck,Movement,9,s1714206,
19,1633611422161,-0.083740234,-0.36431885,-0.13946533,-34.765625,7.015625,3.5625,Respeck,Movement,9,s1714206,
20,1633611422192,-0.072753906,-0.11553955,-0.039611816,-21.671875,2.78125,3.390625,Respeck,Movement,9,s1714206,
21,1633611422268,-0.061767578,-0.06036377,-0.077941895,-16.46875,3.421875,2.078125,Respeck,Movement,9,s1714206,
22,1633611422282,0.07519531,-0.12335205,-0.19268799,-11.0625,-1.21875,-2.484375,Respeck,Movement,9,s1714206,
23,1633611422313,0.114990234,-0.28131104,-0.077697754,-4.5,-5.1875,-10.875,Respeck,Movement,9,s1714206,
24,1633611422389,-0.033447266,-0.43145752,-0.21295166,-9.03125,0.671875,-3.140625,Respeck,Movement,9,s1714206,
25,1633611422395,0.013671875,-0.5928345,-0.50567627,-5.09375,-7.96875,-0.734375,Respeck,Movement,9,s1714206,
26,1633611422464,0.3310547,-0.6799927,-0.33135986,3.875,-11.78125,-8.15625,Respeck,Movement,9,s1714206,
27,1633611422478,0.4086914,-1.0410767,-0.30010986,5.046875,-10.671875,0.46875,Respeck,Movement,9,s1714206,
28,1633611422508,0.10180664,-1.0947876,-0.32867432,-21.984375,-5.3125,-1.4375,Respeck,Movement,9,s1714206,
29,1633611422584,-0.025634766,-0.7893677,-0.28863525,-13.765625,-0.953125,-0.59375,Respeck,Movement,9,s1714206,
30,1633611422589,0.1875,-0.99224854,-0.25787354,-17.640625,2.234375,-1.296875,Respeck,Movement,9,s1714206,
31,1633611422659,0.13623047,-1.2732544,-0.21002197,-27.796875,5.359375,-18.8125,Respeck,Movement,9,s1714206,
32,1633611422675,0.07006836,-1.9234009,-0.39190674,-28.59375,-7.6875,-24.546875,Respeck,Movement,9,s1714206,
33,1633611422703,0.3330078,-2.0,-0.3106079,-10.703125,-1.296875,-21.21875,Respeck,Movement,9,s1714206,
34,1633611422779,-0.07324219,-1.779602,-0.22979736,-38.140625,5.53125,-1.828125,Respeck,Movement,9,s1714206,
35,1633611422785,-0.14575195,-0.80181885,0.21844482,-5.984375,8.0625,14.828125,Respeck,Movement,9,s1714206,
36,1633611422853,-0.34033203,-0.4463501,-0.034484863,-36.390625,2.125,13.703125,Respeck,Movement,9,s1714206,
37,1633611422868,0.056640625,-0.22198486,-0.12359619,-18.046875,-4.3125,-2.953125,Respeck,Movement,9,s1714206,
38,1633611422897,0.04248047,-0.81573486,0.028015137,-10.46875,-23.078125,-11.015625,Respeck,Movement,9,s1714206,
39,1633611422973,-0.028320312,-1.0776978,0.101989746,-13.453125,-15.265625,-11.484375,Respeck,Movement,9,s1714206,
40,1633611422981,-0.013183594,-1.0591431,0.17523193,-3.359375,-12.875,-2.234375,Respeck,Movement,9,s1714206,
41,1633611423048,-0.16992188,-1.1311646,0.19769287,7.734375,-3.671875,-6.34375,Respeck,Movement,9,s1714206,
42,1633611423062,-0.24414062,-1.1079712,0.2748413,36.109375,2.359375,1.875,Respeck,Movement,9,s1714206,
43,1633611423093,-0.08300781,-0.8543091,0.08880615,28.9375,8.15625,0.734375,Respeck,Movement,9,s1714206,
44,1633611423169,0.05102539,-0.7883911,0.07952881,34.578125,1.828125,-2.578125,Respeck,Movement,9,s1714206,
45,1633611423177,0.044189453,-0.9302368,0.0038452148,41.234375,-2.703125,-2.53125,Respeck,Movement,9,s1714206,
46,1633611423244,-0.024414062,-0.94732666,-0.035461426,47.984375,-9.96875,-4.234375,Respeck,Movement,9,s1714206,
47,1633611423257,-0.09472656,-1.038147,-0.006164551,40.640625,-5.5625,1.375,Respeck,Movement,9,s1714206,
48,1633611423289,-0.19213867,-1.1365356,-0.12237549,20.71875,5.078125,8.40625,Respeck,Movement,9,s1714206,
49,1633611423365,-0.24487305,-1.2717896,-0.25372314,21.609375,-2.890625,12.484375,Respeck,Movement,9,s1714206,
50,1633611423370,0.12792969,-1.1294556,-0.66363525,25.40625,-13.328125,9.3125,Respeck,Movement,9,s1714206,
51,1633611423439,0.3071289,-1.1253052,-0.66973877,73.359375,-21.578125,2.84375,Respeck,Movement,9,s1714206,
52,1633611423452,0.08886719,-1.6567993,-0.9048462,26.640625,-10.0,-16.625,Respeck,Movement,9,s1714206,
53,1633611423481,0.119628906,-1.321106,-0.7319946,-12.40625,-11.046875,9.234375,Respeck,Movement,9,s1714206,
54,1633611423557,0.15527344,-1.0393677,-0.6655884,-12.125,-16.859375,4.84375,Respeck,Movement,9,s1714206,
55,1633611423562,0.15429688,-0.9717407,-0.5274048,-4.234375,-14.15625,-2.890625,Respeck,Movement,9,s1714206,
56,1633611423635,0.028564453,-1.0083618,-0.5064087,-18.84375,-13.828125,0.875,Respeck,Movement,9,s1714206,
57,1633611423648,-0.038085938,-0.6589966,-0.23614502,-29.03125,-4.890625,9.1875,Respeck,Movement,9,s1714206,
58,1633611423678,-0.010986328,-0.4812622,-0.32159424,-0.703125,-2.828125,9.140625,Respeck,Movement,9,s1714206,
59,1633611423754,0.015136719,-0.37579346,-0.23858643,-0.96875,-0.640625,2.75,Respeck,Movement,9,s1714206,
60,1633611423761,0.056640625,-0.55255127,-0.19610596,21.34375,5.765625,2.390625,Respeck,Movement,9,s1714206,
61,1633611423830,-0.018310547,-0.53253174,-0.2571411,17.796875,8.796875,7.015625,Respeck,Movement,9,s1714206,
62,1633611423844,0.123291016,-0.39996338,-0.27471924,31.078125,10.8125,6.84375,Respeck,Movement,9,s1714206,
63,1633611423873,0.18066406,-0.34918213,-0.21929932,42.546875,12.484375,6.109375,Respeck,Movement,9,s1714206,
64,1633611423949,0.13671875,-0.44610596,-0.302063,33.0,13.875,12.796875,Respeck,Movement,9,s1714206,
65,1633611423955,0.036132812,-0.3164673,-0.35357666,30.640625,11.5625,15.59375,Respeck,Movement,9,s1714206,
66,1633611424022,0.052246094,-0.2876587,-0.42633057,37.140625,6.15625,12.21875,Respeck,Movement,9,s1714206,
67,1633611424037,0.1538086,-0.5198364,-0.47955322,36.6875,3.9375,7.921875,Respeck,Movement,9,s1714206,
68,1633611424069,0.2529297,-0.6543579,-0.38409424,27.4375,2.203125,4.046875,Respeck,Movement,9,s1714206,
69,1633611424143,0.037109375,-0.6838989,-0.59820557,21.78125,6.703125,8.90625,Respeck,Movement,9,s1714206,
70,1633611424158,0.11303711,-0.6511841,-0.6946411,17.78125,-1.484375,11.71875,Respeck,Movement,9,s1714206,
71,1633611424186,0.27124023,-0.6782837,-0.8130493,30.859375,-14.109375,12.6875,Respeck,Movement,9,s1714206,
72,1633611424264,0.4074707,-0.77349854,-0.8892212,31.125,-13.828125,4.171875,Respeck,Movement,9,s1714206,
73,1633611424270,0.1977539,-0.9365845,-0.9204712,-5.109375,0.359375,11.28125,Respeck,Movement,9,s1714206,
74,1633611424337,0.076660156,-0.8062134,-0.95391846,-21.015625,2.796875,14.5,Respeck,Movement,9,s1714206,
75,1633611424353,0.21459961,-0.8335571,-1.0979614,7.78125,2.75,-1.359375,Respeck,Movement,9,s1714206,
76,1633611424382,0.44750977,-1.1057739,-1.4365845,31.3125,-3.46875,1.234375,Respeck,Movement,9,s1714206,
77,1633611424459,0.4404297,-1.175354,-1.5696411,-9.03125,11.53125,-3.484375,Respeck,Movement,9,s1714206,
78,1633611424464,0.27514648,-0.8604126,-1.1785278,-32.625,16.859375,-9.484375,Respeck,Movement,9,s1714206,
79,1633611424534,0.22875977,-0.7163696,-0.97491455,-0.265625,-3.75,-10.578125,Respeck,Movement,9,s1714206,
80,1633611424546,0.25927734,-0.8543091,-0.95147705,-3.6875,-1.796875,-15.59375,Respeck,Movement,9,s1714206,
81,1633611424579,0.115478516,-0.8648071,-0.8831177,-17.515625,-4.40625,-12.890625,Respeck,Movement,9,s1714206,
82,1633611424654,0.076416016,-0.72662354,-0.6819458,-28.828125,-1.015625,-10.765625,Respeck,Movement,9,s1714206,
83,1633611424658,-0.09326172,-0.68585205,-0.5022583,-25.40625,7.4375,-12.78125,Respeck,Movement,9,s1714206,
84,1633611424730,0.18969727,-0.7564087,-0.6265259,-12.515625,-1.46875,-6.171875,Respeck,Movement,9,s1714206,
85,1633611424743,0.22436523,-0.70196533,-0.58966064,-30.875,0.96875,-7.484375,Respeck,Movement,9,s1714206,
86,1633611424774,0.24414062,-0.68585205,-0.5076294,-42.359375,-9.796875,-12.390625,Respeck,Movement,9,s1714206,
87,1633611424848,0.08300781,-0.673645,-0.39508057,-37.21875,-13.078125,-15.25,Respeck,Movement,9,s1714206,
88,1633611424855,0.09326172,-0.7319946,-0.32867432,-44.5,-13.109375,-11.125,Respeck,Movement,9,s1714206,
89,1633611424924,0.004638672,-0.66070557,-0.3369751,-44.640625,-10.28125,-7.828125,Respeck,Movement,9,s1714206,
90,1633611424938,0.025146484,-0.60821533,-0.317688,-53.109375,-9.03125,-7.890625,Respeck,Movement,9,s1714206,
91,1633611424968,0.06201172,-0.47027588,-0.24371338,-54.609375,-10.75,-4.0,Respeck,Movement,9,s1714206,
92,1633611425044,0.049072266,-0.33770752,-0.10235596,-25.859375,-5.515625,-4.5,Respeck,Movement,9,s1714206,
93,1633611425052,0.0041503906,-0.25494385,-0.13140869,-27.671875,-6.171875,0.203125,Respeck,Movement,9,s1714206,
94,1633611425118,-0.047851562,-0.070617676,-0.3555298,-6.171875,-7.65625,10.40625,Respeck,Movement,9,s1714206,
95,1633611425133,0.1496582,-0.24102783,-0.190979,25.53125,-19.03125,-5.578125,Respeck,Movement,9,s1714206,
96,1633611425163,0.0146484375,-0.411438,0.01776123,20.953125,6.34375,-2.1875,Respeck,Movement,9,s1714206,
97,1633611425240,-0.3046875,-0.6375122,-0.29864502,31.015625,18.671875,7.359375,Respeck,Movement,9,s1714206,
98,1633611425246,0.22509766,-0.3291626,-0.22857666,34.03125,11.28125,7.828125,Respeck,Movement,9,s1714206,
99,1633611425313,0.29101562,-0.5730591,-0.33746338,65.234375,2.6875,20.34375,Respeck,Movement,9,s1714206,
100,1633611425327,0.037109375,-0.84552,-0.47076416,87.65625,12.796875,0.171875,Respeck,Movement,9,s1714206,
101,1633611425358,0.04345703,-1.1038208,-0.7974243,54.578125,2.296875,10.234375,Respeck,Movement,9,s1714206,
102,1633611425435,0.15112305,-1.0562134,-0.7984009,38.84375,4.15625,8.640625,Respeck,Movement,9,s1714206,
103,1633611425443,0.49047852,-1.0698853,-0.87506104,36.359375,-9.078125,19.8125,Respeck,Movement,9,s1714206,
104,1633611425509,0.3557129,-1.109436,-0.8858032,31.125,-4.78125,7.875,Respeck,Movement,9,s1714206,
105,1633611425523,0.27490234,-1.317688,-1.3943481,19.1875,-23.28125,1.765625,Respeck,Movement,9,s1714206,
106,1633611425552,0.40429688,-1.2442017,-1.3250122,-1.234375,-12.9375,-5.59375,Respeck,Movement,9,s1714206,
107,1633611425628,0.037597656,-1.2901001,-1.4902954,7.078125,1.546875,-30.171875,Respeck,Movement,9,s1714206,
108,1633611425634,0.26464844,-1.3174438,-1.2254028,-15.796875,0.359375,-4.28125,Respeck,Movement,9,s1714206,
109,1633611425704,0.30200195,-1.0127563,-1.1592407,-22.953125,2.9375,-15.859375,Respeck,Movement,9,s1714206,
110,1633611425718,0.39086914,-1.0403442,-0.9343872,-24.453125,2.125,-19.859375,Respeck,Movement,9,s1714206,
111,1633611425747,0.14916992,-1.145813,-0.861145,-27.75,7.765625,-16.890625,Respeck,Movement,9,s1714206,
112,1633611425825,0.17822266,-0.9890747,-0.61065674,-67.875,-5.3125,-7.140625,Respeck,Movement,9,s1714206,
113,1633611425831,0.024414062,-0.8201294,-0.40386963,-55.0625,0.78125,-10.140625,Respeck,Movement,9,s1714206,
114,1633611425900,-0.078125,-0.59161377,-0.26153564,-67.625,4.21875,-5.265625,Respeck,Movement,9,s1714206,
115,1633611425913,-0.008300781,-0.38726807,-0.14556885,-50.671875,3.265625,1.953125,Respeck,Movement,9,s1714206,
116,1633611425943,0.107421875,-0.27911377,-0.08380127,-55.609375,8.78125,-1.09375,Respeck,Movement,9,s1714206,
117,1633611426019,0.053955078,-0.24420166,-0.15948486,-47.4375,2.328125,2.15625,Respeck,Movement,9,s1714206,
118,1633611426033,0.07788086,-0.35211182,-0.24127197,-43.796875,1.9375,0.015625,Respeck,Movement,9,s1714206,
119,1633611426061,-0.056152344,-0.3250122,-0.23712158,-23.671875,0.15625,8.859375,Respeck,Movement,9,s1714206,
120,1633611426138,0.06518555,-0.31134033,-0.16973877,-6.890625,0.78125,3.9375,Respeck,Movement,9,s1714206,
121,1633611426142,0.03491211,-0.2156372,-0.12310791,15.984375,-1.0625,7.078125,Respeck,Movement,9,s1714206,
122,1633611426215,-0.00024414062,-0.2937622,-0.08526611,31.765625,-0.109375,11.296875,Respeck,Movement,9,s1714206,
123,1633611426289,0.03857422,-0.2571411,0.027038574,35.28125,6.40625,9.0625,Respeck,Movement,9,s1714206,
124,1633611426296,-0.035888672,-0.4265747,-0.19024658,45.96875,17.234375,15.640625,Respeck,Movement,9,s1714206,
125,1633611426303,0.092285156,-0.5725708,-0.20465088,54.984375,21.578125,18.25,Respeck,Movement,9,s1714206,
126,1633611426333,0.21435547,-0.59210205,-0.5215454,51.703125,21.40625,22.140625,Respeck,Movement,9,s1714206,
127,1633611426410,0.36010742,-0.9644165,-0.4439087,78.703125,14.703125,9.3125,Respeck,Movement,9,s1714206,
128,1633611426486,0.2939453,-1.2764282,-0.86065674,81.171875,12.0625,3.234375,Respeck,Movement,9,s1714206,
129,1633611426496,0.115234375,-1.1348267,-0.7527466,2.296875,3.359375,17.171875,Respeck,Movement,9,s1714206,
130,1633611426502,0.38476562,-0.88360596,-1.0105591,69.421875,1.3125,11.34375,Respeck,Movement,9,s1714206,
131,1633611426528,0.39038086,-1.177063,-1.4707642,48.265625,-0.703125,10.59375,Respeck,Movement,9,s1714206,
132,1633611426602,0.49804688,-1.2402954,-0.64971924,-45.1875,30.453125,-7.828125,Respeck,Movement,9,s1714206,
133,1633611426616,-0.75756836,-1.7820435,-1.8508911,43.703125,6.078125,-16.703125,Respeck,Movement,9,s1714206,
134,1633611426647,0.69433594,-1.0723267,-1.4028931,-40.71875,-46.515625,21.171875,Respeck,Movement,9,s1714206,
135,1633611426726,1.2624512,-1.2473755,-0.8027954,-21.765625,16.046875,9.453125,Respeck,Movement,9,s1714206,
136,1633611426734,-0.9025879,-1.2056274,-1.3069458,-60.140625,37.515625,-48.203125,Respeck,Movement,9,s1714206,
137,1633611426798,0.5834961,-1.0100708,-1.0759888,-37.15625,-53.09375,41.28125,Respeck,Movement,9,s1714206,
138,1633611426813,0.7023926,-1.0696411,-0.50567627,-69.328125,21.640625,-26.921875,Respeck,Movement,9,s1714206,
139,1633611426843,-0.2199707,-0.90167236,-0.5425415,-37.0,2.71875,-20.3125,Respeck,Movement,9,s1714206,
140,1633611426918,-0.11206055,-0.53131104,-0.2263794,-38.984375,3.1875,-11.6875,Respeck,Movement,9,s1714206,
141,1633611426923,-0.03100586,-0.4854126,-0.14215088,-39.203125,2.84375,-14.28125,Respeck,Movement,9,s1714206,
142,1633611426995,0.03564453,-0.40167236,-0.11114502,-37.484375,16.78125,-9.203125,Respeck,Movement,9,s1714206,
143,1633611427008,0.016113281,-0.20050049,-0.13531494,-32.140625,10.09375,-7.328125,Respeck,Movement,9,s1714206,
144,1633611427038,-0.029052734,-0.11553955,-0.14459229,-24.8125,10.375,-4.15625,Respeck,Movement,9,s1714206,
145,1633611427116,-0.013183594,-0.11773682,-0.12384033,-13.640625,8.90625,1.140625,Respeck,Movement,9,s1714206,
146,1633611427123,-0.022949219,-0.19073486,-0.17364502,-5.84375,4.890625,0.0625,Respeck,Movement,9,s1714206,
147,1633611427189,-0.044189453,-0.14605713,-0.16998291,13.015625,-5.234375,4.84375,Respeck,Movement,9,s1714206,
148,1633611427203,0.036132812,-0.16461182,-0.1675415,25.453125,-18.578125,2.921875,Respeck,Movement,9,s1714206,
149,1633611427232,-0.09326172,-0.46881104,-0.17022705,34.9375,-0.25,3.5625,Respeck,Movement,9,s1714206,
150,1633611427308,-0.10180664,-0.64141846,-0.25421143,35.90625,6.28125,-1.484375,Respeck,Movement,9,s1714206,
151,1633611427313,0.25,-0.6223755,-0.37628174,35.46875,-6.8125,7.640625,Respeck,Movement,9,s1714206,
152,1633611427383,0.1550293,-0.9741821,-0.54351807,40.921875,4.171875,11.6875,Respeck,Movement,9,s1714206,
153,1633611427398,-0.052734375,-1.2036743,-0.57891846,32.015625,-4.9375,14.140625,Respeck,Movement,9,s1714206,
154,1633611427426,0.32592773,-1.0615845,-0.5696411,34.25,0.96875,2.453125,Respeck,Movement,9,s1714206,
155,1633611427503,0.0063476562,-1.4783325,-0.7593384,41.265625,1.703125,14.15625,Respeck,Movement,9,s1714206,
156,1633611427511,0.21362305,-1.2202759,-1.0962524,36.171875,-3.921875,1.515625,Respeck,Movement,9,s1714206,
157,1633611427578,0.5095215,-1.28302,-1.0425415,4.21875,-10.53125,-0.546875,Respeck,Movement,9,s1714206,
158,1633611427593,0.18115234,-1.7454224,-1.3728638,27.328125,-14.71875,-15.15625,Respeck,Movement,9,s1714206,
159,1633611427622,-0.00024414062,-1.279602,-1.050354,-32.984375,-10.828125,-1.71875,Respeck,Movement,9,s1714206,
160,1633611427700,0.09033203,-1.2998657,-1.1567993,20.5,-6.765625,-16.578125,Respeck,Movement,9,s1714206,
161,1633611427706,0.25048828,-1.4273071,-0.9927368,-21.828125,-2.734375,-8.375,Respeck,Movement,9,s1714206,
162,1633611427773,0.27368164,-1.1924438,-0.88848877,-33.5,-7.3125,-13.5,Respeck,Movement,9,s1714206,
163,1633611427789,0.25878906,-1.1880493,-0.73394775,-44.265625,-8.1875,-16.390625,Respeck,Movement,9,s1714206,
164,1633611427817,-0.016601562,-1.0440063,-0.45977783,-72.375,0.96875,-11.8125,Respeck,Movement,9,s1714206,
165,1633611427895,-0.08276367,-0.7131958,-0.2354126,-73.140625,-2.34375,-3.15625,Respeck,Movement,9,s1714206,
166,1633611427904,0.018310547,-0.54571533,-0.13287354,-60.34375,0.15625,-0.71875,Respeck,Movement,9,s1714206,
167,1633611427970,0.013427734,-0.38482666,-0.009094238,-52.3125,7.578125,-1.765625,Respeck,Movement,9,s1714206,
168,1633611427983,-0.0859375,-0.15386963,-0.09698486,-49.6875,11.515625,4.640625,Respeck,Movement,9,s1714206,
169,1633611428012,-0.044189453,-0.12554932,-0.12017822,-49.515625,13.578125,-8.765625,Respeck,Movement,9,s1714206,
170,1633611428090,0.040771484,-0.24249268,-0.11651611,-27.046875,7.109375,-1.53125,Respeck,Movement,9,s1714206,
171,1633611428103,0.1472168,-0.34527588,-0.222229,-14.0,4.671875,-0.421875,Respeck,Movement,9,s1714206,
172,1633611428132,-0.08300781,-0.27349854,-0.16046143,9.734375,3.078125,-1.671875,Respeck,Movement,9,s1714206,
173,1633611428180,0.04272461,-0.14678955,0.015319824,31.75,6.859375,8.828125,Respeck,Movement,9,s1714206,
174,1633611428208,-0.052001953,-0.22491455,-0.019104004,43.75,9.921875,8.03125,Respeck,Movement,9,s1714206,
175,1633611428252,-0.0075683594,-0.4072876,-0.04107666,51.75,11.6875,6.734375,Respeck,Movement,9,s1714206,
176,1633611428343,0.11279297,-0.59210205,-0.20587158,47.484375,17.5,8.203125,Respeck,Movement,9,s1714206,
177,1633611428352,0.13232422,-0.9055786,-0.6289673,57.09375,-2.125,18.3125,Respeck,Movement,9,s1714206,
178,1633611428375,0.49389648,-1.1052856,-0.5071411,72.671875,-13.4375,-0.140625,Respeck,Movement,9,s1714206,
179,1633611428402,0.15356445,-1.4685669,-0.7217407,98.609375,-10.8125,-0.921875,Respeck,Movement,9,s1714206,
180,1633611428477,-0.33935547,-1.487854,-0.8377075,-2.15625,-11.28125,5.828125,Respeck,Movement,9,s1714206,
181,1633611428493,0.39697266,-1.2756958,-0.64971924,32.546875,-16.734375,4.78125,Respeck,Movement,9,s1714206,
182,1633611428523,0.053955078,-1.8296509,-1.1834106,24.484375,14.8125,-15.046875,Respeck,Movement,9,s1714206,
183,1633611428599,0.20361328,-1.4797974,-1.0584106,-26.515625,6.328125,-10.890625,Respeck,Movement,9,s1714206,
184,1633611428604,0.08178711,-1.5869751,-1.069397,0.5625,8.515625,-25.84375,Respeck,Movement,9,s1714206,
185,1633611428673,0.10083008,-1.3748169,-1.1101685,-19.921875,-12.8125,-9.953125,Respeck,Movement,9,s1714206,
186,1633611428687,0.3190918,-1.3528442,-0.88165283,-30.53125,-5.578125,-14.65625,Respeck,Movement,9,s1714206,
187,1633611428717,-0.053955078,-1.3101196,-0.74346924,-42.5,-6.09375,-17.75,Respeck,Movement,9,s1714206,
188,1633611428796,0.03930664,-1.1682739,-0.5459595,-55.9375,-11.171875,-6.859375,Respeck,Movement,9,s1714206,
189,1633611428803,-0.09277344,-0.9085083,-0.32281494,-64.53125,-5.546875,-4.0,Respeck,Movement,9,s1714206,
190,1633611428866,-0.05859375,-0.6643677,-0.13922119,-64.453125,-7.859375,2.546875,Respeck,Movement,9,s1714206,
191,1633611428882,-0.028808594,-0.40460205,-0.06402588,-47.546875,-3.203125,4.265625,Respeck,Movement,9,s1714206,
192,1633611428914,-0.072265625,-0.19708252,-0.06964111,-50.875,0.828125,7.25,Respeck,Movement,9,s1714206,
193,1633611428988,-0.02758789,-0.1194458,-0.097961426,-46.578125,3.296875,2.015625,Respeck,Movement,9,s1714206,
194,1633611428994,0.031982422,-0.16656494,-0.06890869,-30.921875,7.734375,-4.15625,Respeck,Movement,9,s1714206,
195,1633611429063,0.040039062,-0.29595947,-0.11920166,-2.890625,3.140625,1.0625,Respeck,Movement,9,s1714206,
196,1633611429078,0.040527344,-0.35528564,-0.1675415,12.625,2.828125,4.765625,Respeck,Movement,9,s1714206,
197,1633611429107,0.12231445,-0.17340088,-0.1987915,33.875,0.96875,11.625,Respeck,Movement,9,s1714206,
198,1633611429185,-0.01171875,-0.22174072,-0.062316895,54.4375,-1.15625,8.546875,Respeck,Movement,9,s1714206,
199,1633611429194,0.048095703,-0.48492432,0.16766357,55.734375,12.703125,-1.90625,Respeck,Movement,9,s1714206,
200,1633611429260,-0.11816406,-0.63067627,-0.11871338,43.15625,10.765625,13.1875,Respeck,Movement,9,s1714206,
201,1633611429274,-0.037597656,-0.7822876,-0.48345947,47.25,7.203125,20.8125,Respeck,Movement,9,s1714206,
202,1633611429303,0.28955078,-0.82232666,-0.6087036,70.71875,-13.640625,10.390625,Respeck,Movement,9,s1714206,
203,1633611429380,0.4404297,-1.692688,-0.93341064,178.875,-22.46875,-33.375,Respeck,Movement,9,s1714206,
204,1633611429391,-0.25439453,-1.6240845,-0.8533325,-49.875,18.40625,19.5625,Respeck,Movement,9,s1714206,
205,1633611429452,0.4326172,-1.1685181,-0.7034302,46.90625,-28.109375,23.46875,Respeck,Movement,9,s1714206,
206,1633611429467,0.45288086,-1.4502563,-1.1118774,27.671875,5.71875,-17.125,Respeck,Movement,9,s1714206,
207,1633611429497,-0.033203125,-1.8430786,-1.3704224,-0.9375,-5.40625,-5.9375,Respeck,Movement,9,s1714206,
208,1633611429575,0.2529297,-1.4085083,-1.1480103,-33.9375,-5.890625,10.328125,Respeck,Movement,9,s1714206,
209,1633611429581,0.27856445,-1.3049927,-0.9570923,-36.8125,-5.34375,-5.984375,Respeck,Movement,9,s1714206,
210,1633611429649,0.19970703,-1.4077759,-0.86920166,-28.453125,-2.0625,-6.34375,Respeck,Movement,9,s1714206,
211,1633611429664,0.114990234,-1.2026978,-0.6658325,-56.75,-0.578125,-7.71875,Respeck,Movement,9,s1714206,
212,1633611429692,0.022949219,-1.02594,-0.33843994,-64.21875,0.390625,-0.65625,Respeck,Movement,9,s1714206,
213,1633611429768,-0.038085938,-0.74542236,-0.13140869,-75.75,1.3125,-2.828125,Respeck,Movement,9,s1714206,
214,1633611429772,-0.033447266,-0.44610596,-0.06744385,-35.171875,3.578125,-3.375,Respeck,Movement,9,s1714206,
215,1633611429844,-0.03540039,-0.3477173,-0.061828613,-44.734375,7.25,-4.421875,Respeck,Movement,9,s1714206,
216,1633611429859,0.0041503906,-0.35186768,-0.04840088,-51.78125,12.703125,-11.203125,Respeck,Movement,9,s1714206,
217,1633611429887,0.029296875,-0.32989502,-0.101135254,-30.984375,3.734375,-4.453125,Respeck,Movement,9,s1714206,
218,1633611429963,-0.032714844,-0.39923096,-0.15045166,-24.84375,6.9375,-3.90625,Respeck,Movement,9,s1714206,
219,1633611429978,0.033691406,-0.37652588,-0.19195557,-11.21875,7.578125,-2.828125,Respeck,Movement,9,s1714206,
220,1633611430006,0.11401367,-0.3616333,-0.20806885,10.734375,3.65625,2.859375,Respeck,Movement,9,s1714206,
221,1633611430084,0.079589844,-0.3555298,-0.04498291,22.296875,7.03125,3.1875,Respeck,Movement,9,s1714206,
222,1633611430090,-0.020751953,-0.34527588,0.022888184,30.484375,11.8125,6.84375,Respeck,Movement,9,s1714206,
223,1633611430158,-0.088134766,-0.3723755,-0.11627197,40.375,15.171875,12.984375,Respeck,Movement,9,s1714206,
224,1633611430173,0.103027344,-0.4920044,-0.07598877,51.203125,22.578125,9.015625,Respeck,Movement,9,s1714206,
225,1633611430203,0.15625,-0.6526489,-0.3616333,60.578125,12.4375,17.15625,Respeck,Movement,9,s1714206,
226,1633611430281,0.20263672,-1.0007935,-0.43267822,67.828125,4.96875,13.375,Respeck,Movement,9,s1714206,
227,1633611430286,0.3798828,-1.3001099,-0.32305908,97.734375,8.53125,-4.875,Respeck,Movement,9,s1714206,
228,1633611430352,-0.23608398,-1.3955688,-1.0579224,57.296875,2.75,4.015625,Respeck,Movement,9,s1714206,
229,1633611430367,0.16308594,-1.2114868,-0.93878174,23.296875,-14.8125,16.5,Respeck,Movement,9,s1714206,
230,1633611430398,0.51049805,-1.4109497,-1.0261841,27.6875,7.5625,-2.59375,Respeck,Movement,9,s1714206,
231,1633611430475,0.087646484,-1.5418091,-1.0730591,17.53125,4.859375,-7.890625,Respeck,Movement,9,s1714206,
232,1633611430481,0.11987305,-1.491272,-1.3052368,7.25,-6.125,-1.296875,Respeck,Movement,9,s1714206,
233,1633611430548,0.6245117,-1.4473267,-1.1565552,-26.765625,-11.890625,3.625,Respeck,Movement,9,s1714206,
234,1633611430563,0.31860352,-1.2962036,-0.99786377,-17.46875,6.75,-19.546875,Respeck,Movement,9,s1714206,
235,1633611430592,-0.2121582,-1.133606,-0.89630127,-41.21875,-6.0,-4.234375,Respeck,Movement,9,s1714206,
236,1633611430667,0.19360352,-0.9727173,-0.5991821,-34.859375,-7.375,0.515625,Respeck,Movement,9,s1714206,
237,1633611430671,0.2163086,-0.94317627,-0.4204712,-43.890625,-1.125,-7.0,Respeck,Movement,9,s1714206,
238,1633611430742,0.0637207,-0.68756104,-0.29644775,-43.6875,-4.8125,0.203125,Respeck,Movement,9,s1714206,
239,1633611430757,0.04711914,-0.46099854,-0.19000244,-40.40625,-0.765625,-2.015625,Respeck,Movement,9,s1714206,
240,1633611430786,0.7595215,-0.7217407,-1.1052856,68.78125,94.609375,-15.75,Respeck,Movement,9,s1714206,
241,1633611430864,-0.2319336,-0.2197876,-0.27056885,-27.578125,21.4375,-13.78125,Respeck,Movement,9,s1714206,
242,1633611430871,0.021240234,-0.06719971,-0.108947754,-42.046875,12.875,-7.765625,Respeck,Movement,9,s1714206,
243,1633611430927,0.051513672,-0.31378174,-0.21661377,-26.625,-3.828125,-0.453125,Respeck,Movement,9,s1714206,
244,1633611430953,0.07885742,-0.36309814,-0.17437744,-8.65625,-12.5,6.21875,Respeck,Movement,9,s1714206,
245,1633611430983,0.15307617,-0.27349854,-0.15826416,22.078125,-1.453125,-0.453125,Respeck,Movement,9,s1714206,
246,1633611431029,0.01953125,-0.3423462,-0.15533447,9.09375,13.59375,2.984375,Respeck,Movement,9,s1714206,
247,1633611431057,-0.0012207031,-0.44610596,-0.23199463,10.90625,-7.484375,13.484375,Respeck,Movement,9,s1714206,
248,1633611431134,0.18066406,-0.5366821,-0.18878174,37.96875,3.078125,4.265625,Respeck,Movement,9,s1714206,
249,1633611431146,0.016601562,-0.9920044,-0.3106079,30.640625,11.671875,3.75,Respeck,Movement,9,s1714206,
250,1633611431179,0.10498047,-1.0872192,-0.3748169,36.59375,-0.234375,7.1875,Respeck,Movement,9,s1714206,
251,1633611431253,0.18188477,-1.1323853,-0.58062744,21.09375,8.0,7.421875,Respeck,Movement,9,s1714206,
252,1633611431259,0.18310547,-1.1497192,-0.60235596,3.6875,16.765625,1.375,Respeck,Movement,9,s1714206,
253,1633611431329,0.15722656,-1.442688,-0.77471924,-0.0625,6.4375,-2.25,Respeck,Movement,9,s1714206,
254,1633611431344,0.37548828,-1.5962524,-0.9295044,19.984375,-23.765625,-17.109375,Respeck,Movement,9,s1714206,
255,1633611431372,0.18603516,-1.7993774,-0.7949829,9.703125,-17.953125,6.4375,Respeck,Movement,9,s1714206,
256,1633611431448,0.18408203,-1.6829224,-0.92755127,-13.875,-1.3125,-2.984375,Respeck,Movement,9,s1714206,
257,1633611431455,0.24414062,-1.3574829,-0.74713135,-7.71875,-16.953125,-17.53125,Respeck,Movement,9,s1714206,
258,1633611431523,0.2697754,-1.3196411,-0.6773071,22.40625,-0.765625,-7.5,Respeck,Movement,9,s1714206,
259,1633611431538,0.11035156,-1.4295044,-0.63604736,5.78125,3.65625,-21.6875,Respeck,Movement,9,s1714206,
260,1633611431568,0.04663086,-0.90411377,-0.49884033,-3.953125,2.171875,-11.890625,Respeck,Movement,9,s1714206,
261,1633611431643,0.09838867,-0.7041626,-0.32208252,-20.5625,11.5,4.9375,Respeck,Movement,9,s1714206,
262,1633611431650,0.051757812,-0.4763794,-0.2300415,-26.015625,12.609375,-0.375,Respeck,Movement,9,s1714206,
263,1633611431733,-0.046142578,-0.34625244,-0.16729736,-37.3125,9.015625,7.828125,Respeck,Movement,9,s1714206,
264,1633611431738,-0.033203125,-0.116760254,-0.08380127,-25.546875,5.1875,3.046875,Respeck,Movement,9,s1714206,
265,1633611431762,0.042236328,-0.13214111,-0.10040283,-9.390625,4.953125,-2.0,Respeck,Movement,9,s1714206,
266,1633611431840,0.040039062,-0.26104736,-0.17730713,1.625,0.234375,0.421875,Respeck,Movement,9,s1714206,
267,1633611431854,0.030517578,-0.28131104,-0.15948486,6.90625,-2.875,0.234375,Respeck,Movement,9,s1714206,
268,1633611431884,0.0041503906,-0.23248291,-0.26837158,13.796875,-1.71875,0.171875,Respeck,Movement,9,s1714206,
269,1633611431959,0.036376953,-0.269104,-0.15704346,28.390625,-13.65625,3.15625,Respeck,Movement,9,s1714206,
270,1633611431966,0.022705078,-0.5889282,-0.14483643,40.34375,0.921875,4.28125,Respeck,Movement,9,s1714206,
271,1633611432034,-0.17944336,-0.85162354,-0.347229,31.921875,3.125,5.859375,Respeck,Movement,9,s1714206,
272,1633611432047,-0.009765625,-0.76763916,-0.41583252,15.09375,2.140625,-0.015625,Respeck,Movement,9,s1714206,
273,1633611432077,0.19897461,-0.85479736,-0.6074829,12.96875,4.203125,3.34375,Respeck,Movement,9,s1714206,
274,1633611432155,0.16040039,-1.1660767,-0.68048096,24.109375,-3.15625,3.0625,Respeck,Movement,9,s1714206,
275,1633611432163,0.092041016,-1.3225708,-0.7798462,9.421875,-5.0625,4.1875,Respeck,Movement,9,s1714206,
276,1633611432228,0.36987305,-1.3560181,-0.9378052,-15.1875,-12.640625,-4.6875,Respeck,Movement,9,s1714206,
277,1633611432243,0.21875,-1.867981,-0.9985962,-3.25,-2.109375,-3.53125,Respeck,Movement,9,s1714206,
278,1633611432272,0.10449219,-1.7842407,-0.97369385,0.125,-5.75,14.140625,Respeck,Movement,9,s1714206,
279,1633611432350,0.36791992,-1.423645,-0.9487915,-15.203125,-11.828125,-5.390625,Respeck,Movement,9,s1714206,
280,1633611432363,0.30200195,-1.6983032,-1.1109009,-1.25,-9.296875,-24.78125,Respeck,Movement,9,s1714206,
281,1633611432423,0.1640625,-1.2634888,-0.83599854,4.28125,-0.578125,-7.09375,Respeck,Movement,9,s1714206,
282,1633611432438,0.21606445,-0.9873657,-0.5298462,-4.5625,13.46875,-11.265625,Respeck,Movement,9,s1714206,
283,1633611432467,-0.05493164,-1.2244263,-0.50909424,-25.375,3.28125,0.390625,Respeck,Movement,9,s1714206,
284,1633611432543,0.012451172,-0.8032837,-0.284729,-34.578125,6.328125,2.484375,Respeck,Movement,9,s1714206,
285,1633611432548,0.064208984,-0.6104126,-0.19976807,-37.640625,18.46875,0.34375,Respeck,Movement,9,s1714206,
286,1633611432619,0.021728516,-0.43878174,-0.17633057,-41.734375,16.421875,4.078125,Respeck,Movement,9,s1714206,
287,1633611432632,-0.084472656,-0.28424072,-0.10675049,-43.09375,17.34375,1.9375,Respeck,Movement,9,s1714206,
288,1633611432662,-0.009277344,-0.22808838,-0.11090088,-42.21875,16.53125,0.875,Respeck,Movement,9,s1714206,
289,1633611432738,0.13500977,-0.21002197,-0.089416504,-17.765625,11.9375,2.9375,Respeck,Movement,9,s1714206,
290,1633611432749,-0.03540039,-0.40045166,-0.18658447,-0.296875,0.03125,-5.515625,Respeck,Movement,9,s1714206,
291,1633611432813,0.010986328,-0.66119385,-0.2703247,-8.1875,8.453125,-0.578125,Respeck,Movement,9,s1714206,
292,1633611432828,0.08935547,-0.6260376,-0.16265869,2.46875,13.734375,8.640625,Respeck,Movement,9,s1714206,
293,1633611432858,-0.0017089844,-0.5303345,-0.2786255,44.046875,-16.953125,18.765625,Respeck,Movement,9,s1714206,
294,1633611432934,0.05126953,-0.5130005,-0.18145752,51.1875,-31.125,9.953125,Respeck,Movement,9,s1714206,
295,1633611432939,0.22998047,-0.19708252,-0.11602783,62.671875,-14.140625,14.03125,Respeck,Movement,9,s1714206,
296,1633611433009,-0.021728516,-0.32965088,0.02557373,61.75,-6.734375,11.421875,Respeck,Movement,9,s1714206,
297,1633611433023,0.057861328,-0.611145,-0.30255127,42.984375,5.40625,10.75,Respeck,Movement,9,s1714206,
298,1633611433054,0.19726562,-0.74102783,-0.73760986,37.984375,-6.046875,18.5,Respeck,Movement,9,s1714206,
299,1633611433130,0.54248047,-1.203186,-0.97076416,70.421875,-26.796875,9.625,Respeck,Movement,9,s1714206,
300,1633611433135,-0.040283203,-1.4624634,-0.522522,46.375,54.65625,-12.671875,Respeck,Movement,9,s1714206,
301,1633611433202,-0.5029297,-1.0650024,-0.7481079,1.328125,29.46875,11.671875,Respeck,Movement,9,s1714206,
302,1633611433218,0.61499023,-0.7234497,-0.9456177,-3.40625,27.65625,-13.703125,Respeck,Movement,9,s1714206,
303,1633611433248,0.6213379,-1.9495239,-1.4751587,-12.640625,-8.5,-15.9375,Respeck,Movement,9,s1714206,
304,1633611433325,-0.13452148,-2.0,-1.2324829,-14.84375,-18.171875,-13.40625,Respeck,Movement,9,s1714206,
305,1633611433332,0.20507812,-1.3804321,-1.1443481,-33.59375,15.046875,20.109375,Respeck,Movement,9,s1714206,
306,1633611433398,0.34326172,-0.93927,-1.1343384,-40.609375,-4.84375,-17.640625,Respeck,Movement,9,s1714206,
307,1633611433421,-0.16601562,-1.2964478,-0.9104614,-34.421875,-16.15625,-27.1875,Respeck,Movement,9,s1714206,
308,1633611433442,-0.0546875,-1.1792603,-0.5894165,-30.984375,6.640625,-6.65625,Respeck,Movement,9,s1714206,
309,1633611433520,0.083496094,-0.90753174,-0.46173096,-34.140625,17.5625,-3.421875,Respeck,Movement,9,s1714206,
310,1633611433529,-0.0043945312,-0.7571411,-0.284729,-44.46875,7.09375,-6.078125,Respeck,Movement,9,s1714206,
311,1633611433593,0.0053710938,-0.6314087,-0.27301025,-54.828125,16.640625,-5.46875,Respeck,Movement,9,s1714206,
312,1633611433606,0.110839844,-0.37994385,-0.17315674,-59.0625,22.09375,2.46875,Respeck,Movement,9,s1714206,
313,1633611433637,0.018798828,-0.25860596,-0.15557861,-54.328125,13.90625,-4.390625,Respeck,Movement,9,s1714206,
314,1633611433713,0.001953125,-0.19049072,-0.13067627,-46.984375,13.0,-1.25,Respeck,Movement,9,s1714206,
315,1633611433728,0.10571289,-0.159729,-0.16949463,-29.390625,6.265625,-2.8125,Respeck,Movement,9,s1714206,
316,1633611433757,0.02319336,-0.29644775,-0.049621582,-7.78125,-9.359375,-3.140625,Respeck,Movement,9,s1714206,
317,1633611433833,-0.055419922,-0.3435669,-0.0647583,5.625,-14.53125,0.109375,Respeck,Movement,9,s1714206,
318,1633611433839,0.008300781,-0.30499268,-0.14337158,8.09375,-10.140625,0.46875,Respeck,Movement,9,s1714206,
319,1633611433907,0.048583984,-0.41973877,-0.11895752,16.515625,-8.625,-1.21875,Respeck,Movement,9,s1714206,
320,1633611433922,0.076171875,-0.7334595,-0.17755127,30.46875,-14.5,1.875,Respeck,Movement,9,s1714206,
321,1633611433953,-0.018798828,-1.0471802,-0.2456665,30.09375,-26.65625,6.09375,Respeck,Movement,9,s1714206,
322,1633611434030,-0.052246094,-1.2376099,-0.2962036,22.5625,-13.9375,6.171875,Respeck,Movement,9,s1714206,
323,1633611434035,0.08105469,-1.4182739,-0.41949463,18.046875,-10.4375,-0.328125,Respeck,Movement,9,s1714206,
324,1633611434103,-0.1171875,-1.7542114,-0.4019165,13.9375,-21.640625,-10.0,Respeck,Movement,9,s1714206,
325,1633611434117,-0.099853516,-1.9822388,-0.4837036,5.234375,-11.09375,-12.40625,Respeck,Movement,9,s1714206,
326,1633611434148,0.05078125,-2.0,-0.47906494,-9.90625,0.734375,-16.765625,Respeck,Movement,9,s1714206,
327,1633611434224,0.103759766,-1.8699341,-0.5117798,-20.4375,-9.9375,-15.078125,Respeck,Movement,9,s1714206,
328,1633611434232,-0.0043945312,-1.7442017,-0.3880005,-23.796875,-22.109375,-14.140625,Respeck,Movement,9,s1714206,
329,1633611434299,-0.01171875,-1.4136353,-0.34820557,-22.265625,-22.296875,0.453125,Respeck,Movement,9,s1714206,
330,1633611434314,-0.04321289,-1.0918579,-0.18658447,-17.71875,-30.71875,2.59375,Respeck,Movement,9,s1714206,
331,1633611434344,-0.024414062,-0.8814087,-0.0064086914,-16.734375,-32.203125,1.390625,Respeck,Movement,9,s1714206,
332,1633611434419,0.021484375,-0.6272583,-0.058166504,-25.03125,-23.671875,-3.6875,Respeck,Movement,9,s1714206,
333,1633611434426,0.02758789,-0.30914307,0.012145996,-43.75,-22.96875,-10.625,Respeck,Movement,9,s1714206,
334,1633611434495,0.171875,-0.039855957,-0.06524658,-50.828125,-25.109375,-17.390625,Respeck,Movement,9,s1714206,
335,1633611434508,0.16381836,-0.18267822,0.0033569336,-37.671875,-37.765625,-14.796875,Respeck,Movement,9,s1714206,
336,1633611434549,0.20483398,-0.5413208,0.13079834,-18.953125,-53.8125,-12.96875,Respeck,Movement,9,s1714206,
337,1633611434616,0.05078125,-1.1257935,0.22650146,-10.390625,-67.8125,-16.0,Respeck,Movement,9,s1714206,
338,1633611434623,-0.17553711,-1.68219,0.109802246,-26.5,-54.859375,4.703125,Respeck,Movement,9,s1714206,
339,1633611434691,-0.14038086,-1.1013794,0.08343506,-43.4375,-52.21875,-1.1875,Respeck,Movement,9,s1714206,
340,1633611434704,-0.29882812,-0.7769165,0.14788818,-40.046875,-47.203125,-1.734375,Respeck,Movement,9,s1714206,
341,1633611434732,-0.18823242,-0.73931885,0.20574951,-24.140625,-38.375,-1.359375,Respeck,Movement,9,s1714206,
342,1633611434811,-0.123046875,-1.0877075,0.22454834,-8.453125,-41.796875,-3.359375,Respeck,Movement,9,s1714206,
343,1633611434821,-0.1459961,-1.2124634,0.11444092,-9.578125,-49.015625,12.46875,Respeck,Movement,9,s1714206,
344,1633611434883,-0.18725586,-0.94415283,0.1329956,-13.359375,-49.65625,17.515625,Respeck,Movement,9,s1714206,
345,1633611434898,-0.19384766,-0.9871216,0.2086792,-2.4375,-66.171875,15.5625,Respeck,Movement,9,s1714206,
346,1633611434927,-0.26464844,-1.0811157,0.19989014,1.921875,-72.546875,16.34375,Respeck,Movement,9,s1714206,
347,1633611435005,-0.2775879,-0.9470825,0.22576904,7.796875,-76.15625,15.828125,Respeck,Movement,9,s1714206,
348,1633611435011,-0.12158203,-0.86431885,0.054626465,11.578125,-60.84375,14.65625,Respeck,Movement,9,s1714206,
349,1633611435079,-0.009033203,-0.8989868,-0.22515869,9.609375,-82.828125,11.140625,Respeck,Movement,9,s1714206,
350,1633611435095,-0.10522461,-1.0149536,-0.18536377,4.09375,-98.6875,19.5,Respeck,Movement,9,s1714206,
351,1633611435122,-0.045410156,-0.9356079,-0.14678955,-0.390625,-112.921875,29.296875,Respeck,Movement,9,s1714206,
352,1633611435198,-0.052001953,-0.74224854,-0.07550049,-1.875,-110.140625,31.03125,Respeck,Movement,9,s1714206,
353,1633611435204,-0.10839844,-0.8447876,0.2987671,10.625,-98.140625,32.53125,Respeck,Movement,9,s1714206,
354,1633611435274,0.026123047,-1.3025513,0.1071167,26.28125,-123.515625,7.828125,Respeck,Movement,9,s1714206,
355,1633611435288,0.030029297,-1.3892212,0.10394287,0.875,-111.390625,36.6875,Respeck,Movement,9,s1714206,
356,1633611435318,0.010009766,-1.4736938,0.113220215,-6.703125,-108.8125,3.1875,Respeck,Movement,9,s1714206,
357,1633611435393,-0.27124023,-1.0403442,0.2736206,-23.203125,-90.390625,6.15625,Respeck,Movement,9,s1714206,
358,1633611435398,-0.38476562,-0.7420044,0.35003662,-23.265625,-72.859375,-1.921875,Respeck,Movement,9,s1714206,
359,1633611435468,-0.3010254,-0.64434814,0.39031982,-23.53125,-48.1875,-1.15625,Respeck,Movement,9,s1714206,
360,1633611435483,-0.2626953,-0.71881104,0.46697998,-20.03125,-18.875,8.609375,Respeck,Movement,9,s1714206,
361,1633611435512,-0.09399414,-0.72442627,0.46722412,-14.765625,6.375,5.359375,Respeck,Movement,9,s1714206,
362,1633611435589,-0.15673828,-0.89508057,0.33587646,-4.0625,14.578125,-22.234375,Respeck,Movement,9,s1714206,
363,1633611435603,-0.0925293,-1.2815552,0.13616943,15.390625,24.984375,-22.40625,Respeck,Movement,9,s1714206,
364,1633611435634,0.035888672,-1.3508911,0.16619873,30.34375,32.1875,9.171875,Respeck,Movement,9,s1714206,
365,1633611435710,-0.061279297,-1.133606,0.3192749,20.96875,102.796875,9.59375,Respeck,Movement,9,s1714206,
366,1633611435716,-0.6130371,-1.053772,0.038757324,2.546875,135.78125,-28.96875,Respeck,Movement,9,s1714206,
367,1633611435783,-0.62231445,-1.2537231,-0.11016846,13.328125,141.17188,-39.484375,Respeck,Movement,9,s1714206,
368,1633611435799,-0.58081055,-1.194397,-0.09967041,-8.21875,147.0625,-23.625,Respeck,Movement,9,s1714206,
369,1633611435827,-0.5461426,-0.9651489,-0.51275635,-32.6875,187.20312,-38.921875,Respeck,Movement,9,s1714206,
370,1633611435906,-0.37548828,-0.70098877,-0.48101807,-18.25,190.6875,-52.53125,Respeck,Movement,9,s1714206,
371,1633611435912,-0.2866211,-1.0557251,-0.4763794,13.9375,171.25,-48.234375,Respeck,Movement,9,s1714206,
372,1633611435979,-0.12915039,-1.2339478,-0.4661255,67.40625,132.125,-19.28125,Respeck,Movement,9,s1714206,
373,1633611436054,-0.041503906,-1.0979614,-0.1104126,-33.28125,160.89062,-17.328125,Respeck,Movement,9,s1714206,
374,1633611436059,-0.18139648,-0.8057251,-0.09674072,6.59375,135.29688,-20.640625,Respeck,Movement,9,s1714206,
375,1633611436069,-0.21875,-0.91070557,0.016784668,18.21875,124.125,-25.59375,Respeck,Movement,9,s1714206,
376,1633611436098,0.0859375,-0.7461548,0.11004639,19.421875,108.578125,-13.96875,Respeck,Movement,9,s1714206,
377,1633611436174,-0.20532227,-1.0283813,0.09857178,9.40625,84.25,-15.59375,Respeck,Movement,9,s1714206,
378,1633611436189,0.02368164,-1.5479126,0.028747559,43.09375,46.578125,-22.84375,Respeck,Movement,9,s1714206,
379,1633611436217,0.072509766,-1.2471313,-0.003967285,46.9375,33.625,17.25,Respeck,Movement,9,s1714206,
380,1633611436293,0.2109375,-0.73272705,-0.05670166,40.203125,7.515625,33.8125,Respeck,Movement,9,s1714206,
381,1633611436297,0.5612793,-0.93292236,0.002380371,28.96875,-33.71875,9.546875,Respeck,Movement,9,s1714206,
382,1633611436368,0.09765625,-1.2971802,0.032409668,20.875,-65.75,-1.921875,Respeck,Movement,9,s1714206,
383,1633611436383,-0.02734375,-1.0737915,-0.144104,5.578125,-69.09375,19.171875,Respeck,Movement,9,s1714206,
384,1633611436412,0.20385742,-0.7683716,-0.21270752,2.75,-87.640625,14.71875,Respeck,Movement,9,s1714206,
385,1633611436490,0.38867188,-1.21344,-0.21685791,-1.671875,-116.859375,-5.3125,Respeck,Movement,9,s1714206,
386,1633611436495,0.10180664,-1.333313,-0.30670166,-21.921875,-135.53125,-0.390625,Respeck,Movement,9,s1714206,
387,1633611436564,0.27441406,-1.0962524,-0.25079346,-20.3125,-162.78125,16.71875,Respeck,Movement,9,s1714206,
388,1633611436578,0.13354492,-1.0298462,-0.41778564,-30.921875,-186.25,20.625,Respeck,Movement,9,s1714206,
389,1633611436607,-0.15283203,-0.9612427,-0.3171997,-30.25,-185.78125,26.671875,Respeck,Movement,9,s1714206,
390,1633611436685,-0.5095215,-0.85113525,-0.20343018,-32.734375,-165.98438,38.90625,Respeck,Movement,9,s1714206,
391,1633611436696,-0.37573242,-0.75079346,0.11419678,-0.34375,-142.625,37.828125,Respeck,Movement,9,s1714206,
392,1633611436727,0.05029297,-1.013977,0.35150146,-16.421875,-116.890625,33.234375,Respeck,Movement,9,s1714206,
393,1633611436773,-0.23999023,-1.2210083,0.5848999,-12.578125,-110.40625,24.359375,Respeck,Movement,9,s1714206,
394,1633611436805,-0.5629883,-0.98101807,0.6310425,-27.765625,-76.59375,20.328125,Respeck,Movement,9,s1714206,
395,1633611436850,-0.036621094,-0.82159424,0.5560913,-14.140625,-61.359375,10.96875,Respeck,Movement,9,s1714206,
396,1633611436878,0.084228516,-0.7334595,0.48187256,-7.53125,-63.09375,17.828125,Respeck,Movement,9,s1714206,
397,1633611436955,0.055908203,-0.88848877,0.36444092,-7.171875,-61.125,14.4375,Respeck,Movement,9,s1714206,
398,1633611436968,0.15234375,-1.031311,0.48797607,-5.265625,-61.5625,16.671875,Respeck,Movement,9,s1714206,
399,1633611436997,-0.119628906,-1.0596313,0.60565186,-6.546875,-45.75,14.0625,Respeck,Movement,9,s1714206,
400,1633611437073,-0.17260742,-0.96539307,0.47357178,-3.515625,-29.0,11.46875,Respeck,Movement,9,s1714206,
401,1633611437078,-0.056640625,-0.98101807,0.45257568,3.609375,-21.390625,7.21875,Respeck,Movement,9,s1714206,
402,1633611437147,-0.0390625,-0.91192627,0.41107178,8.78125,-19.703125,2.5,Respeck,Movement,9,s1714206,
403,1633611437163,-0.1171875,-0.8279419,0.43792725,11.640625,-10.515625,-2.6875,Respeck,Movement,9,s1714206,
404,1633611437195,-0.24169922,-0.87994385,0.44158936,13.328125,7.09375,-6.765625,Respeck,Movement,9,s1714206,
405,1633611437270,-0.2709961,-0.89508057,0.36541748,13.625,20.875,-11.109375,Respeck,Movement,9,s1714206,
406,1633611437276,-0.28442383,-1.0286255,0.2982788,19.8125,26.78125,-17.0,Respeck,Movement,9,s1714206,
407,1633611437342,-0.2866211,-1.0335083,0.3727417,23.796875,33.15625,-14.203125,Respeck,Movement,9,s1714206,
408,1633611437357,-0.19384766,-0.98638916,0.3612671,25.890625,33.09375,-7.0625,Respeck,Movement,9,s1714206,
409,1633611437388,-0.24047852,-0.83673096,0.31243896,24.34375,35.28125,0.890625,Respeck,Movement,9,s1714206,
410,1633611437464,-0.08935547,-0.8364868,0.14520264,31.109375,33.75,-8.09375,Respeck,Movement,9,s1714206,
411,1633611437471,-0.004638672,-0.82037354,0.1515503,30.9375,17.328125,-10.65625,Respeck,Movement,9,s1714206,
412,1633611437540,-0.08544922,-0.7966919,0.13519287,42.671875,-4.90625,-7.59375,Respeck,Movement,9,s1714206,
413,1633611437553,-0.06225586,-0.894104,0.04071045,47.125,-31.9375,-4.9375,Respeck,Movement,9,s1714206,
414,1633611437582,-0.022460938,-1.1643677,-0.23248291,26.875,-49.5,-2.421875,Respeck,Movement,9,s1714206,
415,1633611437660,-0.104003906,-1.3748169,-0.270813,44.234375,-68.09375,-22.65625,Respeck,Movement,9,s1714206,
416,1633611437674,0.70581055,-1.7041626,0.07244873,20.703125,-82.15625,10.0,Respeck,Movement,9,s1714206,
417,1633611437702,0.0087890625,-1.458313,-0.15020752,-11.46875,-58.34375,-5.265625,Respeck,Movement,9,s1714206,
418,1633611437778,-0.78564453,-0.6255493,-0.222229,-26.046875,-41.109375,3.875,Respeck,Movement,9,s1714206,
419,1633611437782,-0.0029296875,-0.49908447,-0.13946533,0.578125,-34.015625,-6.5,Respeck,Movement,9,s1714206,
420,1633611437852,0.46679688,-1.00177,-0.16290283,31.859375,-55.84375,5.03125,Respeck,Movement,9,s1714206,
421,1633611437928,0.33740234,-0.75860596,0.07269287,37.4375,-43.75,-18.125,Respeck,Movement,9,s1714206,
422,1633611437935,0.025146484,-0.60284424,0.046081543,55.484375,-38.03125,20.09375,Respeck,Movement,9,s1714206,
423,1633611437943,-0.072753906,-0.51226807,-0.019836426,47.96875,-18.53125,33.28125,Respeck,Movement,9,s1714206,
424,1633611437972,-0.043945312,-0.26226807,-0.19561768,60.5625,-23.296875,33.0,Respeck,Movement,9,s1714206,
425,1633611438049,0.029052734,-0.16241455,-0.24468994,64.46875,-16.5,31.03125,Respeck,Movement,9,s1714206,
426,1633611438063,0.19921875,-0.37945557,-0.34625244,74.171875,-32.046875,1.828125,Respeck,Movement,9,s1714206,
427,1633611438092,0.25170898,-0.79400635,-0.09136963,38.671875,-28.96875,-3.40625,Respeck,Movement,9,s1714206,
428,1633611438169,-0.18310547,-0.95391846,-0.28961182,28.234375,-10.0625,7.5,Respeck,Movement,9,s1714206,
429,1633611438177,-0.20727539,-0.2744751,-0.6001587,14.46875,13.828125,1.625,Respeck,Movement,9,s1714206,
430,1633611438244,0.3708496,-0.35723877,-0.81915283,31.5,9.203125,-10.6875,Respeck,Movement,9,s1714206,
431,1633611438258,0.62231445,-1.6795044,-0.8255005,59.4375,-22.796875,-22.65625,Respeck,Movement,9,s1714206,
432,1633611438288,0.14526367,-1.3692017,-1.6355591,76.328125,-32.0625,-6.421875,Respeck,Movement,9,s1714206,
433,1633611438364,0.5510254,-0.9224243,-1.0427856,-21.703125,-25.359375,7.390625,Respeck,Movement,9,s1714206,
434,1633611438369,0.2529297,-1.2168579,-1.5071411,52.484375,6.921875,-30.171875,Respeck,Movement,9,s1714206,
435,1633611438440,0.2319336,-1.4592896,-1.5386353,11.0625,-24.53125,-7.390625,Respeck,Movement,9,s1714206,
436,1633611438453,0.5151367,-1.3079224,-1.4160767,-20.640625,5.390625,-11.40625,Respeck,Movement,9,s1714206,
437,1633611438484,0.33862305,-1.0425415,-1.1255493,-14.53125,3.34375,-10.328125,Respeck,Movement,9,s1714206,
438,1633611438559,0.37939453,-1.1104126,-1.2390747,-13.015625,-12.21875,-6.5,Respeck,Movement,9,s1714206,
439,1633611438568,0.39770508,-0.97076416,-0.8501587,-61.15625,4.03125,-10.078125,Respeck,Movement,9,s1714206,
440,1633611438633,0.1875,-0.7835083,-0.663147,-47.828125,7.828125,-11.625,Respeck,Movement,9,s1714206,
441,1633611438647,0.051513672,-0.6277466,-0.56427,-64.0,-0.171875,-8.15625,Respeck,Movement,9,s1714206,
442,1633611438678,0.09082031,-0.5708618,-0.40899658,-57.453125,0.640625,-13.65625,Respeck,Movement,9,s1714206,
443,1633611438759,0.08520508,-0.73565674,-0.32232666,-60.984375,2.453125,-20.328125,Respeck,Movement,9,s1714206,
444,1633611438764,-0.064697266,-0.56256104,-0.27838135,-70.578125,10.34375,-12.15625,Respeck,Movement,9,s1714206,
445,1633611438829,0.022460938,-0.3526001,-0.22808838,-62.953125,1.40625,-1.078125,Respeck,Movement,9,s1714206,
446,1633611438843,0.16015625,-0.23223877,-0.11895752,-39.359375,3.59375,-3.703125,Respeck,Movement,9,s1714206,
447,1633611438874,0.064941406,-0.28741455,-0.14093018,-35.734375,-0.609375,0.515625,Respeck,Movement,9,s1714206,
448,1633611438950,0.022216797,-0.13482666,-0.034240723,-9.453125,-6.578125,0.140625,Respeck,Movement,9,s1714206,
449,1633611438957,0.056396484,-0.17852783,-0.101379395,18.171875,-12.78125,1.578125,Respeck,Movement,9,s1714206,
450,1633611439024,-0.013671875,-0.35284424,-0.10089111,34.125,-16.65625,4.453125,Respeck,Movement,9,s1714206,
451,1633611439039,-0.040039062,-0.35284424,-0.0647583,33.484375,-1.625,4.46875,Respeck,Movement,9,s1714206,
452,1633611439066,-0.064453125,-0.5459595,-0.35430908,41.125,-2.65625,11.359375,Respeck,Movement,9,s1714206,
453,1633611439144,0.07763672,-0.7727661,-0.16656494,30.59375,-2.75,0.5,Respeck,Movement,9,s1714206,
454,1633611439150,0.21435547,-1.0342407,-0.18414307,47.171875,-15.6875,-3.125,Respeck,Movement,9,s1714206,
455,1633611439219,-0.14477539,-1.3867798,-0.2786255,18.5,6.546875,-9.015625,Respeck,Movement,9,s1714206,
456,1633611439234,0.06616211,-1.2676392,-0.46466064,34.765625,-3.640625,-5.640625,Respeck,Movement,9,s1714206,
457,1633611439264,0.18115234,-1.1782837,-0.5029907,2.046875,3.09375,7.84375,Respeck,Movement,9,s1714206,
458,1633611439340,0.25805664,-1.2559204,-0.6609497,8.796875,-8.953125,-11.9375,Respeck,Movement,9,s1714206,
459,1633611439350,0.07324219,-1.7471313,-0.9290161,22.203125,3.46875,-22.453125,Respeck,Movement,9,s1714206,
460,1633611439412,-0.0048828125,-1.6367798,-0.9031372,-37.3125,7.96875,0.15625,Respeck,Movement,9,s1714206,
461,1633611439427,0.38549805,-1.5088501,-0.61260986,-1.328125,-2.046875,1.25,Respeck,Movement,9,s1714206,
462,1633611439459,0.21411133,-1.5994263,-0.7139282,-11.734375,9.328125,-8.671875,Respeck,Movement,9,s1714206,
463,1633611439535,-0.07299805,-1.4605103,-0.7029419,-16.328125,2.015625,-7.78125,Respeck,Movement,9,s1714206,
464,1633611439548,0.2355957,-1.3584595,-0.58477783,-15.28125,-6.046875,1.84375,Respeck,Movement,9,s1714206,
465,1633611439579,0.17553711,-1.1900024,-0.35772705,-49.609375,3.578125,-6.46875,Respeck,Movement,9,s1714206,
466,1633611439653,-0.088134766,-0.94000244,-0.26324463,-38.359375,-7.875,-6.578125,Respeck,Movement,9,s1714206,
467,1633611439659,0.020751953,-0.75738525,-0.16314697,-42.984375,-11.265625,-3.0625,Respeck,Movement,9,s1714206,
468,1633611439727,0.032470703,-0.6062622,-0.11993408,-37.6875,-13.171875,-4.265625,Respeck,Movement,9,s1714206,
469,1633611439742,0.00048828125,-0.4006958,-0.17730713,-35.859375,-16.84375,-3.171875,Respeck,Movement,9,s1714206,
470,1633611439773,0.09350586,-0.40655518,-0.13555908,-30.21875,-21.921875,-6.515625,Respeck,Movement,9,s1714206,
471,1633611439847,0.080566406,-0.50445557,-0.08746338,-29.1875,-23.140625,-6.5625,Respeck,Movement,9,s1714206,
472,1633611439852,0.03515625,-0.46710205,-0.07525635,-33.328125,-25.84375,-5.546875,Respeck,Movement,9,s1714206,
473,1633611439922,0.012939453,-0.51690674,0.010681152,-27.65625,-29.28125,-11.46875,Respeck,Movement,9,s1714206,
474,1633611439937,-0.04345703,-0.7647095,0.038513184,-14.71875,-37.234375,-13.25,Respeck,Movement,9,s1714206,
475,1633611439966,-0.30200195,-1.0752563,-0.015197754,-6.109375,-39.5,-15.125,Respeck,Movement,9,s1714206,
476,1633611440046,-0.1430664,-0.9404907,-0.08526611,-2.09375,-22.578125,8.390625,Respeck,Movement,9,s1714206,
477,1633611440053,-0.032470703,-0.8069458,-0.10723877,12.90625,-42.65625,16.75,Respeck,Movement,9,s1714206,
478,1633611440119,0.052978516,-0.43878174,0.07611084,14.0625,-42.765625,22.1875,Respeck,Movement,9,s1714206,
479,1633611440134,-0.07006836,-0.2637329,0.0053100586,24.53125,-33.9375,6.890625,Respeck,Movement,9,s1714206,
480,1633611440162,-0.100097656,-0.5791626,0.11175537,38.46875,-38.4375,-0.03125,Respeck,Movement,9,s1714206,
481,1633611440240,-0.05908203,-0.5581665,-0.04937744,35.234375,-26.171875,15.15625,Respeck,Movement,9,s1714206,
482,1633611440247,-0.08081055,-0.6013794,-0.16949463,35.34375,-19.875,10.4375,Respeck,Movement,9,s1714206,
483,1633611440312,0.2607422,-1.0835571,-0.17047119,40.15625,-25.828125,-12.4375,Respeck,Movement,9,s1714206,
484,1633611440327,0.20263672,-2.0,-0.33087158,65.59375,-46.609375,-28.671875,Respeck,Movement,9,s1714206,
485,1633611440359,0.07006836,-1.9226685,-0.5371704,18.28125,-43.34375,1.203125,Respeck,Movement,9,s1714206,
486,1633611440435,0.12475586,-2.0,-0.48321533,29.25,-55.140625,-19.5,Respeck,Movement,9,s1714206,
487,1633611440440,0.2902832,-2.0,-0.40093994,-52.65625,-42.421875,-4.25,Respeck,Movement,9,s1714206,
488,1633611440508,-0.044677734,-1.7197876,-0.24786377,-33.125,-26.5625,-12.25,Respeck,Movement,9,s1714206,
489,1633611440523,0.099121094,-1.4226685,-0.24346924,-52.078125,-49.6875,5.28125,Respeck,Movement,9,s1714206,
490,1633611440552,0.2890625,-0.88897705,-0.0076293945,-48.390625,-43.203125,0.15625,Respeck,Movement,9,s1714206,
491,1633611440628,-0.12475586,-0.6033325,-0.23492432,-29.421875,-50.046875,-0.296875,Respeck,Movement,9,s1714206,
492,1633611440633,0.100097656,-0.069885254,-0.24151611,-11.5,-57.75,9.484375,Respeck,Movement,9,s1714206,
493,1633611440704,0.32739258,0.026794434,0.0602417,-32.015625,-52.46875,-12.34375,Respeck,Movement,9,s1714206,
494,1633611440718,-0.029296875,-0.32574463,0.09881592,-23.921875,-55.65625,-9.09375,Respeck,Movement,9,s1714206,
495,1633611440747,-0.05102539,-0.48858643,0.113220215,-17.5625,-64.625,-10.140625,Respeck,Movement,9,s1714206,
496,1633611440825,0.032470703,-0.76153564,0.31121826,3.890625,-53.03125,-8.6875,Respeck,Movement,9,s1714206,
497,1633611440831,-0.14916992,-1.329895,0.29779053,6.453125,-35.9375,-8.375,Respeck,Movement,9,s1714206,
498,1633611440898,-0.03857422,-1.1963501,0.48309326,-5.765625,-18.671875,10.09375,Respeck,Movement,9,s1714206,
499,1633611440912,0.018310547,-0.75982666,0.539978,8.1875,-11.375,10.8125,Respeck,Movement,9,s1714206,
500,1633611440943,0.15112305,-0.56427,0.28240967,0.78125,-12.40625,15.921875,Respeck,Movement,9,s1714206,
501,1633611441019,0.15112305,-0.565979,0.12615967,8.609375,-19.34375,-6.625,Respeck,Movement,9,s1714206,
502,1633611441026,-0.111083984,-1.2092896,0.46136475,-0.46875,0.046875,-12.125,Respeck,Movement,9,s1714206,
503,1633611441094,-0.19189453,-0.6511841,0.26507568,-24.796875,5.75,-4.609375,Respeck,Movement,9,s1714206,
504,1633611441109,0.110839844,-0.8484497,-0.090148926,5.046875,-16.15625,-3.96875,Respeck,Movement,9,s1714206,
505,1633611441138,0.49926758,-1.946106,0.7938843,4.484375,-45.203125,-48.328125,Respeck,Movement,9,s1714206,
506,1633611441215,-0.7404785,-2.0,-0.06524658,-19.546875,-18.828125,7.890625,Respeck,Movement,9,s1714206,
507,1633611441222,-0.29663086,-1.2647095,0.32244873,-55.984375,-10.125,7.015625,Respeck,Movement,9,s1714206,
508,1633611441289,-0.1105957,-1.336731,0.24993896,-29.234375,-1.25,2.09375,Respeck,Movement,9,s1714206,
509,1633611441304,-0.017822266,-0.9138794,0.10247803,-27.171875,24.609375,9.984375,Respeck,Movement,9,s1714206,
510,1633611441333,-0.050048828,-0.6538696,0.14447021,-8.328125,19.421875,7.5625,Respeck,Movement,9,s1714206,
511,1633611441410,-0.12890625,-0.46588135,0.13006592,2.78125,20.453125,-1.328125,Respeck,Movement,9,s1714206,
512,1633611441423,-0.020751953,-0.51885986,0.013366699,17.203125,10.5,-3.3125,Respeck,Movement,9,s1714206,
513,1633611441454,0.02709961,-0.75079346,0.12445068,19.09375,-0.875,-15.96875,Respeck,Movement,9,s1714206,
514,1633611441528,-0.16992188,-1.093811,0.21673584,13.46875,-6.671875,-23.65625,Respeck,Movement,9,s1714206,
515,1633611441534,-0.13964844,-1.0271606,0.5079956,1.046875,-11.859375,-5.953125,Respeck,Movement,9,s1714206,
516,1633611441603,0.0146484375,-0.8838501,0.34295654,-0.140625,-3.1875,4.671875,Respeck,Movement,9,s1714206,
517,1633611441617,0.26098633,-0.7896118,0.012634277,-1.546875,-59.75,25.859375,Respeck,Movement,9,s1714206,
518,1633611441647,0.16015625,-1.0505981,-0.08453369,13.453125,-69.71875,7.234375,Respeck,Movement,9,s1714206,
519,1633611441721,-0.3684082,-1.1902466,0.022155762,25.46875,-70.484375,14.984375,Respeck,Movement,9,s1714206,
520,1633611441723,-0.59594727,-1.0496216,0.3768921,-6.828125,-68.09375,26.046875,Respeck,Movement,9,s1714206,
521,1633611441799,-0.33007812,-0.77667236,0.18353271,12.140625,-71.953125,23.96875,Respeck,Movement,9,s1714206,
522,1633611441814,-0.35131836,-0.7046509,0.12445068,27.46875,-81.015625,21.546875,Respeck,Movement,9,s1714206,
523,1633611441842,-0.38867188,-0.59698486,-0.11187744,65.703125,-89.9375,21.859375,Respeck,Movement,9,s1714206,
524,1633611441921,-0.12451172,-0.579895,-0.2617798,87.609375,-70.15625,32.0625,Respeck,Movement,9,s1714206,
525,1633611441928,0.48095703,-0.41534424,-0.20367432,96.140625,-63.765625,27.15625,Respeck,Movement,9,s1714206,
526,1633611441994,0.5217285,-0.39996338,-0.29522705,64.25,-40.140625,13.109375,Respeck,Movement,9,s1714206,
527,1633611442008,-0.1616211,-0.91778564,-0.5430298,101.59375,-31.125,-13.234375,Respeck,Movement,9,s1714206,
528,1633611442038,0.7272949,-0.831604,-0.40460205,171.98438,-47.4375,26.5,Respeck,Movement,9,s1714206,
529,1633611442115,1.2109375,-1.2249146,-0.5442505,-9.390625,95.140625,30.578125,Respeck,Movement,9,s1714206,
530,1633611442119,-0.4128418,-0.92071533,0.18426514,65.921875,35.84375,-24.6875,Respeck,Movement,9,s1714206,
531,1633611442189,0.20654297,-0.43414307,-0.9758911,78.484375,-39.84375,53.484375,Respeck,Movement,9,s1714206,
532,1633611442203,0.8203125,-0.22979736,-0.023010254,-33.90625,53.28125,7.96875,Respeck,Movement,9,s1714206,
533,1633611442232,0.28295898,-0.76104736,-0.8098755,125.546875,21.875,3.15625,Respeck,Movement,9,s1714206,
534,1633611442310,0.47338867,-0.69610596,-1.0164185,-31.859375,-22.703125,12.40625,Respeck,Movement,9,s1714206,
535,1633611442316,0.685791,-0.56866455,-0.33648682,-34.34375,38.65625,6.484375,Respeck,Movement,9,s1714206,
536,1633611442383,-0.026367188,-0.8418579,-0.80963135,-0.65625,12.703125,-1.5,Respeck,Movement,9,s1714206,
537,1633611442397,0.5095215,-0.46002197,-0.7022095,-27.484375,-3.515625,5.359375,Respeck,Movement,9,s1714206,
538,1633611442428,0.37548828,-0.6885376,-0.98687744,-8.859375,7.484375,6.5,Respeck,Movement,9,s1714206,
539,1633611442505,0.3137207,-0.85528564,-0.8179321,-54.921875,17.828125,-13.359375,Respeck,Movement,9,s1714206,
540,1633611442520,0.32861328,-0.82769775,-1.0698853,-18.390625,-21.3125,-4.953125,Respeck,Movement,9,s1714206,
541,1633611442579,0.65625,-1.4627075,-1.3010864,1.796875,20.71875,-60.78125,Respeck,Movement,9,s1714206,
542,1633611442595,-0.1472168,-2.0,-1.3181763,-63.5,37.640625,-34.5,Respeck,Movement,9,s1714206,
543,1633611442624,0.07788086,-0.69488525,0.2296753,-36.359375,51.359375,19.609375,Respeck,Movement,9,s1714206,
544,1633611442700,0.15063477,-0.3399048,-0.4216919,-52.515625,-14.0625,7.5625,Respeck,Movement,9,s1714206,
545,1633611442706,0.05517578,-0.26763916,-0.14898682,3.0,-22.734375,-10.296875,Respeck,Movement,9,s1714206,
546,1633611442774,-0.1262207,-0.83184814,-0.35601807,10.078125,-12.359375,-22.28125,Respeck,Movement,9,s1714206,
547,1633611442789,-0.05883789,-0.8423462,-0.29571533,-9.109375,0.484375,-10.125,Respeck,Movement,9,s1714206,
548,1633611442818,0.0007324219,-0.7805786,-0.22052002,23.28125,8.515625,-13.125,Respeck,Movement,9,s1714206,
549,1633611442892,-0.051757812,-1.0718384,-0.4829712,52.390625,0.53125,-2.703125,Respeck,Movement,9,s1714206,
550,1633611442896,0.07006836,-1.03302,-0.3814087,26.875,10.953125,5.234375,Respeck,Movement,9,s1714206,
551,1633611442969,0.02368164,-0.76446533,-0.32867432,18.109375,4.90625,14.9375,Respeck,Movement,9,s1714206,
552,1633611442983,-0.08666992,-0.7620239,-0.45074463,12.78125,-3.703125,6.0,Respeck,Movement,9,s1714206,
553,1633611443012,-0.07299805,-0.8411255,-0.631897,17.859375,-10.140625,5.546875,Respeck,Movement,9,s1714206,
554,1633611443088,0.0690918,-0.92388916,-1.0149536,28.90625,-12.375,4.015625,Respeck,Movement,9,s1714206,
555,1633611443094,0.16064453,-1.0488892,-1.1035767,42.4375,-8.765625,0.6875,Respeck,Movement,9,s1714206,
556,1633611443164,0.13183594,-1.0359497,-1.3547974,28.078125,-1.359375,2.609375,Respeck,Movement,9,s1714206,
557,1633611443177,0.16137695,-0.8892212,-1.1963501,37.3125,-17.921875,2.5,Respeck,Movement,9,s1714206,
558,1633611443209,0.49414062,-1.0100708,-1.1594849,21.09375,-16.15625,-11.671875,Respeck,Movement,9,s1714206,
559,1633611443285,0.0043945312,-0.95513916,-0.9570923,-33.40625,7.140625,-16.171875,Respeck,Movement,9,s1714206,
560,1633611443298,0.04296875,-0.9038696,-0.895813,-27.234375,-16.6875,-6.546875,Respeck,Movement,9,s1714206,
561,1633611443327,0.2355957,-0.87872314,-0.8320923,-41.46875,-1.9375,-8.6875,Respeck,Movement,9,s1714206,
562,1633611443404,-0.036865234,-0.78985596,-0.645813,-63.796875,-6.1875,-10.53125,Respeck,Movement,9,s1714206,
563,1633611443409,0.044433594,-0.6538696,-0.36505127,-67.5,-1.546875,-8.453125,Respeck,Movement,9,s1714206,
564,1633611443478,0.025634766,-0.6135864,-0.36773682,-46.21875,6.234375,-8.265625,Respeck,Movement,9,s1714206,
565,1633611443494,0.08666992,-0.7085571,-0.36553955,-82.15625,9.78125,-6.171875,Respeck,Movement,9,s1714206,
566,1633611443524,0.14111328,-0.5545044,-0.16729736,-81.0625,17.03125,-4.25,Respeck,Movement,9,s1714206,
567,1633611443596,0.078125,-0.5498657,-0.101135254,-80.734375,13.75,-3.859375,Respeck,Movement,9,s1714206,
568,1633611443601,0.053955078,-0.5286255,-0.15679932,-67.203125,11.875,-2.921875,Respeck,Movement,9,s1714206,
569,1633611443671,0.18066406,-0.55352783,-0.538147,-28.0,0.578125,2.625,Respeck,Movement,9,s1714206,
570,1633611443686,-0.037353516,-0.46929932,-0.13604736,-82.359375,17.875,-4.234375,Respeck,Movement,9,s1714206,
571,1633611443717,-0.09033203,-0.63946533,-0.2312622,3.65625,-27.078125,16.703125,Respeck,Movement,9,s1714206,
572,1633611443793,0.17529297,-0.78692627,-0.19732666,-5.625,9.203125,-0.71875,Respeck,Movement,9,s1714206,
573,1633611443799,0.14086914,-0.93463135,-0.1897583,5.78125,-43.53125,9.640625,Respeck,Movement,9,s1714206,
574,1633611443867,0.030029297,-0.85650635,0.22650146,-35.484375,-19.296875,-14.359375,Respeck,Movement,9,s1714206,
575,1633611443883,-0.34472656,-1.8242798,0.26361084,21.609375,-4.015625,-28.765625,Respeck,Movement,9,s1714206,
576,1633611443912,0.10058594,-1.3430786,0.18939209,7.0625,16.8125,16.328125,Respeck,Movement,9,s1714206,
577,1633611443989,-0.17700195,-1.0137329,0.023620605,-15.796875,-1.609375,16.859375,Respeck,Movement,9,s1714206,
578,1633611443994,-0.05053711,-0.8015747,0.06903076,-20.9375,-4.03125,1.515625,Respeck,Movement,9,s1714206,
579,1633611444064,-0.05126953,-0.48858643,0.03363037,3.640625,-6.28125,0.796875,Respeck,Movement,9,s1714206,
580,1633611444077,-0.009521484,-0.5718384,-0.07354736,26.859375,-6.15625,5.375,Respeck,Movement,9,s1714206,
581,1633611444108,-0.028320312,-0.72198486,-0.13848877,27.1875,-2.140625,7.546875,Respeck,Movement,9,s1714206,
582,1633611444183,0.08862305,-0.61553955,-0.09820557,49.953125,-9.109375,18.0625,Respeck,Movement,9,s1714206,
583,1633611444259,0.10961914,-0.5093384,-0.05987549,63.8125,-3.53125,14.53125,Respeck,Movement,9,s1714206,
584,1633611444269,-0.12109375,-0.4837036,-0.047912598,66.125,-9.796875,18.890625,Respeck,Movement,9,s1714206,
585,1633611444275,-0.18603516,-0.302063,-0.14483643,44.921875,22.140625,19.421875,Respeck,Movement,9,s1714206,
586,1633611444302,0.08520508,-0.4031372,-0.46392822,49.4375,9.1875,3.359375,Respeck,Movement,9,s1714206,
587,1633611444379,0.36035156,-0.8245239,-0.4656372,51.6875,-4.625,-7.421875,Respeck,Movement,9,s1714206,
588,1633611444385,0.083740234,-1.2173462,-0.4187622,55.296875,-14.4375,9.0,Respeck,Movement,9,s1714206,
589,1633611444452,0.021240234,-1.2119751,-0.5762329,35.796875,6.6875,5.046875,Respeck,Movement,9,s1714206,
590,1633611444467,0.24414062,-1.0855103,-0.7803345,22.265625,19.46875,7.15625,Respeck,Movement,9,s1714206,
591,1633611444498,0.29589844,-1.3311157,-0.8152466,32.125,5.390625,-14.546875,Respeck,Movement,9,s1714206,
592,1633611444573,0.26489258,-1.7940063,-0.9668579,13.9375,4.46875,-13.265625,Respeck,Movement,9,s1714206,
593,1633611444585,0.13769531,-1.7102661,-1.0344849,-5.15625,-1.515625,7.421875,Respeck,Movement,9,s1714206,
594,1633611444648,0.39770508,-1.4585571,-1.1060181,19.234375,1.0,11.09375,Respeck,Movement,9,s1714206,
595,1633611444666,0.23535156,-1.5271606,-1.0361938,-29.046875,-5.3125,-19.65625,Respeck,Movement,9,s1714206,
596,1633611444696,-0.08569336,-1.4644165,-0.75567627,-18.28125,-8.15625,-21.015625,Respeck,Movement,9,s1714206,
597,1633611444769,0.1496582,-1.1516724,-0.8076782,-10.078125,-7.515625,-13.359375,Respeck,Movement,9,s1714206,
598,1633611444776,0.19262695,-1.0603638,-0.6265259,-13.5,-2.09375,-14.546875,Respeck,Movement,9,s1714206,
599,1633611444844,0.1850586,-1.0435181,-0.3875122,-20.59375,-9.015625,-13.203125,Respeck,Movement,9,s1714206,
600,1633611444858,0.028076172,-0.7822876,-0.2720337,-28.40625,-15.09375,-9.109375,Respeck,Movement,9,s1714206,
601,1633611444888,0.16113281,-0.5264282,-0.26324463,-41.40625,-11.109375,-9.609375,Respeck,Movement,9,s1714206,
602,1633611444962,0.09008789,-0.34454346,-0.1921997,-40.90625,-15.28125,-9.046875,Respeck,Movement,9,s1714206,
603,1633611444969,0.015625,-0.41778564,-0.24908447,-44.0,-19.21875,-19.359375,Respeck,Movement,9,s1714206,
604,1633611445038,-0.055908203,-0.38775635,-0.17584229,-51.21875,-13.421875,-10.21875,Respeck,Movement,9,s1714206,
605,1633611445053,0.08911133,-0.49176025,-0.18243408,-52.0,-11.421875,-3.453125,Respeck,Movement,9,s1714206,
606,1633611445083,-0.0146484375,-0.6421509,-0.25250244,-17.1875,-27.5,-4.203125,Respeck,Movement,9,s1714206,
607,1633611445158,-0.25317383,-0.94854736,-0.19000244,-17.0625,-24.90625,-18.921875,Respeck,Movement,9,s1714206,
608,1633611445172,-0.3635254,-0.87091064,-0.07159424,-15.984375,14.1875,-6.359375,Respeck,Movement,9,s1714206,
609,1633611445202,-0.3215332,-0.85406494,-0.090148926,-17.375,29.140625,-4.84375,Respeck,Movement,9,s1714206,
610,1633611445279,-0.27978516,-0.87091064,0.011169434,-16.609375,39.296875,-6.296875,Respeck,Movement,9,s1714206,
611,1633611445286,-0.12011719,-0.91412354,-0.12042236,4.265625,43.703125,-1.28125,Respeck,Movement,9,s1714206,
612,1633611445353,-0.19335938,-0.8904419,-0.16070557,11.203125,33.734375,1.421875,Respeck,Movement,9,s1714206,
613,1633611445367,-0.15966797,-0.8682251,-0.13775635,3.078125,29.640625,4.78125,Respeck,Movement,9,s1714206,
614,1633611445400,-0.046142578,-0.6807251,-0.1404419,15.890625,29.453125,-2.390625,Respeck,Movement,9,s1714206,
615,1633611445473,0.018798828,-0.6506958,-0.18243408,22.203125,22.40625,-5.15625,Respeck,Movement,9,s1714206,
616,1633611445479,0.03466797,-0.61016846,-0.1572876,26.734375,14.390625,-7.875,Respeck,Movement,9,s1714206,
617,1633611445549,0.0043945312,-0.5874634,-0.18096924,33.265625,6.578125,-7.015625,Respeck,Movement,9,s1714206,
618,1633611445563,0.00390625,-0.5696411,-0.22564697,31.984375,1.859375,-6.375,Respeck,Movement,9,s1714206,
619,1633611445592,-0.04321289,-0.6519165,-0.1638794,22.84375,1.203125,-10.703125,Respeck,Movement,9,s1714206,
620,1633611445669,-0.059814453,-0.87091064,-0.18902588,18.25,1.578125,-17.46875,Respeck,Movement,9,s1714206,
621,1633611445673,-0.095703125,-1.2713013,-0.222229,16.25,0.796875,-17.890625,Respeck,Movement,9,s1714206,
622,1633611445742,-0.008056641,-1.7901001,-0.35455322,24.171875,-4.671875,-13.3125,Respeck,Movement,9,s1714206,
623,1633611445758,-0.18945312,-1.9216919,-0.64068604,4.640625,-11.6875,-17.296875,Respeck,Movement,9,s1714206,
624,1633611445789,-0.3918457,-1.6316528,-0.41583252,-18.609375,-2.703125,-10.609375,Respeck,Movement,9,s1714206,
625,1633611445865,-0.38232422,-1.4588013,-0.38555908,-7.25,5.203125,-1.90625,Respeck,Movement,9,s1714206,
626,1633611445870,-0.296875,-1.274231,-0.29229736,-4.65625,6.421875,-2.234375,Respeck,Movement,9,s1714206,
627,1633611445939,-0.12231445,-1.2034302,-0.284729,3.09375,11.3125,0.21875,Respeck,Movement,9,s1714206,
628,1633611445953,0.17626953,-1.2168579,-0.3135376,-26.296875,8.140625,17.078125,Respeck,Movement,9,s1714206,
629,1633611445982,-0.10888672,-0.9595337,-0.2564087,-12.140625,2.65625,18.5625,Respeck,Movement,9,s1714206,
630,1633611446058,-0.09033203,-0.7202759,-0.18145752,-17.03125,0.515625,11.8125,Respeck,Movement,9,s1714206,
631,1633611446063,-0.06640625,-0.7354126,-0.16412354,-15.40625,-11.0625,1.59375,Respeck,Movement,9,s1714206,
632,1633611446134,-0.09423828,-0.45343018,-0.09820557,-21.3125,-12.0,15.34375,Respeck,Movement,9,s1714206,
633,1633611446147,-0.099365234,-0.5549927,-0.18634033,-7.015625,-11.5,16.140625,Respeck,Movement,9,s1714206,
634,1633611446179,-0.08544922,-0.7173462,-0.28131104,0.359375,-10.328125,5.703125,Respeck,Movement,9,s1714206,
635,1633611446255,-0.12841797,-0.79034424,-0.31329346,-2.609375,-17.3125,10.234375,Respeck,Movement,9,s1714206,
636,1633611446260,-0.19921875,-0.7608032,-0.23052979,11.421875,-12.71875,17.703125,Respeck,Movement,9,s1714206,
637,1633611446328,-0.28979492,-0.6826782,-0.20587158,8.953125,-0.578125,-0.78125,Respeck,Movement,9,s1714206,
638,1633611446344,-0.43408203,-0.75787354,-0.34747314,17.984375,-6.375,12.0,Respeck,Movement,9,s1714206,
639,1633611446373,-0.28808594,-0.5984497,-0.17901611,23.359375,8.75,10.9375,Respeck,Movement,9,s1714206,
640,1633611446448,-0.12475586,-0.5684204,-0.29278564,34.171875,16.03125,6.796875,Respeck,Movement,9,s1714206,
641,1633611446450,-0.13647461,-0.56915283,-0.27911377,49.25,6.609375,8.921875,Respeck,Movement,9,s1714206,
642,1633611446525,-0.11230469,-0.569397,-0.28131104,59.5,5.765625,7.40625,Respeck,Movement,9,s1714206,
643,1633611446539,-0.06982422,-0.569397,-0.19659424,47.078125,9.921875,8.90625,Respeck,Movement,9,s1714206,
644,1633611446568,-0.083496094,-0.5737915,-0.3682251,48.59375,2.0,13.859375,Respeck,Movement,9,s1714206,
645,1633611446643,-0.0043945312,-0.6248169,-0.5274048,41.28125,3.84375,17.609375,Respeck,Movement,9,s1714206,
646,1633611446648,0.10595703,-0.7822876,-0.5586548,29.609375,4.21875,15.1875,Respeck,Movement,9,s1714206,
647,1633611446720,0.010253906,-1.0979614,-0.7227173,30.84375,3.078125,11.3125,Respeck,Movement,9,s1714206,
648,1633611446734,-0.025390625,-1.383606,-0.84820557,-4.4375,4.765625,-7.0625,Respeck,Movement,9,s1714206,
649,1633611446762,0.047851562,-1.4043579,-1.0679321,-19.828125,12.203125,6.359375,Respeck,Movement,9,s1714206,
650,1633611446839,0.13720703,-1.2998657,-1.187561,-4.53125,-4.96875,19.484375,Respeck,Movement,9,s1714206,
651,1633611446844,0.16064453,-1.4421997,-1.1834106,5.25,-7.03125,7.28125,Respeck,Movement,9,s1714206,
652,1633611446914,0.034179688,-1.5637817,-1.0679321,1.28125,-21.5,1.015625,Respeck,Movement,9,s1714206,
653,1633611446928,0.111083984,-1.3574829,-1.0061646,-6.78125,-10.34375,8.5,Respeck,Movement,9,s1714206,
654,1633611446958,0.11694336,-1.2053833,-0.8945923,-18.15625,-2.171875,2.03125,Respeck,Movement,9,s1714206,
655,1633611447033,0.11425781,-1.1445923,-0.65631104,-21.578125,-3.5625,1.140625,Respeck,Movement,9,s1714206,
656,1633611447048,0.08227539,-0.9199829,-0.55596924,-26.953125,3.890625,2.40625,Respeck,Movement,9,s1714206,
657,1633611447077,0.14916992,-0.5942993,-0.37750244,-32.125,7.625,0.875,Respeck,Movement,9,s1714206,
658,1633611447152,0.12524414,-0.39752197,-0.32525635,-39.53125,1.375,-7.25,Respeck,Movement,9,s1714206,
659,1633611447158,0.072265625,-0.2859497,-0.19415283,-42.515625,-1.984375,-8.703125,Respeck,Movement,9,s1714206,
660,1633611447228,-0.018310547,-0.26983643,-0.24761963,-41.15625,1.328125,-7.1875,Respeck,Movement,9,s1714206,
661,1633611447304,-0.0061035156,-0.27398682,-0.20709229,-32.65625,-4.71875,-5.84375,Respeck,Movement,9,s1714206,
662,1633611447311,0.068359375,-0.3447876,-0.26348877,-19.65625,-6.15625,0.859375,Respeck,Movement,9,s1714206,
663,1633611447317,0.099365234,-0.394104,-0.2793579,-4.15625,-9.734375,1.109375,Respeck,Movement,9,s1714206,
664,1633611447348,0.045410156,-0.44488525,-0.18609619,13.109375,-12.546875,4.46875,Respeck,Movement,9,s1714206,
665,1633611447423,-0.064453125,-0.36383057,-0.15045166,22.078125,-4.0625,9.40625,Respeck,Movement,9,s1714206,
666,1633611447499,-0.15893555,-0.24151611,-0.09698486,23.78125,3.25,4.34375,Respeck,Movement,9,s1714206,
667,1633611447509,-0.18188477,-0.30010986,-0.23052979,27.390625,7.328125,-4.921875,Respeck,Movement,9,s1714206,
668,1633611447513,-0.15063477,-0.567688,-0.29571533,35.578125,7.859375,-6.71875,Respeck,Movement,9,s1714206,
669,1633611447545,0.09887695,-0.93170166,-0.5466919,23.9375,6.90625,-11.609375,Respeck,Movement,9,s1714206,
670,1633611447619,0.08544922,-1.4605103,-0.62628174,27.828125,10.703125,-3.65625,Respeck,Movement,9,s1714206,
671,1633611447632,0.1394043,-1.880188,-0.70147705,11.0,3.625,10.9375,Respeck,Movement,9,s1714206,
672,1633611447662,0.3022461,-1.8338013,-1.0493774,-9.625,8.4375,2.953125,Respeck,Movement,9,s1714206,
673,1633611447739,0.10449219,-1.831604,-0.9180298,-13.515625,-6.703125,-5.078125,Respeck,Movement,9,s1714206,
674,1633611447747,0.03857422,-1.6878052,-0.8508911,-20.5625,-5.640625,-2.953125,Respeck,Movement,9,s1714206,
675,1633611447815,0.024169922,-1.4746704,-0.7227173,-18.625,-3.765625,2.125,Respeck,Movement,9,s1714206,
676,1633611447828,0.06591797,-1.3086548,-0.59747314,-21.625,-3.84375,-1.828125,Respeck,Movement,9,s1714206,
677,1633611447857,0.035888672,-1.1592407,-0.41534424,-25.125,-0.265625,-2.515625,Respeck,Movement,9,s1714206,
678,1633611447934,0.033691406,-0.8530884,-0.2444458,-27.140625,1.71875,2.71875,Respeck,Movement,9,s1714206,
679,1633611447942,-0.025634766,-0.56036377,-0.20391846,-35.46875,8.421875,7.65625,Respeck,Movement,9,s1714206,
680,1633611448009,0.024414062,-0.2642212,-0.14459229,-30.703125,3.796875,2.1875,Respeck,Movement,9,s1714206,
681,1633611448022,-0.0053710938,-0.2732544,-0.16217041,-27.015625,-4.5625,-1.484375,Respeck,Movement,9,s1714206,
682,1633611448052,-0.00390625,-0.33795166,-0.18536377,-20.28125,5.28125,2.046875,Respeck,Movement,9,s1714206,
683,1633611448129,0.049316406,-0.28790283,-0.19732666,-5.234375,-7.859375,-2.140625,Respeck,Movement,9,s1714206,
684,1633611448136,0.009033203,-0.22296143,-0.29986572,7.515625,-10.5625,-6.0625,Respeck,Movement,9,s1714206,
685,1633611448204,-0.01953125,-0.255188,-0.12164307,16.875,-4.390625,-6.984375,Respeck,Movement,9,s1714206,
686,1633611448220,-0.055664062,-0.11138916,0.0014038086,41.140625,-6.65625,2.890625,Respeck,Movement,9,s1714206,
687,1633611448246,-0.2368164,-0.09307861,-0.051086426,39.15625,6.609375,3.6875,Respeck,Movement,9,s1714206,
688,1633611448323,0.040527344,-0.56988525,-0.44049072,31.0,8.90625,-5.171875,Respeck,Movement,9,s1714206,
689,1633611448329,0.20654297,-1.1514282,-0.472229,36.28125,-20.03125,-14.109375,Respeck,Movement,9,s1714206,
690,1633611448399,-0.05908203,-1.5110474,-0.5383911,46.234375,-9.3125,-2.015625,Respeck,Movement,9,s1714206,
691,1633611448414,0.091308594,-1.8276978,-0.6187134,31.609375,-1.015625,10.640625,Respeck,Movement,9,s1714206,
692,1633611448444,0.23242188,-1.6567993,-0.9846802,25.375,-6.109375,2.046875,Respeck,Movement,9,s1714206,
693,1633611448518,0.1274414,-1.8770142,-1.0789185,-10.046875,-17.65625,-15.5625,Respeck,Movement,9,s1714206,
694,1633611448525,0.23608398,-2.0,-0.90045166,3.5625,-21.84375,-10.140625,Respeck,Movement,9,s1714206,
695,1633611448593,0.13671875,-1.6936646,-0.8023071,0.859375,-19.546875,-9.546875,Respeck,Movement,9,s1714206,
696,1633611448607,0.029541016,-1.4859009,-0.6807251,-29.390625,-11.625,-27.0625,Respeck,Movement,9,s1714206,
697,1633611448638,0.109375,-1.3101196,-0.612854,-29.46875,-13.875,-17.96875,Respeck,Movement,9,s1714206,
698,1633611448715,0.001953125,-1.1646118,-0.3867798,-33.1875,-13.515625,-19.015625,Respeck,Movement,9,s1714206,
699,1633611448722,-0.087890625,-0.88604736,-0.20513916,-52.015625,9.140625,-12.640625,Respeck,Movement,9,s1714206,
700,1633611448789,0.010253906,-0.36187744,-0.34259033,-63.609375,18.453125,-4.140625,Respeck,Movement,9,s1714206,
701,1633611448803,0.046875,-0.21295166,-0.14703369,-69.5,8.53125,-12.09375,Respeck,Movement,9,s1714206,
702,1633611448832,0.023925781,-0.17047119,-0.12164307,-66.984375,1.375,-16.703125,Respeck,Movement,9,s1714206,
703,1633611448908,-0.0041503906,-0.31573486,-0.06451416,-52.984375,1.71875,-8.265625,Respeck,Movement,9,s1714206,
704,1633611448914,-0.05029297,-0.34747314,-0.07574463,-45.5,-11.203125,-3.25,Respeck,Movement,9,s1714206,
705,1633611448984,-0.08251953,-0.5100708,-0.018859863,-24.125,-14.921875,-6.921875,Respeck,Movement,9,s1714206,
706,1633611448998,-0.30639648,-0.95758057,-0.01373291,-1.65625,-17.40625,-9.046875,Respeck,Movement,9,s1714206,
707,1633611449029,-0.54418945,-1.1636353,-0.012023926,1.59375,-8.78125,-2.953125,Respeck,Movement,9,s1714206,
708,1633611449105,-0.35986328,-1.1773071,0.14105225,-19.4375,22.640625,2.453125,Respeck,Movement,9,s1714206,
709,1633611449118,-0.18603516,-0.94732666,0.18377686,-14.1875,32.9375,2.078125,Respeck,Movement,9,s1714206,
710,1633611449148,-0.11035156,-0.90582275,0.17327881,-3.65625,31.890625,7.609375,Respeck,Movement,9,s1714206,
711,1633611449225,-0.115478516,-0.8765259,0.17669678,-1.734375,25.859375,8.65625,Respeck,Movement,9,s1714206,
712,1633611449229,-0.18676758,-0.9807739,0.19696045,-2.15625,24.84375,4.515625,Respeck,Movement,9,s1714206,
713,1633611449298,-0.20703125,-1.0315552,0.18695068,-4.046875,32.3125,1.984375,Respeck,Movement,9,s1714206,
714,1633611449312,-0.19311523,-1.0154419,0.15130615,-4.640625,36.421875,1.75,Respeck,Movement,9,s1714206,
715,1633611449343,-0.20654297,-0.9338989,0.20306396,-2.109375,39.125,0.3125,Respeck,Movement,9,s1714206,
716,1633611449419,-0.3095703,-0.88238525,0.18133545,5.640625,37.171875,-0.34375,Respeck,Movement,9,s1714206,
717,1633611449424,-0.28222656,-0.96417236,0.11053467,6.390625,34.578125,-2.09375,Respeck,Movement,9,s1714206,
718,1633611449496,-0.23901367,-1.0010376,0.12664795,0.5625,26.90625,-2.828125,Respeck,Movement,9,s1714206,
719,1633611449508,-0.23828125,-0.9776001,0.14471436,-1.546875,23.890625,-1.828125,Respeck,Movement,9,s1714206,
720,1633611449537,-0.09692383,-1.0393677,0.057800293,0.484375,16.03125,-1.203125,Respeck,Movement,9,s1714206,
721,1633611449614,-0.027832031,-1.0757446,0.036315918,18.375,10.359375,2.0,Respeck,Movement,9,s1714206,
722,1633611449619,0.095458984,-1.1980591,0.030700684,9.90625,5.9375,6.796875,Respeck,Movement,9,s1714206,
723,1633611449689,-0.039794922,-1.0169067,0.23284912,5.15625,15.953125,9.4375,Respeck,Movement,9,s1714206,
724,1633611449704,-0.00390625,-0.73394775,0.12738037,10.265625,24.109375,10.3125,Respeck,Movement,9,s1714206,
725,1633611449733,0.07055664,-0.63531494,-0.0012817383,14.765625,26.546875,2.96875,Respeck,Movement,9,s1714206,
726,1633611449808,0.072021484,-0.71099854,-0.10284424,34.265625,17.484375,-0.625,Respeck,Movement,9,s1714206,
727,1633611449813,0.16088867,-0.7334595,-0.07647705,60.625,18.203125,2.421875,Respeck,Movement,9,s1714206,
728,1633611449883,0.11621094,-0.76763916,-0.1494751,89.65625,26.03125,9.125,Respeck,Movement,9,s1714206,
729,1633611449898,0.13671875,-0.6589966,-0.09991455,84.984375,22.96875,24.859375,Respeck,Movement,9,s1714206,
730,1633611449928,0.18261719,-0.7402954,-0.24615479,76.109375,23.515625,14.640625,Respeck,Movement,9,s1714206,
731,1633611450005,0.10595703,-0.7407837,-0.30523682,65.25,16.3125,1.46875,Respeck,Movement,9,s1714206,
732,1633611450014,0.07739258,-0.5576782,-0.22174072,60.59375,10.5625,3.25,Respeck,Movement,9,s1714206,
733,1633611450078,0.15991211,-0.6670532,-0.42681885,25.15625,13.78125,1.1875,Respeck,Movement,9,s1714206,
734,1633611450093,0.3564453,-0.83306885,-0.72491455,28.203125,-8.671875,-2.609375,Respeck,Movement,9,s1714206,
735,1633611450125,0.22753906,-1.0352173,-1.0046997,16.359375,-34.6875,-15.390625,Respeck,Movement,9,s1714206,
736,1633611450198,0.16577148,-1.2879028,-0.881897,20.5,-51.671875,-21.890625,Respeck,Movement,9,s1714206,
737,1633611450203,-0.15991211,-1.6038208,-1.0076294,-13.96875,4.6875,-8.625,Respeck,Movement,9,s1714206,
738,1633611450274,0.0859375,-1.3457642,-0.8657837,-14.984375,-17.109375,9.796875,Respeck,Movement,9,s1714206,
739,1633611450288,0.052490234,-1.357727,-0.92071533,-0.21875,-0.5,17.46875,Respeck,Movement,9,s1714206,
740,1633611450318,0.24609375,-1.6956177,-0.67559814,-8.03125,-0.6875,-9.1875,Respeck,Movement,9,s1714206,
741,1633611450392,0.3232422,-1.3113403,-0.6890259,79.46875,-9.46875,-6.109375,Respeck,Movement,9,s1714206,
742,1633611450396,0.2944336,-1.1482544,-0.95977783,-82.375,34.28125,6.546875,Respeck,Movement,9,s1714206,
743,1633611450468,-0.02758789,-0.57281494,-0.34674072,-42.171875,-9.5,-1.328125,Respeck,Movement,9,s1714206,
744,1633611450484,0.03930664,-0.9570923,-0.5286255,-59.4375,1.640625,-2.53125,Respeck,Movement,9,s1714206,
745,1633611450512,0.0,-0.8687134,-0.4036255,-42.0,10.875,-1.015625,Respeck,Movement,9,s1714206,
746,1633611450587,-0.05810547,-0.72857666,-0.22271729,-52.703125,10.21875,3.015625,Respeck,Movement,9,s1714206,
747,1633611450593,-0.07055664,-0.70880127,-0.15802002,-50.359375,15.953125,2.96875,Respeck,Movement,9,s1714206,
748,1633611450662,-0.036132812,-0.67755127,-0.19390869,-53.625,15.796875,6.84375,Respeck,Movement,9,s1714206,
749,1633611450678,-0.041992188,-0.5508423,-0.1428833,-53.546875,15.875,6.4375,Respeck,Movement,9,s1714206,
750,1633611450708,-0.12841797,-0.5803833,-0.10040283,-44.765625,16.0,2.59375,Respeck,Movement,9,s1714206,
751,1633611450784,-0.17480469,-0.7241821,-0.066223145,-32.1875,18.3125,-1.609375,Respeck,Movement,9,s1714206,
752,1633611450790,-0.096191406,-0.7710571,-0.00030517578,-25.75,16.15625,-1.296875,Respeck,Movement,9,s1714206,
753,1633611450859,-0.13330078,-0.87506104,0.06414795,-16.78125,13.609375,-2.234375,Respeck,Movement,9,s1714206,
754,1633611450872,-0.119628906,-0.9092407,0.11444092,-19.578125,10.09375,-2.375,Respeck,Movement,9,s1714206,
755,1633611450903,-0.11767578,-0.7276001,0.061462402,-6.796875,-21.96875,-6.859375,Respeck,Movement,9,s1714206,
756,1633611450978,-0.053710938,-1.0750122,0.0524292,2.59375,-37.484375,-6.828125,Respeck,Movement,9,s1714206,
757,1633611450993,-0.060546875,-1.1428833,0.23797607,-8.703125,-11.125,-0.234375,Respeck,Movement,9,s1714206,
758,1633611451023,-0.28686523,-1.0071411,0.112976074,-8.328125,-4.828125,5.15625,Respeck,Movement,9,s1714206,
759,1633611451099,-0.21704102,-1.022522,0.17547607,-6.65625,-4.421875,3.96875,Respeck,Movement,9,s1714206,
760,1633611451103,-0.31201172,-1.0198364,0.19940186,-4.375,11.515625,2.96875,Respeck,Movement,9,s1714206,
761,1633611451174,-0.19458008,-0.87091064,0.18450928,-4.25,27.6875,4.171875,Respeck,Movement,9,s1714206,
762,1633611451191,-0.06640625,-0.7476196,0.120788574,2.734375,25.0,7.25,Respeck,Movement,9,s1714206,
763,1633611451217,0.10131836,-0.65997314,0.034362793,12.296875,29.28125,11.28125,Respeck,Movement,9,s1714206,
764,1633611451294,0.30493164,-0.18878174,0.12371826,38.15625,19.953125,21.78125,Respeck,Movement,9,s1714206,
765,1633611451299,-0.103271484,-0.22076416,0.11444092,34.609375,21.203125,15.84375,Respeck,Movement,9,s1714206,
766,1633611451367,-0.28759766,-0.9985962,0.07977295,23.625,33.53125,-13.875,Respeck,Movement,9,s1714206,
767,1633611451383,-0.18432617,-2.0,-0.08428955,32.171875,37.109375,-18.65625,Respeck,Movement,9,s1714206,
768,1633611451414,0.25146484,-2.0,-0.2185669,10.8125,54.453125,17.40625,Respeck,Movement,9,s1714206,
769,1633611451488,-0.022460938,-1.8967896,-0.18487549,11.015625,67.875,-3.90625,Respeck,Movement,9,s1714206,
770,1633611451494,-0.036132812,-1.7634888,-0.362854,3.734375,41.90625,-0.765625,Respeck,Movement,9,s1714206,
771,1633611451562,0.05029297,-1.555481,-0.035461426,-48.890625,61.21875,6.203125,Respeck,Movement,9,s1714206,
772,1633611451577,0.010498047,-1.0925903,-0.16339111,-17.375,55.15625,11.9375,Respeck,Movement,9,s1714206,
773,1633611451608,0.2355957,-0.8062134,-0.14068604,-37.75,46.859375,7.640625,Respeck,Movement,9,s1714206,
774,1633611451684,0.23168945,-0.848938,-0.012023926,-18.375,36.46875,5.015625,Respeck,Movement,9,s1714206,
775,1633611451692,0.11645508,-0.68463135,0.0004272461,-31.65625,31.15625,5.375,Respeck,Movement,9,s1714206,
776,1633611451758,-0.10424805,-0.52423096,0.013122559,-23.671875,32.671875,1.921875,Respeck,Movement,9,s1714206,
777,1633611451773,-0.03857422,-0.5003052,0.08319092,-16.375,31.296875,-0.0625,Respeck,Movement,9,s1714206,
778,1633611451801,0.020751953,-0.6304321,0.1552124,-12.015625,33.015625,-3.28125,Respeck,Movement,9,s1714206,
779,1633611451878,-0.14794922,-0.69122314,0.20697021,-13.609375,36.1875,0.375,Respeck,Movement,9,s1714206,
780,1633611451886,-0.13427734,-0.8237915,0.4159546,-4.796875,44.765625,-4.953125,Respeck,Movement,9,s1714206,
781,1633611451954,-0.2944336,-1.0501099,0.4303589,-9.1875,57.25,-9.0625,Respeck,Movement,9,s1714206,
782,1633611451967,-0.49951172,-1.010315,0.39471436,-12.015625,62.359375,-12.890625,Respeck,Movement,9,s1714206,
783,1633611451996,-0.26513672,-1.131897,-0.06890869,-26.078125,109.9375,-21.140625,Respeck,Movement,9,s1714206,
784,1633611452075,-0.6191406,-1.7549438,0.06488037,-20.53125,102.0625,-46.453125,Respeck,Movement,9,s1714206,
785,1633611452082,-0.14404297,-1.159729,-0.1585083,-37.109375,121.296875,-9.796875,Respeck,Movement,9,s1714206,
786,1633611452147,-0.084228516,-0.86016846,-0.093566895,-26.546875,140.60938,-2.0625,Respeck,Movement,9,s1714206,
787,1633611452162,0.044433594,-0.69732666,-0.2444458,1.625,126.328125,-16.984375,Respeck,Movement,9,s1714206,
788,1633611452194,0.25317383,-0.784729,-0.0044555664,43.46875,97.34375,-29.140625,Respeck,Movement,9,s1714206,
789,1633611452269,-0.11230469,-1.2068481,0.17523193,24.515625,78.421875,-16.046875,Respeck,Movement,9,s1714206,
790,1633611452274,-0.013671875,-0.862854,0.27215576,3.328125,56.078125,-17.21875,Respeck,Movement,9,s1714206,
791,1633611452344,0.072509766,-0.880188,0.1954956,3.125,30.40625,-10.515625,Respeck,Movement,9,s1714206,
792,1633611452359,0.16699219,-0.9714966,0.262146,7.046875,13.359375,-9.640625,Respeck,Movement,9,s1714206,
793,1633611452387,0.1315918,-1.0681763,0.25775146,13.28125,-0.8125,-1.734375,Respeck,Movement,9,s1714206,
794,1633611452465,0.20239258,-1.0708618,0.086364746,21.578125,-27.171875,6.921875,Respeck,Movement,9,s1714206,
795,1633611452470,0.103027344,-1.0618286,0.16815186,10.140625,-53.0,11.328125,Respeck,Movement,9,s1714206,
796,1633611452539,-0.31689453,-1.1768188,0.19158936,11.609375,-55.96875,13.515625,Respeck,Movement,9,s1714206,
797,1633611452552,-0.5234375,-1.2576294,0.22235107,7.25,-47.3125,10.609375,Respeck,Movement,9,s1714206,
798,1633611452582,0.2319336,-1.4343872,0.38153076,-13.15625,-61.734375,6.515625,Respeck,Movement,9,s1714206,
799,1633611452660,0.43359375,-1.1738892,-0.18218994,-0.375,-97.078125,11.9375,Respeck,Movement,9,s1714206,
800,1633611452666,0.31079102,-0.80548096,-0.34698486,-7.75,-109.828125,22.15625,Respeck,Movement,9,s1714206,
801,1633611452733,0.15209961,-0.3435669,-0.31158447,-37.484375,-127.25,0.125,Respeck,Movement,9,s1714206,
802,1633611452747,-0.06762695,-1.3870239,0.10345459,-8.109375,-111.0,-8.4375,Respeck,Movement,9,s1714206,
803,1633611452778,-0.6633301,-1.5061646,0.0692749,-90.21875,-46.421875,34.5,Respeck,Movement,9,s1714206,
804,1633611452854,-0.40576172,-0.62579346,0.59539795,-64.046875,17.359375,49.96875,Respeck,Movement,9,s1714206,
805,1633611452868,-0.15820312,-0.33746338,0.4772339,-16.015625,6.84375,0.46875,Respeck,Movement,9,s1714206,
806,1633611452897,0.027832031,-0.88482666,0.57244873,3.578125,29.984375,2.859375,Respeck,Movement,9,s1714206,
807,1633611452975,-0.10913086,-0.8665161,0.53167725,4.046875,28.21875,-10.796875,Respeck,Movement,9,s1714206,
808,1633611452979,-0.0126953125,-0.8081665,0.33319092,-1.765625,30.703125,-18.296875,Respeck,Movement,9,s1714206,
809,1633611453049,0.0146484375,-0.91192627,0.42108154,10.078125,31.46875,-29.5,Respeck,Movement,9,s1714206,
810,1633611453063,0.010009766,-0.9956665,0.31585693,9.6875,24.9375,-25.5625,Respeck,Movement,9,s1714206,
811,1633611453094,0.1965332,-0.93096924,0.37982178,11.5,18.921875,-17.828125,Respeck,Movement,9,s1714206,
812,1633611453170,-0.0390625,-1.0049438,0.6437378,4.390625,28.796875,-26.421875,Respeck,Movement,9,s1714206,
813,1633611453176,-0.37402344,-0.9824829,0.6898804,-8.015625,47.375,-34.859375,Respeck,Movement,9,s1714206,
814,1633611453245,-0.33203125,-0.8101196,0.6942749,-19.625,63.90625,-34.671875,Respeck,Movement,9,s1714206,
815,1633611453259,-0.1652832,-1.5818481,0.184021,-16.515625,36.78125,-68.6875,Respeck,Movement,9,s1714206,
816,1633611453286,-0.005126953,-1.5039673,0.322937,-17.234375,47.28125,-14.828125,Respeck,Movement,9,s1714206,
817,1633611453364,-0.1977539,-0.8279419,-0.023010254,-14.203125,78.3125,2.8125,Respeck,Movement,9,s1714206,
818,1633611453371,0.030029297,-0.36016846,0.053649902,33.875,58.796875,-30.140625,Respeck,Movement,9,s1714206,
819,1633611453439,-0.064208984,-0.74053955,0.078308105,49.25,67.203125,-27.796875,Respeck,Movement,9,s1714206,
820,1633611453452,-0.10058594,-1.3789673,0.121032715,29.875,49.234375,-29.859375,Respeck,Movement,9,s1714206,
821,1633611453487,0.08129883,-1.1338501,0.19598389,1.59375,30.0625,-3.703125,Respeck,Movement,9,s1714206,
822,1633611453559,-0.5046387,-0.9795532,0.36151123,14.65625,40.25,-2.28125,Respeck,Movement,9,s1714206,
823,1633611453565,-0.36132812,-0.8682251,0.29510498,11.03125,38.3125,-6.71875,Respeck,Movement,9,s1714206,
824,1633611453635,-0.18579102,-0.944397,0.23724365,23.375,22.875,-4.21875,Respeck,Movement,9,s1714206,
825,1633611453647,-0.16918945,-0.92510986,0.23846436,18.671875,12.921875,8.40625,Respeck,Movement,9,s1714206,
826,1633611453678,-0.31689453,-0.8140259,0.21502686,19.796875,4.859375,5.90625,Respeck,Movement,9,s1714206,
827,1633611453753,-0.42822266,-0.90631104,0.1720581,7.3125,5.0,5.5625,Respeck,Movement,9,s1714206,
828,1633611453830,-0.40551758,-0.84747314,0.12762451,-0.265625,14.265625,-0.140625,Respeck,Movement,9,s1714206,
829,1633611453836,-0.30932617,-1.2158813,0.105163574,10.140625,14.75,-10.25,Respeck,Movement,9,s1714206,
830,1633611453844,0.16870117,-1.7437134,0.26019287,7.390625,6.359375,-16.15625,Respeck,Movement,9,s1714206,
831,1633611453874,0.14086914,-1.175354,0.45550537,-20.03125,30.203125,4.90625,Respeck,Movement,9,s1714206,
832,1633611453948,-0.40307617,-0.7341919,0.050720215,-16.8125,37.765625,6.734375,Respeck,Movement,9,s1714206,
833,1633611453954,0.1784668,-0.6963501,0.025817871,-12.3125,22.953125,-11.921875,Respeck,Movement,9,s1714206,
834,1633611454023,0.13745117,-1.1709595,0.31732178,10.203125,15.765625,-26.625,Respeck,Movement,9,s1714206,
835,1633611454038,-0.0769043,-1.4317017,0.3024292,-6.90625,38.84375,-1.234375,Respeck,Movement,9,s1714206,
836,1633611454067,-0.3347168,-0.86309814,0.2411499,-20.03125,55.65625,3.75,Respeck,Movement,9,s1714206,
837,1633611454144,-0.02734375,-0.7373657,0.20941162,-5.4375,54.578125,-4.296875,Respeck,Movement,9,s1714206,
838,1633611454152,0.0234375,-0.9163208,0.3649292,0.875,55.828125,-18.5625,Respeck,Movement,9,s1714206,
839,1633611454220,-0.21020508,-0.97735596,0.4237671,1.890625,61.6875,-10.34375,Respeck,Movement,9,s1714206,
840,1633611454234,-0.1706543,-0.83013916,0.33172607,-7.703125,70.40625,-8.96875,Respeck,Movement,9,s1714206,
841,1633611454263,-0.118652344,-0.7564087,0.29144287,-4.6875,74.828125,-17.546875,Respeck,Movement,9,s1714206,
842,1633611454339,-0.14208984,-0.87506104,0.29656982,1.0625,71.125,-29.578125,Respeck,Movement,9,s1714206,
843,1633611454345,-0.061035156,-0.9800415,0.25604248,-0.890625,60.234375,-32.875,Respeck,Movement,9,s1714206,
844,1633611454413,0.059814453,-0.9920044,0.3151245,1.59375,44.625,-33.03125,Respeck,Movement,9,s1714206,
845,1633611454428,-0.15209961,-1.8482056,0.31536865,12.390625,8.359375,-40.453125,Respeck,Movement,9,s1714206,
846,1633611454457,-0.4506836,-1.2901001,0.20281982,-10.8125,27.46875,-18.0,Respeck,Movement,9,s1714206,
847,1633611454534,-0.23486328,-0.71295166,0.4039917,-5.390625,46.3125,4.09375,Respeck,Movement,9,s1714206,
848,1633611454542,0.013671875,-0.4216919,0.18084717,4.390625,59.609375,-12.71875,Respeck,Movement,9,s1714206,
849,1633611454608,-0.17114258,-0.83135986,0.18304443,10.03125,44.703125,-19.515625,Respeck,Movement,9,s1714206,
850,1633611454623,-0.22875977,-1.1931763,0.24334717,16.03125,26.890625,-25.3125,Respeck,Movement,9,s1714206,
851,1633611454652,-0.34814453,-1.0696411,0.17962646,8.46875,37.234375,-10.421875,Respeck,Movement,9,s1714206,
852,1633611454729,-0.26416016,-0.9326782,0.23846436,7.953125,43.859375,-12.046875,Respeck,Movement,9,s1714206,
853,1633611454743,-0.27612305,-0.98223877,0.25457764,8.75,43.3125,-18.421875,Respeck,Movement,9,s1714206,
