,timestamp,accel_x,accel_y,accel_z,gyro_x,gyro_y,gyro_z,mag_x,mag_y,mag_z,sensor_type,activity_type,activity_code,subject_id,notes
0,1633513701756,-0.9794922,-0.2265625,-0.12402344,-2.0,0.4375,0.0,0.0,0.0,0.0,Thingy,Standing,100,s1714206,1
1,1633513701786,-0.96875,-0.22460938,-0.12597656,-2.5,0.28125,-0.59375,0.0,0.0,0.0,Thingy,Standing,100,s1714206,1
2,1633513701849,-0.97753906,-0.22167969,-0.13476562,-2.125,0.34375,-0.40625,0.0,0.0,0.0,Thingy,Standing,100,s1714206,1
3,1633513701877,-0.98339844,-0.21875,-0.12792969,-1.46875,0.34375,-0.15625,0.0,0.0,0.0,Thingy,Standing,100,s1714206,1
4,1633513701908,-0.96972656,-0.20996094,-0.12597656,-0.1875,0.28125,-0.28125,0.0,0.0,0.0,Thingy,Standing,100,s1714206,1
5,1633513701970,-0.9794922,-0.21875,-0.13867188,0.0,0.03125,-0.15625,-36.125,14.4375,-132.5,Thingy,Standing,100,s1714206,1
6,1633513701996,-0.9814453,-0.20898438,-0.13183594,-0.25,-0.46875,-0.28125,0.0,0.0,0.0,Thingy,Standing,100,s1714206,1
7,1633513702027,-0.9589844,-0.21972656,-0.13085938,-0.59375,-0.84375,-0.71875,0.0,0.0,0.0,Thingy,Standing,100,s1714206,1
8,1633513702088,-0.9814453,-0.21386719,-0.13964844,-0.3125,-1.0,-0.46875,0.0,0.0,0.0,Thingy,Standing,100,s1714206,1
9,1633513702118,-0.98046875,-0.21582031,-0.14550781,-0.375,-1.0,-0.09375,0.0,0.0,0.0,Thingy,Standing,100,s1714206,1
10,1633513702148,-0.9707031,-0.21191406,-0.13769531,-0.0625,-1.0625,0.5,0.0,0.0,0.0,Thingy,Standing,100,s1714206,1
11,1633513702209,-0.98535156,-0.21972656,-0.13378906,1.28125,-1.0625,-0.09375,0.0,0.0,0.0,Thingy,Standing,100,s1714206,1
12,1633513702237,-0.9785156,-0.22753906,-0.13671875,1.71875,-0.40625,0.0,0.0,0.0,0.0,Thingy,Standing,100,s1714206,1
13,1633513702267,-0.97265625,-0.22460938,-0.12695312,1.65625,0.15625,-0.03125,0.0,0.0,0.0,Thingy,Standing,100,s1714206,1
14,1633513702329,-0.9746094,-0.22558594,-0.12597656,0.625,0.5,-0.53125,0.0,0.0,0.0,Thingy,Standing,100,s1714206,1
15,1633513702357,-0.98339844,-0.22167969,-0.12695312,0.5,0.34375,-0.78125,0.0,0.0,0.0,Thingy,Standing,100,s1714206,1
16,1633513702388,-0.9736328,-0.21972656,-0.13574219,0.25,0.21875,-0.59375,0.0,0.0,0.0,Thingy,Standing,100,s1714206,1
17,1633513702447,-0.9794922,-0.21972656,-0.140625,-0.46875,-0.34375,-1.15625,0.0,0.0,0.0,Thingy,Standing,100,s1714206,1
18,1633513702478,-0.9765625,-0.22460938,-0.13085938,-0.71875,0.03125,-1.375,-35.125,15.8125,-132.1875,Thingy,Standing,100,s1714206,1
19,1633513702508,-0.9736328,-0.22167969,-0.12011719,-0.59375,0.15625,-1.09375,0.0,0.0,0.0,Thingy,Standing,100,s1714206,1
20,1633513702570,-0.96875,-0.21875,-0.13183594,-1.03125,-0.03125,-1.03125,0.0,0.0,0.0,Thingy,Standing,100,s1714206,1
21,1633513702601,-0.97558594,-0.21777344,-0.12207031,-1.21875,-0.15625,-1.3125,0.0,0.0,0.0,Thingy,Standing,100,s1714206,1
22,1633513702627,-0.9765625,-0.22363281,-0.13183594,-0.78125,1.125,-0.90625,0.0,0.0,0.0,Thingy,Standing,100,s1714206,1
23,1633513702688,-0.97265625,-0.22265625,-0.12207031,-0.375,1.71875,-0.15625,0.0,0.0,0.0,Thingy,Standing,100,s1714206,1
24,1633513702718,-0.97558594,-0.22753906,-0.1328125,0.25,3.0,0.375,0.0,0.0,0.0,Thingy,Standing,100,s1714206,1
25,1633513702747,-0.97753906,-0.22265625,-0.12988281,0.3125,2.65625,1.0,0.0,0.0,0.0,Thingy,Standing,100,s1714206,1
26,1633513702807,-0.96972656,-0.21679688,-0.13085938,0.6875,2.65625,0.4375,0.0,0.0,0.0,Thingy,Standing,100,s1714206,1
27,1633513702839,-0.96777344,-0.22949219,-0.1328125,0.8125,2.21875,0.1875,0.0,0.0,0.0,Thingy,Standing,100,s1714206,1
28,1633513702868,-0.9667969,-0.22851562,-0.12792969,0.125,1.3125,0.25,0.0,0.0,0.0,Thingy,Standing,100,s1714206,1
29,1633513702929,-0.98046875,-0.2265625,-0.13671875,-0.46875,-0.53125,-0.03125,0.0,0.0,0.0,Thingy,Standing,100,s1714206,1
30,1633513702959,-0.97265625,-0.22070312,-0.15234375,-0.0625,-0.71875,-0.46875,-34.375,12.625,-131.125,Thingy,Standing,100,s1714206,1
31,1633513702988,-0.9785156,-0.22949219,-0.13574219,0.625,-0.46875,-0.28125,0.0,0.0,0.0,Thingy,Standing,100,s1714206,1
32,1633513703048,-0.9765625,-0.22753906,-0.13964844,1.09375,0.28125,-0.03125,0.0,0.0,0.0,Thingy,Standing,100,s1714206,1
33,1633513703078,-0.9746094,-0.234375,-0.13574219,1.84375,0.5,-0.15625,0.0,0.0,0.0,Thingy,Standing,100,s1714206,1
34,1633513703107,-0.98339844,-0.22265625,-0.12695312,2.09375,1.1875,0.0625,0.0,0.0,0.0,Thingy,Standing,100,s1714206,1
35,1633513703167,-0.9667969,-0.2265625,-0.12890625,2.09375,1.6875,0.0625,0.0,0.0,0.0,Thingy,Standing,100,s1714206,1
36,1633513703207,-0.9814453,-0.22851562,-0.13574219,1.34375,1.90625,0.0,0.0,0.0,0.0,Thingy,Standing,100,s1714206,1
37,1633513703227,-0.96777344,-0.23632812,-0.140625,1.34375,1.90625,0.25,0.0,0.0,0.0,Thingy,Standing,100,s1714206,1
38,1633513703289,-0.97558594,-0.22949219,-0.13085938,1.34375,1.6875,-0.03125,0.0,0.0,0.0,Thingy,Standing,100,s1714206,1
39,1633513703317,-0.9746094,-0.22558594,-0.14648438,0.96875,1.71875,-0.21875,0.0,0.0,0.0,Thingy,Standing,100,s1714206,1
40,1633513703347,-0.96777344,-0.22851562,-0.14355469,0.625,0.8125,-0.28125,0.0,0.0,0.0,Thingy,Standing,100,s1714206,1
41,1633513703409,-0.9716797,-0.22363281,-0.14648438,0.5625,0.9375,-1.03125,0.0,0.0,0.0,Thingy,Standing,100,s1714206,1
42,1633513703438,-0.96875,-0.22265625,-0.14257812,0.4375,0.625,-0.65625,0.0,0.0,0.0,Thingy,Standing,100,s1714206,1
43,1633513703469,-0.9746094,-0.22167969,-0.1328125,0.6875,0.875,-0.71875,-34.375,14.0,-132.9375,Thingy,Standing,100,s1714206,1
44,1633513703529,-0.984375,-0.22167969,-0.12988281,0.5,0.6875,-0.40625,0.0,0.0,0.0,Thingy,Standing,100,s1714206,1
45,1633513703560,-0.9794922,-0.21777344,-0.14941406,0.0,1.125,-0.46875,0.0,0.0,0.0,Thingy,Standing,100,s1714206,1
46,1633513703590,-0.9746094,-0.22851562,-0.13183594,-0.1875,0.9375,-0.84375,0.0,0.0,0.0,Thingy,Standing,100,s1714206,1
47,1633513703651,-0.9736328,-0.22949219,-0.13378906,-0.46875,0.5625,-0.40625,0.0,0.0,0.0,Thingy,Standing,100,s1714206,1
48,1633513703678,-0.9716797,-0.22949219,-0.13574219,-0.3125,0.28125,-0.34375,0.0,0.0,0.0,Thingy,Standing,100,s1714206,1
49,1633513703709,-0.96972656,-0.234375,-0.1328125,-0.84375,0.5625,-0.21875,0.0,0.0,0.0,Thingy,Standing,100,s1714206,1
50,1633513703767,-0.96875,-0.22265625,-0.15234375,-1.21875,0.4375,-0.03125,0.0,0.0,0.0,Thingy,Standing,100,s1714206,1
51,1633513703797,-0.97265625,-0.2265625,-0.14550781,-1.46875,0.4375,0.0,0.0,0.0,0.0,Thingy,Standing,100,s1714206,1
52,1633513703827,-0.9707031,-0.23339844,-0.14550781,-1.71875,0.15625,-0.34375,0.0,0.0,0.0,Thingy,Standing,100,s1714206,1
53,1633513703888,-0.9746094,-0.22949219,-0.15429688,-1.46875,0.03125,-0.78125,0.0,0.0,0.0,Thingy,Standing,100,s1714206,1
54,1633513703918,-0.96972656,-0.23632812,-0.1484375,-0.90625,0.5,-0.59375,0.0,0.0,0.0,Thingy,Standing,100,s1714206,1
55,1633513703947,-0.96484375,-0.23046875,-0.14941406,-0.4375,0.6875,-0.28125,-35.125,14.4375,-131.125,Thingy,Standing,100,s1714206,1
56,1633513704008,-0.9746094,-0.22265625,-0.15039062,-0.3125,0.875,-0.46875,0.0,0.0,0.0,Thingy,Standing,100,s1714206,1
57,1633513704039,-0.9814453,-0.22851562,-0.13574219,0.0625,0.75,-0.34375,0.0,0.0,0.0,Thingy,Standing,100,s1714206,1
58,1633513704068,-0.9707031,-0.22363281,-0.14257812,0.375,1.1875,-0.40625,0.0,0.0,0.0,Thingy,Standing,100,s1714206,1
59,1633513704130,-0.9589844,-0.23242188,-0.15527344,0.0625,0.625,-0.34375,0.0,0.0,0.0,Thingy,Standing,100,s1714206,1
60,1633513704159,-0.97265625,-0.23144531,-0.14453125,-0.46875,0.4375,-0.65625,0.0,0.0,0.0,Thingy,Standing,100,s1714206,1
61,1633513704190,-0.9824219,-0.22558594,-0.15136719,-0.71875,1.0,-0.40625,0.0,0.0,0.0,Thingy,Standing,100,s1714206,1
62,1633513704249,-0.9716797,-0.22753906,-0.14355469,-1.03125,0.15625,-0.28125,0.0,0.0,0.0,Thingy,Standing,100,s1714206,1
63,1633513704278,-0.9707031,-0.23339844,-0.15527344,-0.78125,0.15625,-0.65625,0.0,0.0,0.0,Thingy,Standing,100,s1714206,1
64,1633513704307,-0.9736328,-0.22753906,-0.15917969,-0.90625,-0.40625,-0.15625,0.0,0.0,0.0,Thingy,Standing,100,s1714206,1
65,1633513704368,-0.97265625,-0.2265625,-0.15039062,-0.96875,-0.03125,-0.40625,0.0,0.0,0.0,Thingy,Standing,100,s1714206,1
66,1633513704399,-0.9628906,-0.22949219,-0.12988281,-1.46875,-1.4375,-0.53125,0.0,0.0,0.0,Thingy,Standing,100,s1714206,1
67,1633513704429,-0.9736328,-0.23339844,-0.13476562,-2.6875,-2.28125,-0.59375,0.0,0.0,0.0,Thingy,Standing,100,s1714206,1
68,1633513704488,-0.9736328,-0.23242188,-0.13671875,-3.59375,-2.34375,-0.28125,-34.375,13.6875,-133.25,Thingy,Standing,100,s1714206,1
69,1633513704518,-0.9667969,-0.22460938,-0.15332031,-3.96875,-1.9375,0.375,0.0,0.0,0.0,Thingy,Standing,100,s1714206,1
70,1633513704549,-0.9707031,-0.21386719,-0.15429688,-2.875,-2.21875,0.75,0.0,0.0,0.0,Thingy,Standing,100,s1714206,1
71,1633513704609,-0.9814453,-0.21777344,-0.14550781,-1.875,-1.6875,0.25,0.0,0.0,0.0,Thingy,Standing,100,s1714206,1
72,1633513704639,-0.96972656,-0.21777344,-0.13476562,-0.46875,-1.375,0.375,0.0,0.0,0.0,Thingy,Standing,100,s1714206,1
73,1633513704666,-0.97753906,-0.234375,-0.13574219,-0.46875,-1.375,0.125,0.0,0.0,0.0,Thingy,Standing,100,s1714206,1
74,1633513704730,-0.97265625,-0.23925781,-0.15625,-1.46875,-1.3125,0.3125,0.0,0.0,0.0,Thingy,Standing,100,s1714206,1
75,1633513704759,-0.9746094,-0.23242188,-0.1328125,-2.5625,-1.25,-0.03125,0.0,0.0,0.0,Thingy,Standing,100,s1714206,1
76,1633513704791,-0.9658203,-0.22949219,-0.14453125,-3.34375,-1.0625,-0.65625,0.0,0.0,0.0,Thingy,Standing,100,s1714206,1
77,1633513704849,-0.9765625,-0.22070312,-0.14648438,-3.28125,-1.3125,-0.71875,0.0,0.0,0.0,Thingy,Standing,100,s1714206,1
78,1633513704878,-0.9746094,-0.21875,-0.14550781,-3.21875,-1.625,-0.71875,0.0,0.0,0.0,Thingy,Standing,100,s1714206,1
79,1633513704907,-0.9785156,-0.2265625,-0.14941406,-2.4375,-1.6875,-0.84375,0.0,0.0,0.0,Thingy,Standing,100,s1714206,1
80,1633513704972,-0.9667969,-0.21875,-0.14453125,-1.65625,-0.15625,-0.84375,-34.375,13.375,-132.1875,Thingy,Standing,100,s1714206,1
81,1633513704997,-0.9658203,-0.21289062,-0.14453125,-1.21875,0.03125,-0.15625,0.0,0.0,0.0,Thingy,Standing,100,s1714206,1
82,1633513705028,-0.9707031,-0.22070312,-0.14941406,-0.59375,-0.53125,-0.40625,0.0,0.0,0.0,Thingy,Standing,100,s1714206,1
83,1633513705088,-0.9794922,-0.22363281,-0.13476562,-0.25,-1.6875,-0.34375,0.0,0.0,0.0,Thingy,Standing,100,s1714206,1
84,1633513705118,-0.9746094,-0.22558594,-0.12207031,0.75,-0.65625,-0.59375,0.0,0.0,0.0,Thingy,Standing,100,s1714206,1
85,1633513705147,-0.9638672,-0.22753906,-0.14160156,0.375,-0.78125,-0.09375,0.0,0.0,0.0,Thingy,Standing,100,s1714206,1
86,1633513705209,-0.9765625,-0.22753906,-0.13867188,-0.0625,-1.6875,-0.21875,0.0,0.0,0.0,Thingy,Standing,100,s1714206,1
87,1633513705238,-0.9746094,-0.23632812,-0.13085938,-0.71875,-1.6875,-0.65625,0.0,0.0,0.0,Thingy,Standing,100,s1714206,1
88,1633513705266,-0.9716797,-0.23046875,-0.13476562,-1.09375,-0.65625,-0.53125,0.0,0.0,0.0,Thingy,Standing,100,s1714206,1
89,1633513705329,-0.98046875,-0.22558594,-0.14648438,-1.40625,-0.65625,-0.09375,0.0,0.0,0.0,Thingy,Standing,100,s1714206,1
90,1633513705358,-0.9716797,-0.21777344,-0.13671875,-0.3125,0.15625,-0.34375,0.0,0.0,0.0,Thingy,Standing,100,s1714206,1
91,1633513705388,-0.9785156,-0.22070312,-0.13671875,0.875,1.0,-0.21875,0.0,0.0,0.0,Thingy,Standing,100,s1714206,1
92,1633513705449,-0.9716797,-0.22558594,-0.12695312,1.53125,1.3125,0.0,0.0,0.0,0.0,Thingy,Standing,100,s1714206,1
93,1633513705477,-0.96972656,-0.23046875,-0.14355469,1.28125,1.71875,0.0625,-34.5,14.5625,-131.0,Thingy,Standing,100,s1714206,1
94,1633513705509,-0.98339844,-0.21582031,-0.13183594,2.75,1.625,0.0,0.0,0.0,0.0,Thingy,Standing,100,s1714206,1
95,1633513705571,-0.96972656,-0.22167969,-0.12597656,4.15625,1.84375,0.0,0.0,0.0,0.0,Thingy,Standing,100,s1714206,1
96,1633513705599,-0.97753906,-0.23339844,-0.13867188,4.15625,2.46875,0.25,0.0,0.0,0.0,Thingy,Standing,100,s1714206,1
97,1633513705629,-0.98046875,-0.23828125,-0.1328125,4.15625,1.625,1.0625,0.0,0.0,0.0,Thingy,Standing,100,s1714206,1
98,1633513705689,-0.9716797,-0.22753906,-0.123046875,3.65625,0.6875,0.6875,0.0,0.0,0.0,Thingy,Standing,100,s1714206,1
99,1633513705717,-0.9716797,-0.23242188,-0.14355469,2.875,0.9375,0.0,0.0,0.0,0.0,Thingy,Standing,100,s1714206,1
100,1633513705746,-0.9707031,-0.23144531,-0.13769531,1.28125,0.5625,0.0625,0.0,0.0,0.0,Thingy,Standing,100,s1714206,1
101,1633513705815,-0.96875,-0.24414062,-0.12890625,1.03125,0.15625,0.0,0.0,0.0,0.0,Thingy,Standing,100,s1714206,1
102,1633513705838,-0.9736328,-0.22558594,-0.12988281,0.25,-0.53125,-0.03125,0.0,0.0,0.0,Thingy,Standing,100,s1714206,1
103,1633513705867,-0.9746094,-0.23242188,-0.14746094,0.0625,1.0,-0.34375,0.0,0.0,0.0,Thingy,Standing,100,s1714206,1
104,1633513705929,-0.96484375,-0.23144531,-0.13964844,-0.375,0.5625,0.375,0.0,0.0,0.0,Thingy,Standing,100,s1714206,1
105,1633513705958,-0.96777344,-0.23339844,-0.14648438,-0.78125,-0.03125,0.625,-34.9375,15.1875,-131.75,Thingy,Standing,100,s1714206,1
106,1633513705988,-0.9580078,-0.23339844,-0.13574219,-1.46875,-0.78125,0.0,0.0,0.0,0.0,Thingy,Standing,100,s1714206,1
107,1633513706048,-0.9765625,-0.23339844,-0.13769531,-1.71875,-0.90625,-0.15625,0.0,0.0,0.0,Thingy,Standing,100,s1714206,1
108,1633513706078,-0.96484375,-0.23925781,-0.12109375,-2.25,-1.0,-0.09375,0.0,0.0,0.0,Thingy,Standing,100,s1714206,1
109,1633513706110,-0.9716797,-0.22167969,-0.14355469,-2.25,-1.0,-0.28125,0.0,0.0,0.0,Thingy,Standing,100,s1714206,1
110,1633513706169,-0.9746094,-0.21875,-0.15039062,-2.75,-1.3125,-0.40625,0.0,0.0,0.0,Thingy,Standing,100,s1714206,1
111,1633513706199,-0.9785156,-0.2265625,-0.13183594,-2.75,-0.78125,-0.53125,0.0,0.0,0.0,Thingy,Standing,100,s1714206,1
112,1633513706227,-0.9658203,-0.21777344,-0.14550781,-2.9375,-0.15625,-0.34375,0.0,0.0,0.0,Thingy,Standing,100,s1714206,1
113,1633513706290,-0.96777344,-0.22265625,-0.1484375,-1.8125,0.5,-0.28125,0.0,0.0,0.0,Thingy,Standing,100,s1714206,1
114,1633513706320,-0.9746094,-0.22070312,-0.15234375,-1.28125,0.34375,-0.71875,0.0,0.0,0.0,Thingy,Standing,100,s1714206,1
115,1633513706347,-0.9794922,-0.21777344,-0.14257812,-1.40625,-0.40625,-0.53125,0.0,0.0,0.0,Thingy,Standing,100,s1714206,1
116,1633513706410,-0.9638672,-0.22363281,-0.13671875,-1.28125,0.8125,-0.71875,0.0,0.0,0.0,Thingy,Standing,100,s1714206,1
117,1633513706437,-0.9736328,-0.23339844,-0.15234375,-0.71875,1.375,-0.59375,0.0,0.0,0.0,Thingy,Standing,100,s1714206,1
118,1633513706469,-0.9785156,-0.22363281,-0.1484375,-0.1875,1.1875,-0.28125,-32.6875,13.5625,-132.8125,Thingy,Standing,100,s1714206,1
119,1633513706529,-0.97558594,-0.23046875,-0.13085938,0.0,1.0625,-0.53125,0.0,0.0,0.0,Thingy,Standing,100,s1714206,1
120,1633513706558,-0.9667969,-0.22167969,-0.14257812,-0.46875,0.6875,-0.59375,0.0,0.0,0.0,Thingy,Standing,100,s1714206,1
121,1633513706589,-0.9716797,-0.21972656,-0.14453125,-0.125,1.0625,-0.84375,0.0,0.0,0.0,Thingy,Standing,100,s1714206,1
122,1633513706648,-0.9736328,-0.23242188,-0.15136719,-0.46875,0.09375,-0.53125,0.0,0.0,0.0,Thingy,Standing,100,s1714206,1
123,1633513706679,-0.9707031,-0.23339844,-0.14941406,-0.375,-0.34375,-0.59375,0.0,0.0,0.0,Thingy,Standing,100,s1714206,1
124,1633513706709,-0.9707031,-0.22167969,-0.1484375,0.0625,0.09375,-0.21875,0.0,0.0,0.0,Thingy,Standing,100,s1714206,1
125,1633513706767,-0.96777344,-0.22949219,-0.14550781,0.5,0.21875,-0.15625,0.0,0.0,0.0,Thingy,Standing,100,s1714206,1
126,1633513706796,-0.96875,-0.23535156,-0.15527344,0.1875,0.28125,-0.28125,0.0,0.0,0.0,Thingy,Standing,100,s1714206,1
127,1633513706826,-0.9716797,-0.23632812,-0.14453125,0.4375,-0.09375,-0.34375,0.0,0.0,0.0,Thingy,Standing,100,s1714206,1
128,1633513706887,-0.9765625,-0.23144531,-0.14453125,0.0,0.5625,-0.15625,0.0,0.0,0.0,Thingy,Standing,100,s1714206,1
129,1633513706925,-0.9707031,-0.234375,-0.14257812,0.75,1.3125,-0.28125,0.0,0.0,0.0,Thingy,Standing,100,s1714206,1
130,1633513706947,-0.96875,-0.23535156,-0.1484375,0.625,0.9375,-0.21875,-34.0625,12.1875,-131.625,Thingy,Standing,100,s1714206,1
131,1633513707009,-0.96484375,-0.2265625,-0.14941406,0.1875,-0.03125,-0.21875,0.0,0.0,0.0,Thingy,Standing,100,s1714206,1
132,1633513707039,-0.9746094,-0.23632812,-0.1484375,0.5,-0.09375,-0.21875,0.0,0.0,0.0,Thingy,Standing,100,s1714206,1
133,1633513707071,-0.9707031,-0.22949219,-0.15625,0.25,-0.09375,0.0,0.0,0.0,0.0,Thingy,Standing,100,s1714206,1
134,1633513707129,-0.9765625,-0.23144531,-0.140625,1.09375,-0.46875,0.375,0.0,0.0,0.0,Thingy,Standing,100,s1714206,1
135,1633513707160,-0.9765625,-0.23242188,-0.12695312,1.84375,-0.40625,0.1875,0.0,0.0,0.0,Thingy,Standing,100,s1714206,1
136,1633513707187,-0.9658203,-0.22753906,-0.14453125,1.59375,-0.78125,0.1875,0.0,0.0,0.0,Thingy,Standing,100,s1714206,1
137,1633513707248,-0.9736328,-0.23925781,-0.13378906,0.90625,-0.65625,-0.09375,0.0,0.0,0.0,Thingy,Standing,100,s1714206,1
138,1633513707278,-0.9716797,-0.23144531,-0.14257812,-0.25,-0.59375,-0.53125,0.0,0.0,0.0,Thingy,Standing,100,s1714206,1
139,1633513707309,-0.97265625,-0.22558594,-0.13671875,-0.71875,-1.0625,-0.96875,0.0,0.0,0.0,Thingy,Standing,100,s1714206,1
140,1633513707369,-0.9707031,-0.23046875,-0.13085938,-1.34375,-1.75,-0.59375,0.0,0.0,0.0,Thingy,Standing,100,s1714206,1
141,1633513707399,-0.97753906,-0.23632812,-0.1328125,-1.34375,-0.9375,-0.46875,0.0,0.0,0.0,Thingy,Standing,100,s1714206,1
142,1633513707428,-0.97753906,-0.21875,-0.1328125,-1.71875,-1.3125,-0.46875,0.0,0.0,0.0,Thingy,Standing,100,s1714206,1
143,1633513707488,-0.9628906,-0.2265625,-0.13867188,-0.78125,-0.71875,0.1875,-35.125,13.375,-131.875,Thingy,Standing,100,s1714206,1
144,1633513707519,-0.9609375,-0.22167969,-0.13867188,-0.1875,0.15625,0.0625,0.0,0.0,0.0,Thingy,Standing,100,s1714206,1
145,1633513707549,-0.96972656,-0.22949219,-0.13867188,0.4375,0.03125,-0.21875,0.0,0.0,0.0,Thingy,Standing,100,s1714206,1
146,1633513707610,-0.96777344,-0.23535156,-0.12109375,0.3125,-0.53125,-0.15625,0.0,0.0,0.0,Thingy,Standing,100,s1714206,1
147,1633513707637,-0.96484375,-0.23339844,-0.14648438,-0.1875,-0.53125,0.0625,0.0,0.0,0.0,Thingy,Standing,100,s1714206,1
148,1633513707668,-0.9746094,-0.22753906,-0.13867188,-0.53125,-0.03125,-0.40625,0.0,0.0,0.0,Thingy,Standing,100,s1714206,1
149,1633513707729,-0.97753906,-0.23144531,-0.140625,-0.59375,-0.15625,-0.21875,0.0,0.0,0.0,Thingy,Standing,100,s1714206,1
150,1633513707760,-0.97265625,-0.22753906,-0.13867188,-0.3125,-0.53125,0.0625,0.0,0.0,0.0,Thingy,Standing,100,s1714206,1
151,1633513707788,-0.9667969,-0.22558594,-0.14746094,-0.0625,-0.53125,0.125,0.0,0.0,0.0,Thingy,Standing,100,s1714206,1
152,1633513707849,-0.9824219,-0.2265625,-0.13476562,0.25,0.34375,-0.03125,0.0,0.0,0.0,Thingy,Standing,100,s1714206,1
153,1633513707881,-0.9707031,-0.2265625,-0.1328125,-0.0625,0.09375,0.1875,0.0,0.0,0.0,Thingy,Standing,100,s1714206,1
154,1633513707909,-0.9785156,-0.22753906,-0.13867188,-0.0625,0.15625,0.1875,0.0,0.0,0.0,Thingy,Standing,100,s1714206,1
155,1633513707967,-0.9667969,-0.23535156,-0.12792969,-0.3125,-0.46875,0.1875,-34.5,13.0625,-131.75,Thingy,Standing,100,s1714206,1
156,1633513707998,-0.9658203,-0.23242188,-0.13476562,-0.71875,-0.9375,-0.15625,0.0,0.0,0.0,Thingy,Standing,100,s1714206,1
157,1633513708030,-0.9638672,-0.23144531,-0.140625,-0.96875,-1.0,-0.53125,0.0,0.0,0.0,Thingy,Standing,100,s1714206,1
158,1633513708090,-0.97265625,-0.2265625,-0.13476562,-1.28125,-1.3125,-0.34375,0.0,0.0,0.0,Thingy,Standing,100,s1714206,1
159,1633513708119,-0.9746094,-0.22265625,-0.12597656,-1.28125,-0.53125,-0.59375,0.0,0.0,0.0,Thingy,Standing,100,s1714206,1
160,1633513708150,-0.9716797,-0.21484375,-0.14550781,-1.03125,-1.3125,-0.34375,0.0,0.0,0.0,Thingy,Standing,100,s1714206,1
161,1633513708208,-0.9667969,-0.22753906,-0.13378906,0.3125,-1.3125,-0.21875,0.0,0.0,0.0,Thingy,Standing,100,s1714206,1
162,1633513708238,-0.9707031,-0.2265625,-0.12792969,1.03125,-0.46875,-0.21875,0.0,0.0,0.0,Thingy,Standing,100,s1714206,1
163,1633513708267,-0.96972656,-0.23339844,-0.13476562,1.03125,-1.0,-0.03125,0.0,0.0,0.0,Thingy,Standing,100,s1714206,1
164,1633513708328,-0.98535156,-0.22851562,-0.13183594,0.625,-0.34375,0.125,0.0,0.0,0.0,Thingy,Standing,100,s1714206,1
165,1633513708360,-0.9794922,-0.23730469,-0.13964844,0.6875,0.28125,-0.03125,0.0,0.0,0.0,Thingy,Standing,100,s1714206,1
166,1633513708390,-0.9716797,-0.23242188,-0.13964844,0.5,0.21875,0.125,0.0,0.0,0.0,Thingy,Standing,100,s1714206,1
167,1633513708449,-0.9716797,-0.23242188,-0.14453125,0.0625,0.34375,0.25,0.0,0.0,0.0,Thingy,Standing,100,s1714206,1
168,1633513708478,-0.96484375,-0.22363281,-0.13378906,0.0,0.21875,0.0625,-35.6875,14.4375,-133.25,Thingy,Standing,100,s1714206,1
169,1633513708509,-0.9765625,-0.23144531,-0.13476562,0.125,0.875,-0.09375,0.0,0.0,0.0,Thingy,Standing,100,s1714206,1
170,1633513708568,-0.9746094,-0.22851562,-0.12890625,0.0,0.4375,0.0625,0.0,0.0,0.0,Thingy,Standing,100,s1714206,1
171,1633513708599,-0.9824219,-0.22460938,-0.12792969,0.0,0.5625,0.0,0.0,0.0,0.0,Thingy,Standing,100,s1714206,1
172,1633513708629,-0.97265625,-0.22753906,-0.125,-0.125,-0.15625,-0.03125,0.0,0.0,0.0,Thingy,Standing,100,s1714206,1
173,1633513708692,-0.9667969,-0.23730469,-0.12695312,-0.3125,-0.28125,-0.21875,0.0,0.0,0.0,Thingy,Standing,100,s1714206,1
174,1633513708718,-0.96875,-0.22753906,-0.14746094,-0.25,-0.15625,-0.09375,0.0,0.0,0.0,Thingy,Standing,100,s1714206,1
175,1633513708748,-0.9765625,-0.23730469,-0.125,-0.4375,-0.65625,-0.09375,0.0,0.0,0.0,Thingy,Standing,100,s1714206,1
176,1633513708810,-0.9707031,-0.22363281,-0.14648438,0.1875,1.625,-0.46875,0.0,0.0,0.0,Thingy,Standing,100,s1714206,1
177,1633513708841,-0.96875,-0.24023438,-0.13964844,-0.0625,0.15625,0.3125,0.0,0.0,0.0,Thingy,Standing,100,s1714206,1
178,1633513708866,-0.9765625,-0.22460938,-0.13769531,-0.1875,0.34375,1.0625,0.0,0.0,0.0,Thingy,Standing,100,s1714206,1
179,1633513708927,-0.9765625,-0.2265625,-0.123046875,0.625,1.0,0.75,0.0,0.0,0.0,Thingy,Standing,100,s1714206,1
180,1633513708961,-0.9814453,-0.21972656,-0.13378906,0.4375,0.6875,0.0,-33.75,14.875,-132.8125,Thingy,Standing,100,s1714206,1
181,1633513708990,-0.9785156,-0.23535156,-0.14355469,0.6875,1.1875,-0.40625,0.0,0.0,0.0,Thingy,Standing,100,s1714206,1
182,1633513709049,-0.9667969,-0.22753906,-0.13671875,0.5,1.4375,-0.59375,0.0,0.0,0.0,Thingy,Standing,100,s1714206,1
183,1633513709078,-0.9746094,-0.2265625,-0.13085938,-0.375,0.15625,-0.53125,0.0,0.0,0.0,Thingy,Standing,100,s1714206,1
184,1633513709110,-0.9746094,-0.22753906,-0.13964844,-0.84375,0.15625,-0.09375,0.0,0.0,0.0,Thingy,Standing,100,s1714206,1
185,1633513709169,-0.9716797,-0.22558594,-0.13769531,-0.1875,0.6875,-0.15625,0.0,0.0,0.0,Thingy,Standing,100,s1714206,1
186,1633513709201,-0.9794922,-0.22558594,-0.13574219,0.125,1.375,-0.15625,0.0,0.0,0.0,Thingy,Standing,100,s1714206,1
187,1633513709228,-0.9667969,-0.22460938,-0.13964844,0.1875,0.875,-0.09375,0.0,0.0,0.0,Thingy,Standing,100,s1714206,1
188,1633513709290,-0.9765625,-0.22753906,-0.140625,0.0625,-0.40625,0.0625,0.0,0.0,0.0,Thingy,Standing,100,s1714206,1
189,1633513709317,-0.96972656,-0.21972656,-0.13867188,0.1875,-0.78125,0.375,0.0,0.0,0.0,Thingy,Standing,100,s1714206,1
190,1633513709348,-0.96972656,-0.22558594,-0.14257812,0.375,-0.59375,0.375,0.0,0.0,0.0,Thingy,Standing,100,s1714206,1
191,1633513709407,-0.97265625,-0.23339844,-0.13867188,-0.375,-1.5,0.5625,0.0,0.0,0.0,Thingy,Standing,100,s1714206,1
192,1633513709442,-0.97558594,-0.2265625,-0.13769531,-1.21875,-1.75,0.5625,0.0,0.0,0.0,Thingy,Standing,100,s1714206,1
193,1633513709467,-0.9716797,-0.22558594,-0.13964844,-1.8125,-2.28125,0.5,-33.4375,13.0625,-132.0625,Thingy,Standing,100,s1714206,1
194,1633513709529,-0.9746094,-0.22167969,-0.140625,-1.59375,-1.75,0.8125,0.0,0.0,0.0,Thingy,Standing,100,s1714206,1
195,1633513709559,-0.96875,-0.21679688,-0.13476562,-2.0625,-1.4375,0.375,0.0,0.0,0.0,Thingy,Standing,100,s1714206,1
196,1633513709589,-0.98535156,-0.22070312,-0.12792969,-1.40625,-1.0,0.125,0.0,0.0,0.0,Thingy,Standing,100,s1714206,1
197,1633513709649,-0.9814453,-0.21679688,-0.1171875,-0.78125,-0.21875,0.0,0.0,0.0,0.0,Thingy,Standing,100,s1714206,1
198,1633513709678,-0.9765625,-0.22070312,-0.14355469,-0.25,0.625,-0.53125,0.0,0.0,0.0,Thingy,Standing,100,s1714206,1
199,1633513709709,-0.9746094,-0.21679688,-0.13183594,0.3125,1.125,-0.71875,0.0,0.0,0.0,Thingy,Standing,100,s1714206,1
200,1633513709768,-0.9746094,-0.22753906,-0.14355469,0.3125,0.40625,-0.46875,0.0,0.0,0.0,Thingy,Standing,100,s1714206,1
201,1633513709799,-0.97265625,-0.21679688,-0.1328125,1.34375,0.40625,-0.21875,0.0,0.0,0.0,Thingy,Standing,100,s1714206,1
202,1633513709828,-0.9736328,-0.22460938,-0.1328125,2.25,1.6875,-0.09375,0.0,0.0,0.0,Thingy,Standing,100,s1714206,1
203,1633513709892,-0.97753906,-0.23828125,-0.13085938,2.09375,1.4375,0.0625,0.0,0.0,0.0,Thingy,Standing,100,s1714206,1
204,1633513709919,-0.97558594,-0.23046875,-0.115234375,1.53125,1.71875,0.0,0.0,0.0,0.0,Thingy,Standing,100,s1714206,1
205,1633513709948,-0.9765625,-0.22460938,-0.13769531,0.875,1.3125,0.3125,-32.6875,13.0625,-132.0625,Thingy,Standing,100,s1714206,1
206,1633513710008,-0.96875,-0.22265625,-0.13574219,0.125,0.875,-0.21875,0.0,0.0,0.0,Thingy,Standing,100,s1714206,1
207,1633513710041,-0.96972656,-0.22460938,-0.13769531,0.125,0.4375,-0.40625,0.0,0.0,0.0,Thingy,Standing,100,s1714206,1
208,1633513710067,-0.9707031,-0.22363281,-0.13769531,-0.4375,0.03125,-0.34375,0.0,0.0,0.0,Thingy,Standing,100,s1714206,1
209,1633513710129,-0.9707031,-0.22070312,-0.13574219,-1.09375,-0.59375,-0.15625,0.0,0.0,0.0,Thingy,Standing,100,s1714206,1
210,1633513710159,-0.9736328,-0.22265625,-0.1328125,-0.53125,-0.34375,-0.21875,0.0,0.0,0.0,Thingy,Standing,100,s1714206,1
211,1633513710187,-0.9814453,-0.2265625,-0.125,0.375,0.28125,-0.03125,0.0,0.0,0.0,Thingy,Standing,100,s1714206,1
212,1633513710249,-0.9707031,-0.22753906,-0.13671875,0.6875,0.34375,-0.03125,0.0,0.0,0.0,Thingy,Standing,100,s1714206,1
213,1633513710278,-0.9716797,-0.22363281,-0.1328125,0.3125,0.34375,-0.09375,0.0,0.0,0.0,Thingy,Standing,100,s1714206,1
214,1633513710308,-0.9794922,-0.22363281,-0.13085938,0.25,0.9375,-0.21875,0.0,0.0,0.0,Thingy,Standing,100,s1714206,1
215,1633513710370,-0.9736328,-0.22265625,-0.13574219,0.1875,1.125,-0.28125,0.0,0.0,0.0,Thingy,Standing,100,s1714206,1
216,1633513710399,-0.96972656,-0.2265625,-0.13085938,0.0625,0.6875,-0.40625,0.0,0.0,0.0,Thingy,Standing,100,s1714206,1
217,1633513710429,-0.9794922,-0.22265625,-0.14941406,0.0,0.34375,0.0,0.0,0.0,0.0,Thingy,Standing,100,s1714206,1
218,1633513710487,-0.96875,-0.21484375,-0.13671875,-0.46875,0.4375,-0.28125,-36.0,13.8125,-132.375,Thingy,Standing,100,s1714206,1
219,1633513710518,-0.9765625,-0.23632812,-0.13964844,-0.3125,0.8125,-0.21875,0.0,0.0,0.0,Thingy,Standing,100,s1714206,1
220,1633513710550,-0.9794922,-0.22558594,-0.12402344,-0.25,0.75,-0.28125,0.0,0.0,0.0,Thingy,Standing,100,s1714206,1
221,1633513710608,-0.9765625,-0.23828125,-0.14453125,0.3125,0.4375,-0.34375,0.0,0.0,0.0,Thingy,Standing,100,s1714206,1
222,1633513710637,-0.97265625,-0.2265625,-0.14453125,-0.125,0.15625,-0.15625,0.0,0.0,0.0,Thingy,Standing,100,s1714206,1
223,1633513710669,-0.9707031,-0.2265625,-0.13085938,0.125,0.28125,-0.40625,0.0,0.0,0.0,Thingy,Standing,100,s1714206,1
224,1633513710729,-0.9765625,-0.22460938,-0.13769531,-0.46875,-0.34375,-0.03125,0.0,0.0,0.0,Thingy,Standing,100,s1714206,1
225,1633513710759,-0.9785156,-0.21972656,-0.13769531,-0.59375,-0.28125,0.125,0.0,0.0,0.0,Thingy,Standing,100,s1714206,1
226,1633513710790,-0.9746094,-0.22363281,-0.13671875,-0.46875,-0.15625,0.125,0.0,0.0,0.0,Thingy,Standing,100,s1714206,1
227,1633513710850,-0.9707031,-0.22070312,-0.13964844,-0.0625,0.09375,0.1875,0.0,0.0,0.0,Thingy,Standing,100,s1714206,1
228,1633513710878,-0.9638672,-0.22753906,-0.140625,0.25,0.5625,0.0625,0.0,0.0,0.0,Thingy,Standing,100,s1714206,1
229,1633513710906,-0.9667969,-0.22265625,-0.13671875,0.1875,0.21875,-0.09375,0.0,0.0,0.0,Thingy,Standing,100,s1714206,1
230,1633513710969,-0.9707031,-0.23632812,-0.140625,-0.25,0.21875,-0.28125,-35.25,14.5625,-133.375,Thingy,Standing,100,s1714206,1
231,1633513710998,-0.9707031,-0.22167969,-0.14257812,0.0,0.9375,0.0625,0.0,0.0,0.0,Thingy,Standing,100,s1714206,1
232,1633513711030,-0.9716797,-0.22363281,-0.14453125,-0.53125,0.8125,0.0625,0.0,0.0,0.0,Thingy,Standing,100,s1714206,1
233,1633513711087,-0.9707031,-0.22460938,-0.15917969,-0.375,0.5,0.1875,0.0,0.0,0.0,Thingy,Standing,100,s1714206,1
234,1633513711118,-0.9628906,-0.22363281,-0.15722656,0.0,1.125,0.0625,0.0,0.0,0.0,Thingy,Standing,100,s1714206,1
235,1633513711148,-0.9765625,-0.22265625,-0.14257812,0.0,1.375,0.0,0.0,0.0,0.0,Thingy,Standing,100,s1714206,1
236,1633513711208,-0.9736328,-0.21972656,-0.13867188,-0.375,0.875,-0.03125,0.0,0.0,0.0,Thingy,Standing,100,s1714206,1
237,1633513711240,-0.9736328,-0.2265625,-0.14160156,-0.0625,1.0,-0.09375,0.0,0.0,0.0,Thingy,Standing,100,s1714206,1
238,1633513711268,-0.97753906,-0.234375,-0.13671875,-0.59375,0.40625,0.0,0.0,0.0,0.0,Thingy,Standing,100,s1714206,1
239,1633513711331,-0.9716797,-0.22070312,-0.15429688,-0.65625,1.0625,-0.15625,0.0,0.0,0.0,Thingy,Standing,100,s1714206,1
240,1633513711359,-0.9707031,-0.22265625,-0.140625,-0.65625,0.15625,0.1875,0.0,0.0,0.0,Thingy,Standing,100,s1714206,1
241,1633513711387,-0.9609375,-0.22949219,-0.13085938,-0.78125,-0.46875,-0.03125,0.0,0.0,0.0,Thingy,Standing,100,s1714206,1
242,1633513711448,-0.96875,-0.22460938,-0.15625,-0.96875,-0.34375,-0.15625,0.0,0.0,0.0,Thingy,Standing,100,s1714206,1
243,1633513711478,-0.96972656,-0.23046875,-0.13671875,-0.46875,-0.28125,0.25,-34.5,12.8125,-133.375,Thingy,Standing,100,s1714206,1
244,1633513711507,-0.984375,-0.22851562,-0.14160156,-0.375,0.21875,0.125,0.0,0.0,0.0,Thingy,Standing,100,s1714206,1
245,1633513711569,-0.9746094,-0.22753906,-0.15039062,-0.25,0.5,0.0625,0.0,0.0,0.0,Thingy,Standing,100,s1714206,1
246,1633513711599,-0.97753906,-0.22558594,-0.14160156,-0.3125,0.875,0.0,0.0,0.0,0.0,Thingy,Standing,100,s1714206,1
247,1633513711629,-0.96777344,-0.22363281,-0.14453125,-0.25,1.4375,0.0,0.0,0.0,0.0,Thingy,Standing,100,s1714206,1
248,1633513711687,-0.9746094,-0.22363281,-0.15039062,-0.1875,1.3125,-0.03125,0.0,0.0,0.0,Thingy,Standing,100,s1714206,1
249,1633513711721,-0.9716797,-0.22753906,-0.14648438,-0.53125,0.5625,-0.09375,0.0,0.0,0.0,Thingy,Standing,100,s1714206,1
250,1633513711750,-0.9707031,-0.22460938,-0.15039062,-1.15625,-0.40625,-0.21875,0.0,0.0,0.0,Thingy,Standing,100,s1714206,1
251,1633513711810,-0.9707031,-0.22167969,-0.15429688,-1.21875,0.15625,-0.46875,0.0,0.0,0.0,Thingy,Standing,100,s1714206,1
252,1633513711837,-0.97753906,-0.21679688,-0.15234375,-1.15625,-0.34375,-0.40625,0.0,0.0,0.0,Thingy,Standing,100,s1714206,1
253,1633513711869,-0.9716797,-0.22265625,-0.14355469,-1.21875,-0.21875,-0.40625,0.0,0.0,0.0,Thingy,Standing,100,s1714206,1
254,1633513711928,-0.9716797,-0.22460938,-0.16210938,-0.90625,-0.34375,-0.15625,0.0,0.0,0.0,Thingy,Standing,100,s1714206,1
255,1633513711961,-0.97265625,-0.21875,-0.14550781,-1.46875,-0.34375,-0.34375,-34.0625,14.0,-132.9375,Thingy,Standing,100,s1714206,1
256,1633513711988,-0.96484375,-0.20996094,-0.14257812,-1.34375,-0.40625,-0.40625,0.0,0.0,0.0,Thingy,Standing,100,s1714206,1
257,1633513712051,-0.9785156,-0.22753906,-0.13964844,-0.96875,-0.78125,-0.03125,0.0,0.0,0.0,Thingy,Standing,100,s1714206,1
258,1633513712079,-0.96777344,-0.21582031,-0.15722656,-0.71875,-0.90625,0.0,0.0,0.0,0.0,Thingy,Standing,100,s1714206,1
259,1633513712106,-0.96484375,-0.21972656,-0.14941406,-0.375,-0.9375,0.0625,0.0,0.0,0.0,Thingy,Standing,100,s1714206,1
260,1633513712170,-0.9736328,-0.21777344,-0.15625,-0.125,-0.59375,0.1875,0.0,0.0,0.0,Thingy,Standing,100,s1714206,1
261,1633513712198,-0.9716797,-0.22558594,-0.14941406,-0.0625,-0.09375,-0.03125,0.0,0.0,0.0,Thingy,Standing,100,s1714206,1
262,1633513712230,-0.9765625,-0.21582031,-0.15527344,-0.0625,-0.09375,-0.15625,0.0,0.0,0.0,Thingy,Standing,100,s1714206,1
263,1633513712288,-0.9707031,-0.21875,-0.15039062,0.25,0.21875,-0.65625,0.0,0.0,0.0,Thingy,Standing,100,s1714206,1
264,1633513712323,-0.9707031,-0.2265625,-0.13964844,0.5625,0.875,-0.40625,0.0,0.0,0.0,Thingy,Standing,100,s1714206,1
265,1633513712348,-0.9736328,-0.22851562,-0.15234375,0.625,0.5,-0.40625,0.0,0.0,0.0,Thingy,Standing,100,s1714206,1
266,1633513712407,-0.9667969,-0.23046875,-0.14355469,0.125,-0.40625,-0.28125,0.0,0.0,0.0,Thingy,Standing,100,s1714206,1
267,1633513712438,-0.96875,-0.22851562,-0.15234375,-0.1875,-0.59375,-0.46875,0.0,0.0,0.0,Thingy,Standing,100,s1714206,1
268,1633513712467,-0.9736328,-0.22851562,-0.14746094,0.0,0.5,-0.78125,-34.625,14.4375,-132.9375,Thingy,Standing,100,s1714206,1
269,1633513712530,-0.9746094,-0.21777344,-0.13574219,-0.53125,0.09375,-0.71875,0.0,0.0,0.0,Thingy,Standing,100,s1714206,1
270,1633513712558,-0.9667969,-0.22753906,-0.15136719,-0.53125,-0.34375,-0.71875,0.0,0.0,0.0,Thingy,Standing,100,s1714206,1
271,1633513712589,-0.96484375,-0.22949219,-0.13671875,-1.15625,-0.46875,-0.59375,0.0,0.0,0.0,Thingy,Standing,100,s1714206,1
272,1633513712647,-0.9667969,-0.22753906,-0.14648438,-1.03125,0.28125,-0.96875,0.0,0.0,0.0,Thingy,Standing,100,s1714206,1
273,1633513712679,-0.9736328,-0.22851562,-0.15234375,-1.03125,-0.09375,-0.84375,0.0,0.0,0.0,Thingy,Standing,100,s1714206,1
274,1633513712707,-0.9736328,-0.23046875,-0.13671875,-1.34375,-0.90625,-0.84375,0.0,0.0,0.0,Thingy,Standing,100,s1714206,1
275,1633513712769,-0.96875,-0.22851562,-0.14355469,-1.71875,-0.71875,-0.78125,0.0,0.0,0.0,Thingy,Standing,100,s1714206,1
276,1633513712800,-0.97753906,-0.22558594,-0.15917969,-1.21875,-0.84375,-0.59375,0.0,0.0,0.0,Thingy,Standing,100,s1714206,1
277,1633513712830,-0.96777344,-0.21972656,-0.15625,-0.90625,-0.71875,-0.71875,0.0,0.0,0.0,Thingy,Standing,100,s1714206,1
278,1633513712889,-0.97265625,-0.21972656,-0.14941406,-0.375,-0.28125,-0.96875,0.0,0.0,0.0,Thingy,Standing,100,s1714206,1
279,1633513712918,-0.9794922,-0.21875,-0.14941406,-0.125,-0.34375,-0.90625,0.0,0.0,0.0,Thingy,Standing,100,s1714206,1
280,1633513712949,-0.96777344,-0.22265625,-0.13671875,0.1875,0.4375,-0.84375,-35.375,14.0,-132.9375,Thingy,Standing,100,s1714206,1
281,1633513713008,-0.9667969,-0.22851562,-0.14355469,0.1875,0.6875,-0.78125,0.0,0.0,0.0,Thingy,Standing,100,s1714206,1
282,1633513713039,-0.9736328,-0.22460938,-0.15527344,-0.0625,0.09375,-0.65625,0.0,0.0,0.0,Thingy,Standing,100,s1714206,1
283,1633513713069,-0.9785156,-0.22558594,-0.14648438,-0.25,-0.9375,-0.59375,0.0,0.0,0.0,Thingy,Standing,100,s1714206,1
284,1633513713129,-0.9736328,-0.22363281,-0.14648438,0.3125,0.15625,-0.71875,0.0,0.0,0.0,Thingy,Standing,100,s1714206,1
285,1633513713162,-0.96972656,-0.23242188,-0.14550781,1.21875,0.8125,-0.53125,0.0,0.0,0.0,Thingy,Standing,100,s1714206,1
286,1633513713189,-0.9716797,-0.21582031,-0.15332031,1.15625,0.28125,-0.59375,0.0,0.0,0.0,Thingy,Standing,100,s1714206,1
287,1633513713248,-0.97265625,-0.22558594,-0.1484375,1.53125,-0.46875,-0.46875,0.0,0.0,0.0,Thingy,Standing,100,s1714206,1
288,1633513713279,-0.96875,-0.23144531,-0.15039062,0.4375,-0.40625,-0.40625,0.0,0.0,0.0,Thingy,Standing,100,s1714206,1
289,1633513713306,-0.9658203,-0.22265625,-0.14746094,0.1875,0.03125,-0.53125,0.0,0.0,0.0,Thingy,Standing,100,s1714206,1
290,1633513713370,-0.97265625,-0.2265625,-0.14355469,0.0625,-0.34375,0.0625,0.0,0.0,0.0,Thingy,Standing,100,s1714206,1
291,1633513713399,-0.9765625,-0.22753906,-0.14453125,0.375,-0.46875,0.1875,0.0,0.0,0.0,Thingy,Standing,100,s1714206,1
292,1633513713427,-0.9638672,-0.22558594,-0.13378906,0.75,-0.65625,0.1875,0.0,0.0,0.0,Thingy,Standing,100,s1714206,1
293,1633513713490,-0.9589844,-0.23632812,-0.14453125,0.96875,-0.40625,0.375,-32.6875,13.5625,-133.6875,Thingy,Standing,100,s1714206,1
294,1633513713518,-0.9638672,-0.23925781,-0.13378906,0.8125,-0.09375,0.0625,0.0,0.0,0.0,Thingy,Standing,100,s1714206,1
295,1633513713548,-0.9765625,-0.22558594,-0.14257812,0.875,-0.53125,0.125,0.0,0.0,0.0,Thingy,Standing,100,s1714206,1
296,1633513713609,-0.9765625,-0.23925781,-0.13574219,0.6875,0.21875,0.0,0.0,0.0,0.0,Thingy,Standing,100,s1714206,1
297,1633513713639,-0.96484375,-0.22363281,-0.13769531,0.96875,0.4375,0.125,0.0,0.0,0.0,Thingy,Standing,100,s1714206,1
298,1633513713668,-0.9716797,-0.23828125,-0.12988281,0.6875,0.5,-0.21875,0.0,0.0,0.0,Thingy,Standing,100,s1714206,1
299,1633513713730,-0.97558594,-0.2265625,-0.12597656,0.6875,0.09375,0.0625,0.0,0.0,0.0,Thingy,Standing,100,s1714206,1
300,1633513713757,-0.9736328,-0.22949219,-0.13085938,0.375,-0.28125,-0.03125,0.0,0.0,0.0,Thingy,Standing,100,s1714206,1
301,1633513713788,-0.9716797,-0.22558594,-0.14355469,0.25,0.28125,-0.21875,0.0,0.0,0.0,Thingy,Standing,100,s1714206,1
302,1633513713850,-0.9736328,-0.23242188,-0.12988281,0.0625,0.4375,-0.03125,0.0,0.0,0.0,Thingy,Standing,100,s1714206,1
303,1633513713879,-0.9746094,-0.22167969,-0.13574219,-0.125,0.5625,-0.21875,0.0,0.0,0.0,Thingy,Standing,100,s1714206,1
304,1633513713912,-0.9658203,-0.23046875,-0.14746094,-0.4375,-0.03125,0.0,0.0,0.0,0.0,Thingy,Standing,100,s1714206,1
305,1633513713968,-0.9716797,-0.23046875,-0.14160156,-0.78125,0.34375,-0.03125,-35.375,14.0,-132.1875,Thingy,Standing,100,s1714206,1
306,1633513713999,-0.9785156,-0.234375,-0.13085938,-0.46875,0.28125,-0.21875,0.0,0.0,0.0,Thingy,Standing,100,s1714206,1
307,1633513714027,-0.9716797,-0.22851562,-0.13769531,-0.90625,-0.53125,-0.09375,0.0,0.0,0.0,Thingy,Standing,100,s1714206,1
308,1633513714089,-0.9628906,-0.22949219,-0.14355469,-0.96875,-0.84375,-0.09375,0.0,0.0,0.0,Thingy,Standing,100,s1714206,1
309,1633513714118,-0.96484375,-0.22753906,-0.13964844,-0.84375,-0.78125,0.0625,0.0,0.0,0.0,Thingy,Standing,100,s1714206,1
310,1633513714148,-0.9785156,-0.23242188,-0.13476562,-0.71875,-0.84375,0.1875,0.0,0.0,0.0,Thingy,Standing,100,s1714206,1
311,1633513714210,-0.9716797,-0.2265625,-0.14257812,-0.78125,-0.34375,-0.28125,0.0,0.0,0.0,Thingy,Standing,100,s1714206,1
312,1633513714237,-0.97265625,-0.2265625,-0.13867188,-0.71875,0.09375,-0.28125,0.0,0.0,0.0,Thingy,Standing,100,s1714206,1
313,1633513714268,-0.9765625,-0.23144531,-0.14160156,-0.3125,0.5,-0.21875,0.0,0.0,0.0,Thingy,Standing,100,s1714206,1
314,1633513714328,-0.96972656,-0.23046875,-0.140625,0.0,0.5625,0.0625,0.0,0.0,0.0,Thingy,Standing,100,s1714206,1
315,1633513714357,-0.9716797,-0.23046875,-0.125,-0.125,1.0,-0.21875,0.0,0.0,0.0,Thingy,Standing,100,s1714206,1
316,1633513714389,-0.9707031,-0.22167969,-0.14550781,0.0,0.8125,-0.03125,0.0,0.0,0.0,Thingy,Standing,100,s1714206,1
317,1633513714449,-0.96972656,-0.22851562,-0.15039062,-0.1875,0.21875,-0.21875,0.0,0.0,0.0,Thingy,Standing,100,s1714206,1
318,1633513714483,-0.9716797,-0.22753906,-0.14550781,-0.0625,0.75,-0.34375,-34.0625,14.75,-131.125,Thingy,Standing,100,s1714206,1
319,1633513714510,-0.9736328,-0.23242188,-0.15039062,0.4375,0.875,-0.09375,0.0,0.0,0.0,Thingy,Standing,100,s1714206,1
320,1633513714570,-0.9794922,-0.21777344,-0.14257812,0.25,0.21875,0.125,0.0,0.0,0.0,Thingy,Standing,100,s1714206,1
321,1633513714597,-0.96972656,-0.234375,-0.15527344,0.4375,-0.15625,-0.03125,0.0,0.0,0.0,Thingy,Standing,100,s1714206,1
322,1633513714628,-0.97265625,-0.22363281,-0.14257812,0.125,0.28125,0.0,0.0,0.0,0.0,Thingy,Standing,100,s1714206,1
323,1633513714689,-0.9707031,-0.2265625,-0.140625,0.0,-0.09375,0.0625,0.0,0.0,0.0,Thingy,Standing,100,s1714206,1
324,1633513714719,-0.9814453,-0.22460938,-0.15234375,-0.59375,-0.78125,0.25,0.0,0.0,0.0,Thingy,Standing,100,s1714206,1
325,1633513714748,-0.96777344,-0.234375,-0.14453125,-0.59375,-0.84375,0.375,0.0,0.0,0.0,Thingy,Standing,100,s1714206,1
326,1633513714807,-0.9716797,-0.22363281,-0.14453125,-0.84375,-1.125,0.25,0.0,0.0,0.0,Thingy,Standing,100,s1714206,1
327,1633513714839,-0.96875,-0.23242188,-0.15136719,-0.46875,-0.78125,0.25,0.0,0.0,0.0,Thingy,Standing,100,s1714206,1
328,1633513714867,-0.9716797,-0.234375,-0.15332031,-0.375,-0.21875,0.25,0.0,0.0,0.0,Thingy,Standing,100,s1714206,1
329,1633513714929,-0.97265625,-0.22851562,-0.14355469,-0.46875,-0.46875,-0.28125,0.0,0.0,0.0,Thingy,Standing,100,s1714206,1
330,1633513714957,-0.9716797,-0.23046875,-0.12792969,-0.125,-0.28125,-0.03125,-34.1875,12.8125,-132.8125,Thingy,Standing,100,s1714206,1
331,1633513714988,-0.96972656,-0.22949219,-0.13574219,-0.3125,0.03125,-0.15625,0.0,0.0,0.0,Thingy,Standing,100,s1714206,1
332,1633513715049,-0.9785156,-0.23046875,-0.13964844,-0.78125,0.28125,-0.28125,0.0,0.0,0.0,Thingy,Standing,100,s1714206,1
333,1633513715080,-0.9707031,-0.22851562,-0.13476562,-1.15625,0.34375,-0.21875,0.0,0.0,0.0,Thingy,Standing,100,s1714206,1
334,1633513715108,-0.98046875,-0.2265625,-0.14941406,-1.59375,-0.34375,-0.03125,0.0,0.0,0.0,Thingy,Standing,100,s1714206,1
335,1633513715169,-0.9658203,-0.21972656,-0.13867188,-1.875,-0.21875,-0.21875,0.0,0.0,0.0,Thingy,Standing,100,s1714206,1
336,1633513715199,-0.9785156,-0.22851562,-0.13671875,-0.84375,1.0625,-0.15625,0.0,0.0,0.0,Thingy,Standing,100,s1714206,1
337,1633513715229,-0.9707031,-0.23046875,-0.14257812,0.0,0.75,-0.03125,0.0,0.0,0.0,Thingy,Standing,100,s1714206,1
338,1633513715289,-0.9746094,-0.23828125,-0.13867188,0.1875,0.5625,0.0,0.0,0.0,0.0,Thingy,Standing,100,s1714206,1
339,1633513715317,-0.96777344,-0.23242188,-0.13378906,-0.46875,0.03125,-0.15625,0.0,0.0,0.0,Thingy,Standing,100,s1714206,1
340,1633513715348,-0.96777344,-0.22558594,-0.15332031,-0.90625,0.28125,-0.34375,0.0,0.0,0.0,Thingy,Standing,100,s1714206,1
341,1633513715408,-0.9765625,-0.22851562,-0.15429688,-1.40625,-0.15625,-0.21875,0.0,0.0,0.0,Thingy,Standing,100,s1714206,1
342,1633513715437,-0.9736328,-0.22265625,-0.140625,-1.28125,-0.53125,-0.09375,0.0,0.0,0.0,Thingy,Standing,100,s1714206,1
343,1633513715469,-0.9746094,-0.21582031,-0.14550781,-0.4375,-0.59375,-0.15625,-33.75,13.5625,-132.375,Thingy,Standing,100,s1714206,1
344,1633513715529,-0.9667969,-0.22460938,-0.13867188,0.1875,-0.46875,0.0625,0.0,0.0,0.0,Thingy,Standing,100,s1714206,1
345,1633513715563,-0.9736328,-0.22851562,-0.14257812,0.3125,0.28125,0.3125,0.0,0.0,0.0,Thingy,Standing,100,s1714206,1
346,1633513715587,-0.9736328,-0.22363281,-0.15429688,0.8125,0.75,-0.03125,0.0,0.0,0.0,Thingy,Standing,100,s1714206,1
347,1633513715648,-0.96972656,-0.22363281,-0.13476562,1.21875,0.6875,0.0,0.0,0.0,0.0,Thingy,Standing,100,s1714206,1
348,1633513715680,-0.9667969,-0.23925781,-0.13378906,1.34375,1.6875,-0.09375,0.0,0.0,0.0,Thingy,Standing,100,s1714206,1
349,1633513715707,-0.96484375,-0.22753906,-0.140625,0.375,1.6875,-0.03125,0.0,0.0,0.0,Thingy,Standing,100,s1714206,1
350,1633513715768,-0.9707031,-0.22460938,-0.1640625,0.125,1.5625,-0.28125,0.0,0.0,0.0,Thingy,Standing,100,s1714206,1
351,1633513715799,-0.9609375,-0.22949219,-0.14941406,0.3125,0.625,-0.28125,0.0,0.0,0.0,Thingy,Standing,100,s1714206,1
352,1633513715827,-0.96972656,-0.23046875,-0.14550781,0.1875,-0.09375,-0.15625,0.0,0.0,0.0,Thingy,Standing,100,s1714206,1
353,1633513715888,-0.9746094,-0.22949219,-0.14941406,-0.0625,-0.03125,-0.03125,0.0,0.0,0.0,Thingy,Standing,100,s1714206,1
354,1633513715919,-0.9824219,-0.22753906,-0.1484375,0.375,0.9375,-0.15625,0.0,0.0,0.0,Thingy,Standing,100,s1714206,1
355,1633513715948,-0.9707031,-0.22460938,-0.14257812,0.5,1.0625,0.0,-32.5625,12.1875,-132.9375,Thingy,Standing,100,s1714206,1
356,1633513716009,-0.96875,-0.22949219,-0.15136719,0.125,0.6875,-0.09375,0.0,0.0,0.0,Thingy,Standing,100,s1714206,1
357,1633513716038,-0.9667969,-0.22851562,-0.15820312,-0.1875,-0.78125,-0.03125,0.0,0.0,0.0,Thingy,Standing,100,s1714206,1
358,1633513716068,-0.9707031,-0.22558594,-0.140625,-0.65625,-0.40625,-0.46875,0.0,0.0,0.0,Thingy,Standing,100,s1714206,1
359,1633513716129,-0.96972656,-0.234375,-0.140625,-0.84375,-0.84375,-0.59375,0.0,0.0,0.0,Thingy,Standing,100,s1714206,1
360,1633513716159,-0.97265625,-0.21875,-0.15039062,-1.03125,-1.25,-0.21875,0.0,0.0,0.0,Thingy,Standing,100,s1714206,1
361,1633513716193,-0.9707031,-0.22460938,-0.15722656,-0.96875,-1.0625,-0.21875,0.0,0.0,0.0,Thingy,Standing,100,s1714206,1
362,1633513716248,-0.9628906,-0.22265625,-0.16210938,-0.375,-1.0625,-0.21875,0.0,0.0,0.0,Thingy,Standing,100,s1714206,1
363,1633513716280,-0.96875,-0.21972656,-0.15917969,-0.3125,-0.46875,-0.21875,0.0,0.0,0.0,Thingy,Standing,100,s1714206,1
364,1633513716307,-0.97265625,-0.23339844,-0.13769531,0.25,0.625,-0.34375,0.0,0.0,0.0,Thingy,Standing,100,s1714206,1
365,1633513716369,-0.9736328,-0.23046875,-0.14550781,0.25,0.28125,-0.28125,0.0,0.0,0.0,Thingy,Standing,100,s1714206,1
366,1633513716399,-0.9765625,-0.21191406,-0.14550781,0.0,0.34375,-0.21875,0.0,0.0,0.0,Thingy,Standing,100,s1714206,1
367,1633513716428,-0.9736328,-0.22558594,-0.13378906,0.0625,0.75,-0.09375,0.0,0.0,0.0,Thingy,Standing,100,s1714206,1
368,1633513716488,-0.9628906,-0.2265625,-0.14453125,0.375,0.5625,0.0,-33.3125,12.9375,-132.9375,Thingy,Standing,100,s1714206,1
369,1633513716519,-0.96972656,-0.22460938,-0.14160156,0.375,0.6875,-0.15625,0.0,0.0,0.0,Thingy,Standing,100,s1714206,1
370,1633513716550,-0.9824219,-0.23730469,-0.14941406,0.125,0.40625,-0.03125,0.0,0.0,0.0,Thingy,Standing,100,s1714206,1
371,1633513716608,-0.9667969,-0.22363281,-0.15722656,-0.4375,-0.09375,-0.09375,0.0,0.0,0.0,Thingy,Standing,100,s1714206,1
372,1633513716639,-0.9707031,-0.234375,-0.140625,-0.375,0.6875,-0.28125,0.0,0.0,0.0,Thingy,Standing,100,s1714206,1
373,1633513716668,-0.9736328,-0.23144531,-0.15917969,0.125,0.5625,-0.28125,0.0,0.0,0.0,Thingy,Standing,100,s1714206,1
374,1633513716729,-0.9794922,-0.22949219,-0.15917969,-0.25,0.40625,-0.59375,0.0,0.0,0.0,Thingy,Standing,100,s1714206,1
375,1633513716759,-0.97753906,-0.23144531,-0.15332031,-0.25,-0.09375,-0.21875,0.0,0.0,0.0,Thingy,Standing,100,s1714206,1
376,1633513716789,-0.9736328,-0.22753906,-0.15820312,0.0,0.625,-0.46875,0.0,0.0,0.0,Thingy,Standing,100,s1714206,1
377,1633513716847,-0.9667969,-0.23046875,-0.15917969,-0.46875,-0.09375,-0.40625,0.0,0.0,0.0,Thingy,Standing,100,s1714206,1
378,1633513716878,-0.9785156,-0.22753906,-0.15039062,-0.96875,-0.53125,-0.40625,0.0,0.0,0.0,Thingy,Standing,100,s1714206,1
379,1633513716907,-0.9707031,-0.22460938,-0.15722656,-1.21875,-1.1875,-0.84375,0.0,0.0,0.0,Thingy,Standing,100,s1714206,1
380,1633513716970,-0.9658203,-0.2265625,-0.140625,-0.59375,-0.84375,-1.03125,-34.5,13.8125,-132.375,Thingy,Standing,100,s1714206,1
381,1633513717002,-0.96484375,-0.22851562,-0.14550781,-0.25,-0.15625,-0.78125,0.0,0.0,0.0,Thingy,Standing,100,s1714206,1
382,1633513717030,-0.9765625,-0.22753906,-0.13378906,0.0,-0.34375,-0.65625,0.0,0.0,0.0,Thingy,Standing,100,s1714206,1
383,1633513717088,-0.9746094,-0.23339844,-0.14355469,-0.125,-0.09375,-0.28125,0.0,0.0,0.0,Thingy,Standing,100,s1714206,1
384,1633513717117,-0.9716797,-0.2265625,-0.140625,0.0,0.34375,-0.34375,0.0,0.0,0.0,Thingy,Standing,100,s1714206,1
385,1633513717146,-0.9716797,-0.22558594,-0.16210938,-0.125,-0.34375,-0.28125,0.0,0.0,0.0,Thingy,Standing,100,s1714206,1
386,1633513717210,-0.9765625,-0.21972656,-0.15917969,-0.3125,-0.21875,-0.40625,0.0,0.0,0.0,Thingy,Standing,100,s1714206,1
387,1633513717238,-0.96875,-0.22363281,-0.14648438,-0.46875,-0.53125,-0.40625,0.0,0.0,0.0,Thingy,Standing,100,s1714206,1
388,1633513717269,-0.9638672,-0.23339844,-0.14257812,-0.125,-0.34375,-0.28125,0.0,0.0,0.0,Thingy,Standing,100,s1714206,1
389,1633513717329,-0.97265625,-0.22558594,-0.15917969,-0.375,-1.625,0.0,0.0,0.0,0.0,Thingy,Standing,100,s1714206,1
390,1633513717358,-0.97265625,-0.23046875,-0.16015625,-0.90625,-2.40625,0.0,0.0,0.0,0.0,Thingy,Standing,100,s1714206,1
391,1633513717388,-0.96875,-0.22753906,-0.13671875,0.0,-1.625,-0.21875,0.0,0.0,0.0,Thingy,Standing,100,s1714206,1
392,1633513717448,-0.9667969,-0.22949219,-0.13769531,0.3125,-1.375,-0.09375,0.0,0.0,0.0,Thingy,Standing,100,s1714206,1
393,1633513717480,-0.9794922,-0.23535156,-0.13574219,0.125,-1.4375,0.0625,-33.125,12.0625,-134.125,Thingy,Standing,100,s1714206,1
394,1633513717509,-0.9814453,-0.22558594,-0.13867188,-0.0625,-1.9375,0.0625,0.0,0.0,0.0,Thingy,Standing,100,s1714206,1
395,1633513717568,-0.9746094,-0.22949219,-0.119140625,0.25,-0.78125,0.0,0.0,0.0,0.0,Thingy,Standing,100,s1714206,1
396,1633513717600,-0.9628906,-0.2265625,-0.125,0.25,-1.6875,0.125,0.0,0.0,0.0,Thingy,Standing,100,s1714206,1
397,1633513717627,-0.9892578,-0.2265625,-0.13574219,-0.0625,-1.625,0.0625,0.0,0.0,0.0,Thingy,Standing,100,s1714206,1
398,1633513717689,-0.98046875,-0.22070312,-0.13183594,0.125,-2.34375,0.0,0.0,0.0,0.0,Thingy,Standing,100,s1714206,1
399,1633513717721,-0.9746094,-0.22949219,-0.13183594,0.6875,-1.625,-0.09375,0.0,0.0,0.0,Thingy,Standing,100,s1714206,1
400,1633513717751,-0.9736328,-0.23339844,-0.13574219,0.6875,-0.90625,-0.03125,0.0,0.0,0.0,Thingy,Standing,100,s1714206,1
401,1633513717808,-0.9765625,-0.22070312,-0.12695312,1.34375,0.03125,-0.15625,0.0,0.0,0.0,Thingy,Standing,100,s1714206,1
402,1633513717838,-0.9736328,-0.22753906,-0.13085938,1.71875,-0.28125,-0.03125,0.0,0.0,0.0,Thingy,Standing,100,s1714206,1
403,1633513717873,-0.97753906,-0.22070312,-0.13476562,1.71875,0.09375,-0.09375,0.0,0.0,0.0,Thingy,Standing,100,s1714206,1
404,1633513717929,-0.9794922,-0.23730469,-0.12109375,1.53125,0.875,-0.21875,0.0,0.0,0.0,Thingy,Standing,100,s1714206,1
405,1633513717958,-0.9716797,-0.2421875,-0.12695312,1.28125,1.25,-0.03125,-34.1875,13.5625,-131.75,Thingy,Standing,100,s1714206,1
406,1633513717990,-0.97265625,-0.23046875,-0.13867188,0.625,1.375,-0.34375,0.0,0.0,0.0,Thingy,Standing,100,s1714206,1
407,1633513718051,-0.97265625,-0.22753906,-0.12988281,0.5625,1.71875,-0.40625,0.0,0.0,0.0,Thingy,Standing,100,s1714206,1
408,1633513718078,-0.9716797,-0.23925781,-0.12597656,0.25,0.5,-0.59375,0.0,0.0,0.0,Thingy,Standing,100,s1714206,1
409,1633513718107,-0.9707031,-0.23339844,-0.13476562,0.375,-0.34375,-0.59375,0.0,0.0,0.0,Thingy,Standing,100,s1714206,1
410,1633513718170,-0.9716797,-0.234375,-0.13574219,0.8125,0.9375,-0.84375,0.0,0.0,0.0,Thingy,Standing,100,s1714206,1
411,1633513718200,-0.96875,-0.23828125,-0.11816406,1.03125,0.8125,-0.40625,0.0,0.0,0.0,Thingy,Standing,100,s1714206,1
412,1633513718228,-0.97265625,-0.23339844,-0.12695312,0.375,1.0,-0.34375,0.0,0.0,0.0,Thingy,Standing,100,s1714206,1
413,1633513718289,-0.9658203,-0.234375,-0.12988281,-0.125,0.5625,-0.28125,0.0,0.0,0.0,Thingy,Standing,100,s1714206,1
414,1633513718320,-0.9658203,-0.2265625,-0.1328125,-0.53125,0.21875,-0.21875,0.0,0.0,0.0,Thingy,Standing,100,s1714206,1
415,1633513718349,-0.96777344,-0.22949219,-0.125,-0.59375,0.09375,-0.03125,0.0,0.0,0.0,Thingy,Standing,100,s1714206,1
416,1633513718411,-0.9736328,-0.23828125,-0.11230469,-1.53125,-0.53125,-0.15625,0.0,0.0,0.0,Thingy,Standing,100,s1714206,1
417,1633513718440,-0.9785156,-0.23144531,-0.12402344,-1.40625,-0.46875,0.0625,0.0,0.0,0.0,Thingy,Standing,100,s1714206,1
418,1633513718469,-0.9716797,-0.23828125,-0.12597656,-1.15625,-0.15625,0.1875,-33.75,13.8125,-132.0625,Thingy,Standing,100,s1714206,1
419,1633513718529,-0.96972656,-0.23339844,-0.14648438,-0.71875,0.5,0.75,0.0,0.0,0.0,Thingy,Standing,100,s1714206,1
420,1633513718558,-0.96777344,-0.22851562,-0.13085938,-0.0625,1.0625,0.4375,0.0,0.0,0.0,Thingy,Standing,100,s1714206,1
421,1633513718590,-0.9736328,-0.22363281,-0.13183594,0.1875,0.75,0.375,0.0,0.0,0.0,Thingy,Standing,100,s1714206,1
422,1633513718647,-0.98046875,-0.23730469,-0.12402344,-0.125,1.1875,0.4375,0.0,0.0,0.0,Thingy,Standing,100,s1714206,1
423,1633513718677,-0.9746094,-0.24511719,-0.13378906,-0.71875,1.3125,0.5,0.0,0.0,0.0,Thingy,Standing,100,s1714206,1
424,1633513718709,-0.9638672,-0.22558594,-0.14257812,-0.53125,1.5625,0.375,0.0,0.0,0.0,Thingy,Standing,100,s1714206,1
425,1633513718768,-0.9746094,-0.2265625,-0.140625,0.25,1.375,0.0625,0.0,0.0,0.0,Thingy,Standing,100,s1714206,1
426,1633513718800,-0.96972656,-0.23242188,-0.13378906,0.8125,1.6875,-0.15625,0.0,0.0,0.0,Thingy,Standing,100,s1714206,1
427,1633513718827,-0.97753906,-0.23242188,-0.13574219,0.5,1.5,0.125,0.0,0.0,0.0,Thingy,Standing,100,s1714206,1
428,1633513718890,-0.9746094,-0.21972656,-0.14746094,-0.375,0.28125,0.25,0.0,0.0,0.0,Thingy,Standing,100,s1714206,1
429,1633513718921,-0.97753906,-0.22949219,-0.13574219,-0.3125,0.8125,0.1875,0.0,0.0,0.0,Thingy,Standing,100,s1714206,1
430,1633513718948,-0.96972656,-0.22851562,-0.13085938,0.3125,1.71875,0.25,-34.375,11.875,-132.1875,Thingy,Standing,100,s1714206,1
431,1633513719008,-0.98046875,-0.2265625,-0.13964844,-0.0625,0.15625,0.5,0.0,0.0,0.0,Thingy,Standing,100,s1714206,1
432,1633513719040,-0.9765625,-0.22460938,-0.13183594,0.3125,0.875,0.125,0.0,0.0,0.0,Thingy,Standing,100,s1714206,1
433,1633513719069,-0.9785156,-0.23339844,-0.15039062,-0.53125,0.15625,0.0625,0.0,0.0,0.0,Thingy,Standing,100,s1714206,1
434,1633513719129,-0.96875,-0.23242188,-0.13964844,-0.46875,0.5625,0.0,0.0,0.0,0.0,Thingy,Standing,100,s1714206,1
435,1633513719157,-0.97558594,-0.23339844,-0.13769531,-0.90625,0.5,0.1875,0.0,0.0,0.0,Thingy,Standing,100,s1714206,1
436,1633513719188,-0.9707031,-0.22851562,-0.15136719,-1.09375,0.625,0.0,0.0,0.0,0.0,Thingy,Standing,100,s1714206,1
437,1633513719248,-0.96484375,-0.22949219,-0.13574219,-1.46875,0.40625,0.125,0.0,0.0,0.0,Thingy,Standing,100,s1714206,1
438,1633513719277,-0.9765625,-0.22851562,-0.14550781,-1.09375,0.4375,0.0625,0.0,0.0,0.0,Thingy,Standing,100,s1714206,1
439,1633513719309,-0.96777344,-0.21679688,-0.13867188,-1.21875,0.40625,-0.09375,0.0,0.0,0.0,Thingy,Standing,100,s1714206,1
440,1633513719370,-0.9736328,-0.22851562,-0.13671875,-1.8125,0.15625,-0.15625,0.0,0.0,0.0,Thingy,Standing,100,s1714206,1
441,1633513719401,-0.9746094,-0.22949219,-0.12402344,-2.0,-0.09375,-0.40625,0.0,0.0,0.0,Thingy,Standing,100,s1714206,1
442,1633513719427,-0.9736328,-0.23144531,-0.1328125,-1.875,-0.28125,0.0625,0.0,0.0,0.0,Thingy,Standing,100,s1714206,1
443,1633513719488,-0.9746094,-0.21679688,-0.14941406,-2.4375,-0.40625,-0.21875,-33.4375,13.5625,-133.375,Thingy,Standing,100,s1714206,1
444,1633513719522,-0.9746094,-0.22070312,-0.14453125,-0.96875,-0.15625,0.0,0.0,0.0,0.0,Thingy,Standing,100,s1714206,1
445,1633513719554,-0.97753906,-0.22070312,-0.15625,0.625,0.5625,-0.15625,0.0,0.0,0.0,Thingy,Standing,100,s1714206,1
446,1633513719609,-0.96972656,-0.22460938,-0.13964844,1.21875,1.0625,-0.09375,0.0,0.0,0.0,Thingy,Standing,100,s1714206,1
447,1633513719644,-0.9707031,-0.22753906,-0.14355469,0.875,0.8125,0.0,0.0,0.0,0.0,Thingy,Standing,100,s1714206,1
448,1633513719669,-0.9707031,-0.23339844,-0.14648438,-0.0625,-0.15625,0.3125,0.0,0.0,0.0,Thingy,Standing,100,s1714206,1
449,1633513719730,-0.9765625,-0.2265625,-0.13964844,-0.53125,0.09375,-0.28125,0.0,0.0,0.0,Thingy,Standing,100,s1714206,1
450,1633513719758,-0.9814453,-0.21679688,-0.14160156,-0.25,0.15625,-0.78125,0.0,0.0,0.0,Thingy,Standing,100,s1714206,1
451,1633513719790,-0.9658203,-0.22851562,-0.15625,-0.0625,0.09375,-0.71875,0.0,0.0,0.0,Thingy,Standing,100,s1714206,1
452,1633513719854,-0.9785156,-0.2265625,-0.14355469,0.4375,0.40625,-0.46875,0.0,0.0,0.0,Thingy,Standing,100,s1714206,1
453,1633513719878,-0.97265625,-0.22070312,-0.14550781,-0.0625,-0.34375,-0.59375,0.0,0.0,0.0,Thingy,Standing,100,s1714206,1
454,1633513719908,-0.96777344,-0.22460938,-0.14550781,-0.1875,-0.21875,-0.71875,0.0,0.0,0.0,Thingy,Standing,100,s1714206,1
455,1633513719968,-0.98046875,-0.22460938,-0.13476562,0.125,0.21875,-0.28125,-33.3125,14.0,-132.1875,Thingy,Standing,100,s1714206,1
456,1633513719998,-0.97558594,-0.22851562,-0.14746094,-0.78125,-0.78125,-0.59375,0.0,0.0,0.0,Thingy,Standing,100,s1714206,1
457,1633513720028,-0.9736328,-0.20703125,-0.12695312,-0.71875,-0.46875,-0.46875,0.0,0.0,0.0,Thingy,Standing,100,s1714206,1
458,1633513720087,-0.9794922,-0.21777344,-0.15234375,1.21875,0.9375,0.1875,0.0,0.0,0.0,Thingy,Standing,100,s1714206,1
459,1633513720116,-0.9824219,-0.22558594,-0.14550781,2.09375,1.0,-0.03125,0.0,0.0,0.0,Thingy,Standing,100,s1714206,1
460,1633513720146,-0.96484375,-0.22460938,-0.13183594,2.03125,0.5,-0.09375,0.0,0.0,0.0,Thingy,Standing,100,s1714206,1
461,1633513720211,-0.96875,-0.23730469,-0.13183594,1.96875,1.5,0.0,0.0,0.0,0.0,Thingy,Standing,100,s1714206,1
462,1633513720243,-0.9716797,-0.22949219,-0.14550781,1.53125,1.125,0.0625,0.0,0.0,0.0,Thingy,Standing,100,s1714206,1
463,1633513720269,-0.98046875,-0.24023438,-0.13964844,0.90625,1.3125,-0.21875,0.0,0.0,0.0,Thingy,Standing,100,s1714206,1
464,1633513720330,-0.97265625,-0.22460938,-0.14355469,1.21875,1.375,0.0,0.0,0.0,0.0,Thingy,Standing,100,s1714206,1
465,1633513720358,-0.9707031,-0.24023438,-0.14453125,0.625,1.375,0.0,0.0,0.0,0.0,Thingy,Standing,100,s1714206,1
466,1633513720389,-0.96777344,-0.23144531,-0.14257812,0.25,0.9375,-0.09375,0.0,0.0,0.0,Thingy,Standing,100,s1714206,1
467,1633513720450,-0.96875,-0.23828125,-0.13378906,-0.125,0.40625,-0.03125,0.0,0.0,0.0,Thingy,Standing,100,s1714206,1
468,1633513720477,-0.96484375,-0.22851562,-0.14257812,-0.46875,0.21875,0.0,-33.4375,13.0625,-133.6875,Thingy,Standing,100,s1714206,1
469,1633513720509,-0.97558594,-0.22851562,-0.13671875,0.0625,1.1875,-0.03125,0.0,0.0,0.0,Thingy,Standing,100,s1714206,1
470,1633513720568,-0.9736328,-0.23339844,-0.140625,0.875,1.0625,-0.34375,0.0,0.0,0.0,Thingy,Standing,100,s1714206,1
471,1633513720598,-0.9707031,-0.23242188,-0.1328125,1.09375,1.1875,-0.34375,0.0,0.0,0.0,Thingy,Standing,100,s1714206,1
472,1633513720627,-0.96972656,-0.23730469,-0.13964844,0.90625,0.875,0.1875,0.0,0.0,0.0,Thingy,Standing,100,s1714206,1
473,1633513720689,-0.9716797,-0.23339844,-0.14355469,0.25,0.9375,-0.03125,0.0,0.0,0.0,Thingy,Standing,100,s1714206,1
474,1633513720719,-0.9707031,-0.23242188,-0.15039062,0.1875,0.4375,-0.34375,0.0,0.0,0.0,Thingy,Standing,100,s1714206,1
475,1633513720747,-0.9765625,-0.22363281,-0.14550781,0.5625,0.03125,-0.21875,0.0,0.0,0.0,Thingy,Standing,100,s1714206,1
476,1633513720809,-0.9667969,-0.23632812,-0.15429688,-0.25,-0.71875,-0.21875,0.0,0.0,0.0,Thingy,Standing,100,s1714206,1
477,1633513720839,-0.97265625,-0.22851562,-0.13769531,-0.65625,-0.9375,-0.03125,0.0,0.0,0.0,Thingy,Standing,100,s1714206,1
478,1633513720866,-0.9716797,-0.22363281,-0.14355469,-0.3125,-0.28125,0.0,0.0,0.0,0.0,Thingy,Standing,100,s1714206,1
479,1633513720929,-0.96875,-0.234375,-0.1484375,0.25,0.5625,0.0625,0.0,0.0,0.0,Thingy,Standing,100,s1714206,1
480,1633513720959,-0.9736328,-0.22753906,-0.1328125,-0.1875,-0.21875,0.0625,-33.125,12.5,-132.8125,Thingy,Standing,100,s1714206,1
481,1633513720988,-0.9736328,-0.22363281,-0.12695312,-0.125,0.15625,-0.34375,0.0,0.0,0.0,Thingy,Standing,100,s1714206,1
482,1633513721049,-0.9716797,-0.23046875,-0.13476562,-0.25,0.4375,0.0,0.0,0.0,0.0,Thingy,Standing,100,s1714206,1
483,1633513721078,-0.97753906,-0.23535156,-0.13671875,-0.3125,0.9375,-0.09375,0.0,0.0,0.0,Thingy,Standing,100,s1714206,1
484,1633513721112,-0.9658203,-0.21777344,-0.13964844,0.0625,0.40625,0.4375,0.0,0.0,0.0,Thingy,Standing,100,s1714206,1
485,1633513721170,-0.97265625,-0.2265625,-0.13183594,0.1875,0.75,0.1875,0.0,0.0,0.0,Thingy,Standing,100,s1714206,1
486,1633513721198,-0.97558594,-0.2265625,-0.15039062,0.4375,1.71875,-0.03125,0.0,0.0,0.0,Thingy,Standing,100,s1714206,1
487,1633513721229,-0.9667969,-0.22851562,-0.140625,0.375,1.625,0.5,0.0,0.0,0.0,Thingy,Standing,100,s1714206,1
488,1633513721289,-0.98046875,-0.22753906,-0.15332031,0.625,1.375,1.125,0.0,0.0,0.0,Thingy,Standing,100,s1714206,1
489,1633513721319,-0.96972656,-0.22167969,-0.12792969,1.15625,1.96875,0.8125,0.0,0.0,0.0,Thingy,Standing,100,s1714206,1
490,1633513721347,-0.96972656,-0.24023438,-0.14257812,1.53125,2.46875,0.9375,0.0,0.0,0.0,Thingy,Standing,100,s1714206,1
491,1633513721407,-0.9707031,-0.23632812,-0.14257812,0.25,1.4375,0.5625,0.0,0.0,0.0,Thingy,Standing,100,s1714206,1
492,1633513721438,-0.9638672,-0.24023438,-0.13671875,-0.84375,1.0625,-0.09375,0.0,0.0,0.0,Thingy,Standing,100,s1714206,1
493,1633513721467,-0.95996094,-0.23046875,-0.14550781,-1.15625,0.5625,-0.28125,-33.3125,12.625,-131.875,Thingy,Standing,100,s1714206,1
494,1633513721530,-0.96777344,-0.22753906,-0.15136719,-1.34375,0.28125,-0.46875,0.0,0.0,0.0,Thingy,Standing,100,s1714206,1
495,1633513721559,-0.9628906,-0.22167969,-0.15625,-0.84375,-0.65625,-0.40625,0.0,0.0,0.0,Thingy,Standing,100,s1714206,1
496,1633513721589,-0.98339844,-0.2265625,-0.14648438,0.0625,-0.28125,-0.21875,0.0,0.0,0.0,Thingy,Standing,100,s1714206,1
497,1633513721647,-0.9794922,-0.23046875,-0.1484375,-0.125,-0.15625,-0.34375,0.0,0.0,0.0,Thingy,Standing,100,s1714206,1
498,1633513721678,-0.96777344,-0.22558594,-0.1484375,0.3125,1.375,0.4375,0.0,0.0,0.0,Thingy,Standing,100,s1714206,1
499,1633513721709,-0.9609375,-0.21777344,-0.15136719,1.09375,2.71875,0.4375,0.0,0.0,0.0,Thingy,Standing,100,s1714206,1
500,1633513721773,-0.9746094,-0.22265625,-0.14550781,1.28125,2.40625,0.0,0.0,0.0,0.0,Thingy,Standing,100,s1714206,1
501,1633513721797,-0.9736328,-0.2265625,-0.140625,1.15625,3.0625,-0.34375,0.0,0.0,0.0,Thingy,Standing,100,s1714206,1
502,1633513721828,-0.96777344,-0.22851562,-0.1484375,1.03125,4.25,0.0,0.0,0.0,0.0,Thingy,Standing,100,s1714206,1
503,1633513721892,-0.9736328,-0.22265625,-0.16308594,1.03125,2.71875,0.6875,0.0,0.0,0.0,Thingy,Standing,100,s1714206,1
504,1633513721918,-0.9707031,-0.2265625,-0.14550781,1.34375,0.5625,0.0625,0.0,0.0,0.0,Thingy,Standing,100,s1714206,1
505,1633513721980,-0.9658203,-0.23046875,-0.15136719,0.96875,0.625,-0.28125,-33.75,13.5625,-133.125,Thingy,Standing,100,s1714206,1
506,1633513722009,-0.9765625,-0.23535156,-0.16113281,0.125,0.75,-0.03125,0.0,0.0,0.0,Thingy,Standing,100,s1714206,1
507,1633513722039,-0.9667969,-0.23144531,-0.16992188,-0.375,1.5625,-0.34375,0.0,0.0,0.0,Thingy,Standing,100,s1714206,1
508,1633513722068,-0.96484375,-0.2265625,-0.1484375,-1.34375,0.15625,-0.03125,0.0,0.0,0.0,Thingy,Standing,100,s1714206,1
509,1633513722129,-0.9667969,-0.2265625,-0.17285156,-2.0625,0.40625,-0.40625,0.0,0.0,0.0,Thingy,Standing,100,s1714206,1
510,1633513722161,-0.96972656,-0.22851562,-0.15820312,-1.75,0.875,-0.59375,0.0,0.0,0.0,Thingy,Standing,100,s1714206,1
511,1633513722320,-0.96484375,-0.22363281,-0.16601562,-1.9375,-0.34375,-0.40625,0.0,0.0,0.0,Thingy,Standing,100,s1714206,1
512,1633513722326,-0.9736328,-0.22753906,-0.16210938,-1.65625,0.5625,0.125,0.0,0.0,0.0,Thingy,Standing,100,s1714206,1
513,1633513722330,-0.96875,-0.23535156,-0.15234375,-1.75,1.625,0.6875,0.0,0.0,0.0,Thingy,Standing,100,s1714206,1
514,1633513722333,-0.9628906,-0.21777344,-0.14941406,-2.5,0.5625,0.0625,0.0,0.0,0.0,Thingy,Standing,100,s1714206,1
515,1633513722369,-0.96484375,-0.22753906,-0.15820312,-2.3125,-0.15625,0.1875,0.0,0.0,0.0,Thingy,Standing,100,s1714206,1
516,1633513722399,-0.97753906,-0.234375,-0.17578125,-1.8125,-0.71875,-0.40625,0.0,0.0,0.0,Thingy,Standing,100,s1714206,1
517,1633513722550,-0.9707031,-0.24023438,-0.15722656,-2.75,-0.9375,-0.78125,-36.125,12.625,-132.1875,Thingy,Standing,100,s1714206,1
518,1633513722553,-0.9736328,-0.21972656,-0.15039062,-2.6875,-0.59375,-0.90625,0.0,0.0,0.0,Thingy,Standing,100,s1714206,1
519,1633513722555,-0.9736328,-0.22167969,-0.17089844,-2.4375,-0.09375,-0.90625,0.0,0.0,0.0,Thingy,Standing,100,s1714206,1
520,1633513722558,-0.9765625,-0.22167969,-0.17480469,-0.90625,0.09375,-0.71875,0.0,0.0,0.0,Thingy,Standing,100,s1714206,1
521,1633513722608,-0.9658203,-0.21875,-0.15917969,0.25,0.4375,-0.46875,0.0,0.0,0.0,Thingy,Standing,100,s1714206,1
522,1633513722641,-0.9707031,-0.22167969,-0.16113281,1.15625,1.0625,0.0625,0.0,0.0,0.0,Thingy,Standing,100,s1714206,1
523,1633513722672,-0.9736328,-0.21972656,-0.16601562,1.71875,0.5625,0.1875,0.0,0.0,0.0,Thingy,Standing,100,s1714206,1
524,1633513722729,-0.9765625,-0.23144531,-0.16308594,1.28125,0.5625,0.125,0.0,0.0,0.0,Thingy,Standing,100,s1714206,1
525,1633513722759,-0.97265625,-0.22753906,-0.16894531,0.5,0.6875,0.1875,0.0,0.0,0.0,Thingy,Standing,100,s1714206,1
526,1633513722789,-0.9638672,-0.22558594,-0.16308594,-0.1875,0.9375,0.25,0.0,0.0,0.0,Thingy,Standing,100,s1714206,1
527,1633513722849,-0.96875,-0.2265625,-0.17285156,-0.3125,0.5,0.375,0.0,0.0,0.0,Thingy,Standing,100,s1714206,1
528,1633513722878,-0.9736328,-0.21972656,-0.16894531,-0.59375,-0.03125,0.0625,0.0,0.0,0.0,Thingy,Standing,100,s1714206,1
529,1633513722910,-0.96191406,-0.2265625,-0.16503906,-0.125,0.5625,-0.03125,0.0,0.0,0.0,Thingy,Standing,100,s1714206,1
530,1633513722969,-0.9638672,-0.23046875,-0.15625,0.5625,0.6875,0.1875,-33.4375,12.5,-133.375,Thingy,Standing,100,s1714206,1
531,1633513722997,-0.97265625,-0.2265625,-0.16503906,0.5625,0.9375,0.375,0.0,0.0,0.0,Thingy,Standing,100,s1714206,1
532,1633513723028,-0.96777344,-0.2265625,-0.16699219,1.03125,0.625,0.6875,0.0,0.0,0.0,Thingy,Standing,100,s1714206,1
533,1633513723091,-0.97265625,-0.21679688,-0.16796875,0.25,0.5625,0.25,0.0,0.0,0.0,Thingy,Standing,100,s1714206,1
534,1633513723121,-0.9716797,-0.23242188,-0.15625,0.3125,0.03125,0.25,0.0,0.0,0.0,Thingy,Standing,100,s1714206,1
535,1633513723148,-0.9746094,-0.23632812,-0.140625,-0.3125,-0.40625,0.3125,0.0,0.0,0.0,Thingy,Standing,100,s1714206,1
536,1633513723209,-0.96972656,-0.21972656,-0.15722656,-0.84375,-0.53125,0.3125,0.0,0.0,0.0,Thingy,Standing,100,s1714206,1
537,1633513723239,-0.96972656,-0.22363281,-0.15332031,-0.4375,-0.21875,0.5,0.0,0.0,0.0,Thingy,Standing,100,s1714206,1
538,1633513723267,-0.97265625,-0.22949219,-0.16210938,0.0625,-0.09375,0.3125,0.0,0.0,0.0,Thingy,Standing,100,s1714206,1
539,1633513723331,-0.9638672,-0.2265625,-0.16503906,0.3125,-0.03125,-0.21875,0.0,0.0,0.0,Thingy,Standing,100,s1714206,1
540,1633513723359,-0.96484375,-0.21777344,-0.16210938,0.8125,-0.03125,0.0,0.0,0.0,0.0,Thingy,Standing,100,s1714206,1
541,1633513723388,-0.9707031,-0.21777344,-0.16015625,0.8125,0.09375,0.125,0.0,0.0,0.0,Thingy,Standing,100,s1714206,1
542,1633513723448,-0.96875,-0.21875,-0.16503906,0.96875,0.34375,0.1875,0.0,0.0,0.0,Thingy,Standing,100,s1714206,1
543,1633513723480,-0.96777344,-0.21875,-0.16308594,1.03125,0.21875,0.375,-34.625,11.875,-133.25,Thingy,Standing,100,s1714206,1
544,1633513723509,-0.9736328,-0.21777344,-0.15820312,0.75,0.4375,0.1875,0.0,0.0,0.0,Thingy,Standing,100,s1714206,1
545,1633513723567,-0.96875,-0.21679688,-0.1640625,1.15625,0.9375,0.0,0.0,0.0,0.0,Thingy,Standing,100,s1714206,1
546,1633513723599,-0.9736328,-0.22753906,-0.17285156,1.03125,0.4375,0.25,0.0,0.0,0.0,Thingy,Standing,100,s1714206,1
547,1633513723629,-0.97753906,-0.22851562,-0.15136719,0.6875,0.4375,0.125,0.0,0.0,0.0,Thingy,Standing,100,s1714206,1
548,1633513723689,-0.9667969,-0.22558594,-0.15039062,0.3125,1.0625,0.5,0.0,0.0,0.0,Thingy,Standing,100,s1714206,1
549,1633513723723,-0.9765625,-0.22753906,-0.14941406,0.5,1.5,0.375,0.0,0.0,0.0,Thingy,Standing,100,s1714206,1
550,1633513723747,-0.97265625,-0.23632812,-0.15332031,0.1875,1.4375,0.125,0.0,0.0,0.0,Thingy,Standing,100,s1714206,1
551,1633513723809,-0.96484375,-0.22558594,-0.15917969,0.3125,0.9375,-0.03125,0.0,0.0,0.0,Thingy,Standing,100,s1714206,1
552,1633513723839,-0.96875,-0.22265625,-0.15820312,-0.25,0.4375,-0.46875,0.0,0.0,0.0,Thingy,Standing,100,s1714206,1
553,1633513723867,-0.9628906,-0.22753906,-0.15820312,-0.25,0.03125,-0.96875,0.0,0.0,0.0,Thingy,Standing,100,s1714206,1
554,1633513723932,-0.9667969,-0.22851562,-0.15234375,-0.65625,-0.71875,-0.34375,0.0,0.0,0.0,Thingy,Standing,100,s1714206,1
555,1633513723959,-0.9707031,-0.22363281,-0.15527344,-0.46875,-1.0,-0.15625,-34.0625,13.375,-132.5,Thingy,Standing,100,s1714206,1
556,1633513723989,-0.9736328,-0.21875,-0.15527344,-0.53125,-1.125,-0.15625,0.0,0.0,0.0,Thingy,Standing,100,s1714206,1
557,1633513724050,-0.97265625,-0.2265625,-0.17089844,-0.25,-1.0625,-0.09375,0.0,0.0,0.0,Thingy,Standing,100,s1714206,1
558,1633513724079,-0.9736328,-0.21875,-0.140625,-0.3125,-0.15625,-0.21875,0.0,0.0,0.0,Thingy,Standing,100,s1714206,1
559,1633513724109,-0.9794922,-0.22363281,-0.16503906,-0.0625,0.09375,-0.03125,0.0,0.0,0.0,Thingy,Standing,100,s1714206,1
560,1633513724168,-0.9707031,-0.21386719,-0.15234375,0.375,-0.03125,-0.21875,0.0,0.0,0.0,Thingy,Standing,100,s1714206,1
561,1633513724197,-0.9716797,-0.22558594,-0.15820312,0.375,-0.21875,-0.21875,0.0,0.0,0.0,Thingy,Standing,100,s1714206,1
562,1633513724228,-0.9707031,-0.234375,-0.14550781,0.1875,0.09375,-0.34375,0.0,0.0,0.0,Thingy,Standing,100,s1714206,1
563,1633513724291,-0.98046875,-0.22167969,-0.15722656,0.5625,0.21875,-0.15625,0.0,0.0,0.0,Thingy,Standing,100,s1714206,1
564,1633513724318,-0.9794922,-0.23339844,-0.14941406,0.8125,0.5625,-0.34375,0.0,0.0,0.0,Thingy,Standing,100,s1714206,1
565,1633513724348,-0.9707031,-0.22167969,-0.16796875,0.375,0.75,-0.53125,0.0,0.0,0.0,Thingy,Standing,100,s1714206,1
566,1633513724410,-0.9746094,-0.21972656,-0.1640625,0.0,-0.21875,-0.53125,0.0,0.0,0.0,Thingy,Standing,100,s1714206,1
567,1633513724439,-0.9716797,-0.21191406,-0.15527344,0.3125,0.34375,-0.78125,0.0,0.0,0.0,Thingy,Standing,100,s1714206,1
568,1633513724498,-0.98046875,-0.22460938,-0.15917969,1.15625,0.9375,-1.03125,-34.375,14.0,-133.5625,Thingy,Standing,100,s1714206,1
569,1633513724528,-0.96875,-0.22558594,-0.15332031,0.6875,0.6875,-0.53125,0.0,0.0,0.0,Thingy,Standing,100,s1714206,1
570,1633513724561,-0.96777344,-0.22460938,-0.16015625,0.5,0.28125,-0.34375,0.0,0.0,0.0,Thingy,Standing,100,s1714206,1
571,1633513724590,-0.96777344,-0.22558594,-0.1484375,0.125,-0.15625,-0.46875,0.0,0.0,0.0,Thingy,Standing,100,s1714206,1
572,1633513724650,-0.96972656,-0.23144531,-0.14941406,0.0,0.625,-0.59375,0.0,0.0,0.0,Thingy,Standing,100,s1714206,1
573,1633513724680,-0.96972656,-0.23046875,-0.15429688,-0.71875,0.15625,-0.09375,0.0,0.0,0.0,Thingy,Standing,100,s1714206,1
574,1633513724709,-0.9736328,-0.23242188,-0.15039062,-0.59375,-0.40625,-0.40625,0.0,0.0,0.0,Thingy,Standing,100,s1714206,1
575,1633513724771,-0.9658203,-0.22363281,-0.14941406,-0.1875,-0.84375,-0.53125,0.0,0.0,0.0,Thingy,Standing,100,s1714206,1
576,1633513724799,-0.9658203,-0.22070312,-0.15039062,-0.3125,-0.46875,-0.21875,0.0,0.0,0.0,Thingy,Standing,100,s1714206,1
577,1633513724829,-0.97753906,-0.22558594,-0.15136719,-0.0625,-0.09375,-0.15625,0.0,0.0,0.0,Thingy,Standing,100,s1714206,1
578,1633513724890,-0.97558594,-0.22460938,-0.14746094,0.4375,-0.15625,-0.03125,0.0,0.0,0.0,Thingy,Standing,100,s1714206,1
579,1633513724917,-0.97753906,-0.22949219,-0.15820312,0.6875,0.34375,0.0625,0.0,0.0,0.0,Thingy,Standing,100,s1714206,1
580,1633513724980,-0.95996094,-0.22363281,-0.15332031,0.625,0.34375,-0.03125,-36.0,13.0625,-133.125,Thingy,Standing,100,s1714206,1
581,1633513725011,-0.96972656,-0.2265625,-0.15429688,0.5625,1.125,-0.15625,0.0,0.0,0.0,Thingy,Standing,100,s1714206,1
582,1633513725042,-0.96484375,-0.22851562,-0.16113281,0.25,1.71875,-0.40625,0.0,0.0,0.0,Thingy,Standing,100,s1714206,1
583,1633513725068,-0.96484375,-0.22265625,-0.14550781,-0.125,1.4375,-0.28125,0.0,0.0,0.0,Thingy,Standing,100,s1714206,1
584,1633513725130,-0.96777344,-0.22753906,-0.15820312,-0.53125,0.75,-0.28125,0.0,0.0,0.0,Thingy,Standing,100,s1714206,1
585,1633513725158,-0.98046875,-0.21777344,-0.140625,0.0,0.75,-0.46875,0.0,0.0,0.0,Thingy,Standing,100,s1714206,1
586,1633513725187,-0.97753906,-0.22753906,-0.15332031,0.5,0.75,-0.65625,0.0,0.0,0.0,Thingy,Standing,100,s1714206,1
587,1633513725249,-0.9736328,-0.22753906,-0.15039062,0.1875,0.875,-0.46875,0.0,0.0,0.0,Thingy,Standing,100,s1714206,1
588,1633513725279,-0.9628906,-0.23730469,-0.15917969,0.125,0.5625,-0.53125,0.0,0.0,0.0,Thingy,Standing,100,s1714206,1
589,1633513725310,-0.9736328,-0.2265625,-0.16015625,-0.59375,-0.40625,-0.28125,0.0,0.0,0.0,Thingy,Standing,100,s1714206,1
590,1633513725369,-0.96777344,-0.21679688,-0.16796875,-0.71875,-0.03125,-0.78125,0.0,0.0,0.0,Thingy,Standing,100,s1714206,1
591,1633513725398,-0.96191406,-0.22265625,-0.16601562,-0.53125,-0.65625,-0.71875,0.0,0.0,0.0,Thingy,Standing,100,s1714206,1
592,1633513725429,-0.984375,-0.23046875,-0.14941406,-0.46875,-1.3125,-0.15625,0.0,0.0,0.0,Thingy,Standing,100,s1714206,1
593,1633513725489,-0.9716797,-0.23144531,-0.1484375,-0.65625,-1.125,-0.09375,-34.0625,13.375,-133.25,Thingy,Standing,100,s1714206,1
594,1633513725518,-0.9550781,-0.22363281,-0.14941406,-0.78125,-1.375,-0.15625,0.0,0.0,0.0,Thingy,Standing,100,s1714206,1
595,1633513725579,-0.96875,-0.23144531,-0.14550781,-0.96875,-1.0625,-0.21875,0.0,0.0,0.0,Thingy,Standing,100,s1714206,1
596,1633513725608,-0.9746094,-0.22460938,-0.15625,-0.3125,-1.25,-0.21875,0.0,0.0,0.0,Thingy,Standing,100,s1714206,1
597,1633513725637,-0.97558594,-0.22558594,-0.14550781,0.375,-0.40625,-0.34375,0.0,0.0,0.0,Thingy,Standing,100,s1714206,1
598,1633513725700,-0.9736328,-0.23242188,-0.16699219,0.90625,0.15625,-0.09375,0.0,0.0,0.0,Thingy,Standing,100,s1714206,1
599,1633513725730,-0.9667969,-0.22558594,-0.15527344,1.15625,0.34375,0.375,0.0,0.0,0.0,Thingy,Standing,100,s1714206,1
600,1633513725758,-0.9707031,-0.22851562,-0.14648438,1.71875,1.1875,0.25,0.0,0.0,0.0,Thingy,Standing,100,s1714206,1
601,1633513725819,-0.96972656,-0.23339844,-0.15332031,1.40625,0.625,0.375,0.0,0.0,0.0,Thingy,Standing,100,s1714206,1
602,1633513725847,-0.9609375,-0.23730469,-0.14941406,0.8125,0.5625,0.375,0.0,0.0,0.0,Thingy,Standing,100,s1714206,1
603,1633513725878,-0.9785156,-0.234375,-0.15722656,0.75,1.0,0.3125,0.0,0.0,0.0,Thingy,Standing,100,s1714206,1
604,1633513725943,-0.97265625,-0.23339844,-0.140625,0.625,0.875,0.0625,0.0,0.0,0.0,Thingy,Standing,100,s1714206,1
605,1633513725968,-0.96972656,-0.22558594,-0.15136719,0.375,1.5,0.0,-33.625,12.625,-133.25,Thingy,Standing,100,s1714206,1
606,1633513725998,-0.9658203,-0.23144531,-0.15136719,-0.1875,0.34375,0.3125,0.0,0.0,0.0,Thingy,Standing,100,s1714206,1
607,1633513726060,-0.9746094,-0.22851562,-0.15039062,-0.4375,0.875,-0.09375,0.0,0.0,0.0,Thingy,Standing,100,s1714206,1
608,1633513726088,-0.96875,-0.23242188,-0.15429688,-0.53125,0.21875,0.125,0.0,0.0,0.0,Thingy,Standing,100,s1714206,1
609,1633513726117,-0.96875,-0.23046875,-0.15136719,-1.59375,-0.65625,0.0,0.0,0.0,0.0,Thingy,Standing,100,s1714206,1
610,1633513726181,-0.9658203,-0.22753906,-0.14648438,-1.71875,-0.21875,-0.15625,0.0,0.0,0.0,Thingy,Standing,100,s1714206,1
611,1633513726207,-0.9707031,-0.23144531,-0.16015625,-1.65625,-0.21875,0.0625,0.0,0.0,0.0,Thingy,Standing,100,s1714206,1
612,1633513726238,-0.96875,-0.23730469,-0.15820312,-1.09375,0.28125,0.0,0.0,0.0,0.0,Thingy,Standing,100,s1714206,1
613,1633513726298,-0.9716797,-0.22070312,-0.15429688,-0.53125,0.6875,-0.21875,0.0,0.0,0.0,Thingy,Standing,100,s1714206,1
614,1633513726328,-0.9736328,-0.2265625,-0.14746094,-0.375,0.5,0.0625,0.0,0.0,0.0,Thingy,Standing,100,s1714206,1
615,1633513726359,-0.96972656,-0.23339844,-0.15234375,0.0,0.625,0.0,0.0,0.0,0.0,Thingy,Standing,100,s1714206,1
616,1633513726419,-0.9628906,-0.22753906,-0.15136719,0.0625,1.0,0.1875,0.0,0.0,0.0,Thingy,Standing,100,s1714206,1
617,1633513726447,-0.97265625,-0.23046875,-0.15429688,0.125,1.0625,-0.21875,0.0,0.0,0.0,Thingy,Standing,100,s1714206,1
618,1633513726480,-0.9628906,-0.23144531,-0.15234375,-0.1875,0.75,-0.03125,-34.625,13.375,-133.5625,Thingy,Standing,100,s1714206,1
619,1633513726540,-0.9628906,-0.2265625,-0.15917969,0.0,0.4375,0.1875,0.0,0.0,0.0,Thingy,Standing,100,s1714206,1
620,1633513726569,-0.96484375,-0.21972656,-0.14941406,0.0,1.125,0.0625,0.0,0.0,0.0,Thingy,Standing,100,s1714206,1
621,1633513726598,-0.9658203,-0.22167969,-0.15527344,0.6875,1.25,0.25,0.0,0.0,0.0,Thingy,Standing,100,s1714206,1
622,1633513726659,-0.9736328,-0.2265625,-0.16210938,0.5625,1.4375,0.125,0.0,0.0,0.0,Thingy,Standing,100,s1714206,1
623,1633513726689,-0.96777344,-0.23242188,-0.15527344,0.3125,0.5625,0.125,0.0,0.0,0.0,Thingy,Standing,100,s1714206,1
624,1633513726717,-0.9628906,-0.22558594,-0.15917969,0.0,0.875,0.125,0.0,0.0,0.0,Thingy,Standing,100,s1714206,1
625,1633513726781,-0.96191406,-0.234375,-0.14648438,0.375,1.0625,0.125,0.0,0.0,0.0,Thingy,Standing,100,s1714206,1
626,1633513726810,-0.98339844,-0.2265625,-0.15722656,-0.125,0.40625,0.375,0.0,0.0,0.0,Thingy,Standing,100,s1714206,1
627,1633513726838,-0.9716797,-0.22363281,-0.15039062,0.1875,0.75,0.5,0.0,0.0,0.0,Thingy,Standing,100,s1714206,1
628,1633513726900,-0.97265625,-0.2265625,-0.15625,0.0,0.5,0.5625,0.0,0.0,0.0,Thingy,Standing,100,s1714206,1
629,1633513726929,-0.9628906,-0.22460938,-0.16894531,0.0,0.34375,0.5,0.0,0.0,0.0,Thingy,Standing,100,s1714206,1
630,1633513726958,-0.97558594,-0.23046875,-0.14746094,0.4375,0.625,0.25,-33.125,13.0625,-132.375,Thingy,Standing,100,s1714206,1
631,1633513727018,-0.9794922,-0.2265625,-0.16699219,0.3125,1.1875,0.1875,0.0,0.0,0.0,Thingy,Standing,100,s1714206,1
632,1633513727047,-0.97558594,-0.22167969,-0.17675781,0.1875,1.1875,0.5625,0.0,0.0,0.0,Thingy,Standing,100,s1714206,1
633,1633513727080,-0.9658203,-0.22949219,-0.15039062,0.0,0.875,0.6875,0.0,0.0,0.0,Thingy,Standing,100,s1714206,1
634,1633513727139,-0.9707031,-0.22167969,-0.16113281,0.0,1.25,0.4375,0.0,0.0,0.0,Thingy,Standing,100,s1714206,1
635,1633513727169,-0.96875,-0.21972656,-0.1640625,0.0,0.5,0.375,0.0,0.0,0.0,Thingy,Standing,100,s1714206,1
636,1633513727198,-0.96777344,-0.22949219,-0.15527344,-0.3125,0.03125,0.3125,0.0,0.0,0.0,Thingy,Standing,100,s1714206,1
637,1633513727259,-0.9658203,-0.23046875,-0.14355469,-0.125,0.875,0.3125,0.0,0.0,0.0,Thingy,Standing,100,s1714206,1
638,1633513727289,-0.9736328,-0.2265625,-0.16113281,0.125,1.375,0.5,0.0,0.0,0.0,Thingy,Standing,100,s1714206,1
639,1633513727317,-0.9658203,-0.22558594,-0.15039062,-0.375,1.125,0.875,0.0,0.0,0.0,Thingy,Standing,100,s1714206,1
640,1633513727378,-0.9707031,-0.22070312,-0.16992188,-0.125,1.0625,1.0625,0.0,0.0,0.0,Thingy,Standing,100,s1714206,1
641,1633513727409,-0.96777344,-0.22363281,-0.15527344,-0.71875,0.75,1.25,0.0,0.0,0.0,Thingy,Standing,100,s1714206,1
642,1633513727439,-0.9736328,-0.21972656,-0.16503906,-0.3125,1.375,0.9375,0.0,0.0,0.0,Thingy,Standing,100,s1714206,1
643,1633513727500,-0.9658203,-0.21582031,-0.16113281,-0.96875,-0.03125,0.5625,-36.0,12.0625,-133.375,Thingy,Standing,100,s1714206,1
644,1633513727529,-0.9785156,-0.22167969,-0.15234375,-1.03125,0.03125,0.4375,0.0,0.0,0.0,Thingy,Standing,100,s1714206,1
645,1633513727561,-0.9736328,-0.22070312,-0.15820312,-1.21875,-0.15625,0.4375,0.0,0.0,0.0,Thingy,Standing,100,s1714206,1
646,1633513727619,-0.9667969,-0.21386719,-0.15234375,-1.09375,-0.21875,0.3125,0.0,0.0,0.0,Thingy,Standing,100,s1714206,1
647,1633513727649,-0.9707031,-0.21875,-0.16894531,-0.65625,0.75,0.0625,0.0,0.0,0.0,Thingy,Standing,100,s1714206,1
648,1633513727678,-0.96972656,-0.22460938,-0.16796875,-0.46875,0.03125,0.125,0.0,0.0,0.0,Thingy,Standing,100,s1714206,1
649,1633513727768,-0.9765625,-0.21582031,-0.16113281,0.0625,0.40625,0.0625,0.0,0.0,0.0,Thingy,Standing,100,s1714206,1
650,1633513727774,-0.9716797,-0.21777344,-0.16015625,0.4375,0.625,0.0625,0.0,0.0,0.0,Thingy,Standing,100,s1714206,1
651,1633513727798,-0.97265625,-0.21777344,-0.15136719,0.8125,0.875,0.1875,0.0,0.0,0.0,Thingy,Standing,100,s1714206,1
652,1633513727859,-0.97265625,-0.22167969,-0.17382812,0.5625,0.34375,0.4375,0.0,0.0,0.0,Thingy,Standing,100,s1714206,1
653,1633513727887,-0.9707031,-0.21386719,-0.16113281,0.3125,0.09375,0.375,0.0,0.0,0.0,Thingy,Standing,100,s1714206,1
654,1633513727917,-0.96972656,-0.2109375,-0.15625,0.25,1.375,0.0625,0.0,0.0,0.0,Thingy,Standing,100,s1714206,1
655,1633513727978,-0.9794922,-0.22265625,-0.1640625,0.5,1.78125,0.0625,-33.75,13.0625,-134.125,Thingy,Standing,100,s1714206,1
656,1633513728009,-0.9736328,-0.21289062,-0.15917969,0.8125,2.28125,0.0625,0.0,0.0,0.0,Thingy,Standing,100,s1714206,1
657,1633513728039,-0.97265625,-0.21191406,-0.16210938,0.625,1.71875,0.1875,0.0,0.0,0.0,Thingy,Standing,100,s1714206,1
658,1633513728100,-0.9638672,-0.21875,-0.1640625,0.0,1.0,0.125,0.0,0.0,0.0,Thingy,Standing,100,s1714206,1
659,1633513728128,-0.9716797,-0.21679688,-0.17871094,0.25,1.3125,-0.15625,0.0,0.0,0.0,Thingy,Standing,100,s1714206,1
660,1633513728159,-0.9736328,-0.21777344,-0.17089844,-0.0625,-0.15625,-0.09375,0.0,0.0,0.0,Thingy,Standing,100,s1714206,1
661,1633513728217,-0.97753906,-0.2109375,-0.16113281,-0.25,-0.28125,-0.03125,0.0,0.0,0.0,Thingy,Standing,100,s1714206,1
662,1633513728249,-0.9736328,-0.21679688,-0.16699219,-0.25,-0.65625,0.125,0.0,0.0,0.0,Thingy,Standing,100,s1714206,1
663,1633513728279,-0.97558594,-0.2109375,-0.17285156,-0.0625,-0.59375,0.1875,0.0,0.0,0.0,Thingy,Standing,100,s1714206,1
664,1633513728338,-0.96777344,-0.21679688,-0.15429688,0.625,0.15625,-0.09375,0.0,0.0,0.0,Thingy,Standing,100,s1714206,1
665,1633513728367,-0.96777344,-0.21386719,-0.16210938,0.90625,0.03125,0.0,0.0,0.0,0.0,Thingy,Standing,100,s1714206,1
666,1633513728399,-0.9746094,-0.20898438,-0.16015625,0.8125,0.625,-0.03125,0.0,0.0,0.0,Thingy,Standing,100,s1714206,1
667,1633513728458,-0.9746094,-0.21484375,-0.16894531,0.625,1.125,0.0625,0.0,0.0,0.0,Thingy,Standing,100,s1714206,1
668,1633513728488,-0.96875,-0.21679688,-0.15429688,0.6875,1.25,0.0,-35.25,14.875,-132.8125,Thingy,Standing,100,s1714206,1
669,1633513728518,-0.9707031,-0.20996094,-0.16113281,0.25,0.75,0.375,0.0,0.0,0.0,Thingy,Standing,100,s1714206,1
670,1633513728579,-0.9736328,-0.21289062,-0.16210938,0.0625,0.40625,0.25,0.0,0.0,0.0,Thingy,Standing,100,s1714206,1
671,1633513728608,-0.97753906,-0.20800781,-0.17871094,0.375,1.3125,0.25,0.0,0.0,0.0,Thingy,Standing,100,s1714206,1
672,1633513728638,-0.9765625,-0.21289062,-0.16699219,1.03125,0.5625,0.0,0.0,0.0,0.0,Thingy,Standing,100,s1714206,1
673,1633513728698,-0.98046875,-0.21679688,-0.17089844,0.875,0.4375,-0.53125,0.0,0.0,0.0,Thingy,Standing,100,s1714206,1
674,1633513728729,-0.9746094,-0.21289062,-0.17089844,0.625,0.09375,-0.28125,0.0,0.0,0.0,Thingy,Standing,100,s1714206,1
675,1633513728761,-0.97558594,-0.21777344,-0.16601562,0.25,0.15625,-0.15625,0.0,0.0,0.0,Thingy,Standing,100,s1714206,1
676,1633513728819,-0.9746094,-0.21875,-0.16699219,0.3125,0.15625,-0.34375,0.0,0.0,0.0,Thingy,Standing,100,s1714206,1
677,1633513728849,-0.96972656,-0.21191406,-0.1640625,0.125,-0.46875,0.0,0.0,0.0,0.0,Thingy,Standing,100,s1714206,1
678,1633513728880,-0.97558594,-0.21191406,-0.17480469,-0.0625,-0.53125,0.0,0.0,0.0,0.0,Thingy,Standing,100,s1714206,1
679,1633513728940,-0.97265625,-0.20410156,-0.16894531,0.625,-0.84375,-0.03125,0.0,0.0,0.0,Thingy,Standing,100,s1714206,1
680,1633513728967,-0.9716797,-0.21777344,-0.15722656,1.09375,-0.15625,-0.03125,-34.625,14.75,-133.5625,Thingy,Standing,100,s1714206,1
681,1633513728997,-0.9736328,-0.21582031,-0.16992188,1.46875,0.40625,-0.09375,0.0,0.0,0.0,Thingy,Standing,100,s1714206,1
682,1633513729058,-0.96484375,-0.22460938,-0.16601562,1.03125,0.4375,0.0625,0.0,0.0,0.0,Thingy,Standing,100,s1714206,1
683,1633513729087,-0.98046875,-0.21972656,-0.17871094,0.75,1.0,0.0,0.0,0.0,0.0,Thingy,Standing,100,s1714206,1
684,1633513729119,-0.9707031,-0.21386719,-0.17675781,0.5625,1.3125,-0.03125,0.0,0.0,0.0,Thingy,Standing,100,s1714206,1
685,1633513729180,-0.9667969,-0.21972656,-0.16308594,0.0625,1.0625,-0.34375,0.0,0.0,0.0,Thingy,Standing,100,s1714206,1
686,1633513729213,-0.9658203,-0.21582031,-0.16992188,0.0,0.4375,-0.15625,0.0,0.0,0.0,Thingy,Standing,100,s1714206,1
687,1633513729237,-0.97558594,-0.21191406,-0.16699219,-0.3125,0.9375,-0.21875,0.0,0.0,0.0,Thingy,Standing,100,s1714206,1
688,1633513729299,-0.96777344,-0.21386719,-0.16992188,0.0,1.4375,-0.28125,0.0,0.0,0.0,Thingy,Standing,100,s1714206,1
689,1633513729329,-0.96484375,-0.21386719,-0.16796875,-0.4375,0.5,-0.53125,0.0,0.0,0.0,Thingy,Standing,100,s1714206,1
690,1633513729359,-0.97753906,-0.22363281,-0.17285156,0.0,1.0,-0.53125,0.0,0.0,0.0,Thingy,Standing,100,s1714206,1
691,1633513729422,-0.9736328,-0.21582031,-0.17675781,-0.46875,0.21875,-0.21875,0.0,0.0,0.0,Thingy,Standing,100,s1714206,1
692,1633513729449,-0.9658203,-0.21289062,-0.16113281,-0.0625,0.75,-0.71875,0.0,0.0,0.0,Thingy,Standing,100,s1714206,1
693,1633513729479,-0.9785156,-0.22265625,-0.16894531,-0.53125,-0.09375,-0.28125,-36.125,13.375,-134.875,Thingy,Standing,100,s1714206,1
694,1633513729538,-0.9746094,-0.21679688,-0.16992188,-0.59375,-0.21875,-0.34375,0.0,0.0,0.0,Thingy,Standing,100,s1714206,1
695,1633513729568,-0.9746094,-0.22167969,-0.16992188,-0.46875,-0.40625,-0.28125,0.0,0.0,0.0,Thingy,Standing,100,s1714206,1
696,1633513729598,-0.98339844,-0.21582031,-0.15429688,0.0625,-0.53125,-0.09375,0.0,0.0,0.0,Thingy,Standing,100,s1714206,1
697,1633513729660,-0.96777344,-0.21875,-0.15625,0.3125,0.34375,-0.21875,0.0,0.0,0.0,Thingy,Standing,100,s1714206,1
698,1633513729687,-0.97753906,-0.21582031,-0.17089844,0.5625,0.625,-0.34375,0.0,0.0,0.0,Thingy,Standing,100,s1714206,1
699,1633513729718,-0.96972656,-0.2265625,-0.15820312,0.75,0.6875,-0.21875,0.0,0.0,0.0,Thingy,Standing,100,s1714206,1
700,1633513729779,-0.97265625,-0.21777344,-0.16894531,0.8125,1.25,-0.15625,0.0,0.0,0.0,Thingy,Standing,100,s1714206,1
701,1633513729807,-0.9716797,-0.22070312,-0.16992188,0.6875,1.4375,-0.03125,0.0,0.0,0.0,Thingy,Standing,100,s1714206,1
702,1633513729838,-0.9707031,-0.21875,-0.17285156,0.25,0.34375,-0.21875,0.0,0.0,0.0,Thingy,Standing,100,s1714206,1
703,1633513729899,-0.9716797,-0.21191406,-0.17285156,0.0,0.40625,-0.09375,0.0,0.0,0.0,Thingy,Standing,100,s1714206,1
704,1633513729929,-0.9794922,-0.21972656,-0.16308594,-0.25,1.125,-0.15625,0.0,0.0,0.0,Thingy,Standing,100,s1714206,1
705,1633513729959,-0.97753906,-0.22558594,-0.16601562,-0.25,0.6875,-0.09375,-34.0625,10.5625,-133.875,Thingy,Standing,100,s1714206,1
706,1633513730049,-0.9707031,-0.21484375,-0.17871094,0.125,0.4375,-0.34375,0.0,0.0,0.0,Thingy,Standing,100,s1714206,1
707,1633513730055,-0.97558594,-0.22070312,-0.16113281,0.375,-0.28125,-0.28125,0.0,0.0,0.0,Thingy,Standing,100,s1714206,1
708,1633513730080,-0.9716797,-0.2109375,-0.16894531,-0.25,-0.09375,-0.03125,0.0,0.0,0.0,Thingy,Standing,100,s1714206,1
709,1633513730139,-0.96191406,-0.21679688,-0.15429688,-0.3125,-0.34375,-0.21875,0.0,0.0,0.0,Thingy,Standing,100,s1714206,1
710,1633513730169,-0.96484375,-0.21484375,-0.16992188,-0.59375,-1.25,0.0625,0.0,0.0,0.0,Thingy,Standing,100,s1714206,1
711,1633513730199,-0.9707031,-0.21679688,-0.18261719,-0.59375,-0.90625,-0.09375,0.0,0.0,0.0,Thingy,Standing,100,s1714206,1
712,1633513730260,-0.96972656,-0.21875,-0.16503906,-0.46875,-0.9375,-0.21875,0.0,0.0,0.0,Thingy,Standing,100,s1714206,1
713,1633513730289,-0.9746094,-0.21972656,-0.16699219,-0.59375,-0.71875,-0.15625,0.0,0.0,0.0,Thingy,Standing,100,s1714206,1
714,1633513730317,-0.9785156,-0.22265625,-0.16113281,-0.53125,-0.15625,-0.28125,0.0,0.0,0.0,Thingy,Standing,100,s1714206,1
715,1633513730378,-0.96777344,-0.21484375,-0.14941406,-0.25,-0.03125,-0.15625,0.0,0.0,0.0,Thingy,Standing,100,s1714206,1
716,1633513730407,-0.97753906,-0.22167969,-0.16113281,0.5,0.21875,-0.15625,0.0,0.0,0.0,Thingy,Standing,100,s1714206,1
717,1633513730437,-0.9794922,-0.21191406,-0.16113281,0.4375,0.625,-0.15625,0.0,0.0,0.0,Thingy,Standing,100,s1714206,1
718,1633513730499,-0.9667969,-0.21875,-0.17773438,0.375,0.09375,-0.21875,-35.25,13.8125,-134.125,Thingy,Standing,100,s1714206,1
719,1633513730528,-0.9736328,-0.21289062,-0.15625,0.0,-0.53125,-0.15625,0.0,0.0,0.0,Thingy,Standing,100,s1714206,1
720,1633513730556,-0.9707031,-0.22460938,-0.15625,-0.125,-0.34375,-0.28125,0.0,0.0,0.0,Thingy,Standing,100,s1714206,1
721,1633513730624,-0.98046875,-0.21972656,-0.15136719,0.125,0.34375,-0.34375,0.0,0.0,0.0,Thingy,Standing,100,s1714206,1
722,1633513730649,-0.9716797,-0.21289062,-0.16113281,0.25,0.28125,-0.40625,0.0,0.0,0.0,Thingy,Standing,100,s1714206,1
723,1633513730680,-0.9638672,-0.21972656,-0.15820312,0.75,0.5625,-0.21875,0.0,0.0,0.0,Thingy,Standing,100,s1714206,1
724,1633513730739,-0.97753906,-0.22363281,-0.1640625,0.25,0.09375,-0.21875,0.0,0.0,0.0,Thingy,Standing,100,s1714206,1
725,1633513730768,-0.96777344,-0.21875,-0.1796875,-0.25,0.21875,-0.21875,0.0,0.0,0.0,Thingy,Standing,100,s1714206,1
726,1633513730803,-0.9716797,-0.21191406,-0.16796875,-0.46875,0.4375,-0.34375,0.0,0.0,0.0,Thingy,Standing,100,s1714206,1
727,1633513730858,-0.9628906,-0.22265625,-0.15722656,-1.15625,-1.5625,-0.21875,0.0,0.0,0.0,Thingy,Standing,100,s1714206,1
728,1633513730889,-0.9707031,-0.22167969,-0.1640625,-1.40625,-1.125,-0.53125,0.0,0.0,0.0,Thingy,Standing,100,s1714206,1
729,1633513730919,-0.9638672,-0.21191406,-0.171875,-0.65625,-1.25,-0.21875,0.0,0.0,0.0,Thingy,Standing,100,s1714206,1
730,1633513730980,-0.9667969,-0.20800781,-0.15625,-0.1875,-0.34375,-0.15625,-34.5,12.5,-133.375,Thingy,Standing,100,s1714206,1
731,1633513731009,-0.9667969,-0.21875,-0.15625,0.25,0.40625,-0.21875,0.0,0.0,0.0,Thingy,Standing,100,s1714206,1
732,1633513731038,-0.97753906,-0.22167969,-0.15722656,0.3125,0.15625,-0.21875,0.0,0.0,0.0,Thingy,Standing,100,s1714206,1
733,1633513731098,-0.97753906,-0.21484375,-0.16015625,0.3125,0.28125,-0.21875,0.0,0.0,0.0,Thingy,Standing,100,s1714206,1
734,1633513731132,-0.9716797,-0.22070312,-0.16796875,0.25,0.5625,-0.34375,0.0,0.0,0.0,Thingy,Standing,100,s1714206,1
735,1633513731162,-0.96777344,-0.21972656,-0.1640625,0.3125,0.21875,-0.46875,0.0,0.0,0.0,Thingy,Standing,100,s1714206,1
736,1633513731220,-0.96777344,-0.22460938,-0.16015625,-0.53125,-0.46875,-0.28125,0.0,0.0,0.0,Thingy,Standing,100,s1714206,1
737,1633513731248,-0.98046875,-0.21582031,-0.16503906,-0.90625,-0.03125,-0.34375,0.0,0.0,0.0,Thingy,Standing,100,s1714206,1
738,1633513731277,-0.9765625,-0.21484375,-0.1640625,0.125,0.6875,-0.40625,0.0,0.0,0.0,Thingy,Standing,100,s1714206,1
739,1633513731340,-0.9746094,-0.21777344,-0.14746094,0.0625,0.28125,-0.34375,0.0,0.0,0.0,Thingy,Standing,100,s1714206,1
740,1633513731369,-0.97265625,-0.22167969,-0.15234375,0.1875,-0.09375,-0.28125,0.0,0.0,0.0,Thingy,Standing,100,s1714206,1
741,1633513731400,-0.96972656,-0.20605469,-0.16210938,-0.3125,-0.46875,-0.28125,0.0,0.0,0.0,Thingy,Standing,100,s1714206,1
742,1633513731459,-0.96777344,-0.22265625,-0.15527344,0.0625,0.03125,-0.71875,0.0,0.0,0.0,Thingy,Standing,100,s1714206,1
743,1633513731489,-0.9716797,-0.22851562,-0.16210938,-0.96875,-1.3125,-0.46875,-35.375,12.625,-135.625,Thingy,Standing,100,s1714206,1
744,1633513731518,-0.9667969,-0.21972656,-0.16210938,-0.90625,-1.0,-0.40625,0.0,0.0,0.0,Thingy,Standing,100,s1714206,1
745,1633513731578,-0.9667969,-0.21875,-0.15625,-0.53125,-1.25,-0.28125,0.0,0.0,0.0,Thingy,Standing,100,s1714206,1
746,1633513731609,-0.9814453,-0.21777344,-0.17382812,-0.125,-0.84375,-0.28125,0.0,0.0,0.0,Thingy,Standing,100,s1714206,1
747,1633513731639,-0.97558594,-0.21289062,-0.15429688,0.1875,-0.03125,-0.53125,0.0,0.0,0.0,Thingy,Standing,100,s1714206,1
748,1633513731700,-0.97558594,-0.21582031,-0.1484375,0.90625,-0.21875,-0.28125,0.0,0.0,0.0,Thingy,Standing,100,s1714206,1
749,1633513731729,-0.9746094,-0.2265625,-0.13769531,1.53125,0.34375,-0.21875,0.0,0.0,0.0,Thingy,Standing,100,s1714206,1
750,1633513731758,-0.96777344,-0.22363281,-0.15625,1.34375,0.5625,0.0,0.0,0.0,0.0,Thingy,Standing,100,s1714206,1
751,1633513731819,-0.96972656,-0.22265625,-0.16015625,0.96875,0.6875,0.0625,0.0,0.0,0.0,Thingy,Standing,100,s1714206,1
752,1633513731850,-0.96875,-0.22558594,-0.16308594,0.3125,0.15625,-0.15625,0.0,0.0,0.0,Thingy,Standing,100,s1714206,1
753,1633513731879,-0.96972656,-0.2265625,-0.16113281,-0.46875,-0.65625,-0.34375,0.0,0.0,0.0,Thingy,Standing,100,s1714206,1
754,1633513732028,-0.9736328,-0.22265625,-0.15722656,-0.4375,0.21875,-0.40625,-34.625,12.9375,-133.25,Thingy,Standing,100,s1714206,1
755,1633513732034,-0.9765625,-0.22753906,-0.15527344,-0.25,-0.21875,-0.71875,0.0,0.0,0.0,Thingy,Standing,100,s1714206,1
756,1633513732039,-0.97265625,-0.22167969,-0.15625,-0.0625,-0.40625,-0.65625,0.0,0.0,0.0,Thingy,Standing,100,s1714206,1
757,1633513732058,-0.9658203,-0.21875,-0.16503906,-0.0625,-0.53125,-0.34375,0.0,0.0,0.0,Thingy,Standing,100,s1714206,1
758,1633513732087,-0.9716797,-0.21582031,-0.16113281,-0.46875,-0.28125,-0.53125,0.0,0.0,0.0,Thingy,Standing,100,s1714206,1
759,1633513732119,-0.96777344,-0.21972656,-0.15625,-0.1875,-0.40625,-0.53125,0.0,0.0,0.0,Thingy,Standing,100,s1714206,1
760,1633513732269,-0.9736328,-0.21679688,-0.15917969,-0.78125,-1.3125,-0.46875,0.0,0.0,0.0,Thingy,Standing,100,s1714206,1
761,1633513732273,-0.96972656,-0.22460938,-0.15722656,-0.71875,-1.125,-0.59375,0.0,0.0,0.0,Thingy,Standing,100,s1714206,1
762,1633513732276,-0.9794922,-0.2265625,-0.15917969,-0.90625,-1.5,-0.53125,0.0,0.0,0.0,Thingy,Standing,100,s1714206,1
763,1633513732327,-0.96875,-0.22460938,-0.15820312,-0.65625,-0.90625,-0.28125,0.0,0.0,0.0,Thingy,Standing,100,s1714206,1
764,1633513732332,-0.96972656,-0.21289062,-0.16113281,-0.0625,-0.15625,-0.46875,0.0,0.0,0.0,Thingy,Standing,100,s1714206,1
765,1633513732358,-0.9667969,-0.22070312,-0.16210938,0.1875,-0.59375,-0.34375,0.0,0.0,0.0,Thingy,Standing,100,s1714206,1
766,1633513732419,-0.9765625,-0.23046875,-0.16308594,0.4375,-0.40625,-0.59375,0.0,0.0,0.0,Thingy,Standing,100,s1714206,1
767,1633513732449,-0.9638672,-0.22558594,-0.15820312,0.3125,0.03125,-0.21875,0.0,0.0,0.0,Thingy,Standing,100,s1714206,1
768,1633513732481,-0.97265625,-0.22070312,-0.15527344,0.25,0.5,-0.40625,-34.375,12.9375,-135.375,Thingy,Standing,100,s1714206,1
769,1633513732636,-0.9638672,-0.2265625,-0.15332031,0.3125,-0.15625,-0.40625,0.0,0.0,0.0,Thingy,Standing,100,s1714206,1
770,1633513732642,-0.9638672,-0.21777344,-0.16210938,-0.1875,-0.78125,-0.03125,0.0,0.0,0.0,Thingy,Standing,100,s1714206,1
771,1633513732646,-0.97265625,-0.22460938,-0.16210938,0.0625,0.40625,-0.46875,0.0,0.0,0.0,Thingy,Standing,100,s1714206,1
772,1633513732658,-0.9736328,-0.22949219,-0.14453125,0.5,0.5,-0.53125,0.0,0.0,0.0,Thingy,Standing,100,s1714206,1
773,1633513732687,-0.97558594,-0.22265625,-0.14355469,0.0,0.5625,-0.46875,0.0,0.0,0.0,Thingy,Standing,100,s1714206,1
774,1633513732719,-0.9707031,-0.23730469,-0.14355469,0.125,-0.15625,-0.21875,0.0,0.0,0.0,Thingy,Standing,100,s1714206,1
775,1633513732778,-0.9667969,-0.23046875,-0.14941406,0.1875,0.21875,-0.46875,0.0,0.0,0.0,Thingy,Standing,100,s1714206,1
776,1633513732806,-0.9658203,-0.22363281,-0.16601562,0.125,0.40625,-0.28125,0.0,0.0,0.0,Thingy,Standing,100,s1714206,1
777,1633513732841,-0.97265625,-0.23242188,-0.14257812,-0.375,-0.90625,-0.15625,0.0,0.0,0.0,Thingy,Standing,100,s1714206,1
778,1633513732899,-0.9746094,-0.22558594,-0.15722656,-0.1875,-0.59375,-0.40625,0.0,0.0,0.0,Thingy,Standing,100,s1714206,1
779,1633513732928,-0.9736328,-0.22558594,-0.14453125,-0.125,-0.28125,-0.09375,0.0,0.0,0.0,Thingy,Standing,100,s1714206,1
780,1633513732959,-0.97558594,-0.21972656,-0.14648438,-0.0625,-0.09375,-0.03125,-33.75,14.5625,-133.125,Thingy,Standing,100,s1714206,1
781,1633513733021,-0.9746094,-0.22363281,-0.15722656,0.625,0.28125,-0.28125,0.0,0.0,0.0,Thingy,Standing,100,s1714206,1
782,1633513733049,-0.96972656,-0.2265625,-0.14941406,0.375,-0.28125,-0.15625,0.0,0.0,0.0,Thingy,Standing,100,s1714206,1
783,1633513733078,-0.96777344,-0.22753906,-0.14941406,0.4375,0.09375,-0.15625,0.0,0.0,0.0,Thingy,Standing,100,s1714206,1
784,1633513733233,-0.96875,-0.22753906,-0.15527344,0.8125,0.40625,-0.15625,0.0,0.0,0.0,Thingy,Standing,100,s1714206,1
785,1633513733237,-0.9707031,-0.22851562,-0.14355469,0.8125,0.625,-0.21875,0.0,0.0,0.0,Thingy,Standing,100,s1714206,1
786,1633513733241,-0.9628906,-0.22460938,-0.1484375,0.6875,0.28125,-0.15625,0.0,0.0,0.0,Thingy,Standing,100,s1714206,1
787,1633513733258,-0.9736328,-0.23144531,-0.14648438,-0.375,-0.53125,0.0,0.0,0.0,0.0,Thingy,Standing,100,s1714206,1
788,1633513733290,-0.9746094,-0.23046875,-0.14941406,-0.46875,0.03125,-0.40625,0.0,0.0,0.0,Thingy,Standing,100,s1714206,1
789,1633513733319,-0.98046875,-0.23046875,-0.13867188,0.125,1.25,-0.21875,0.0,0.0,0.0,Thingy,Standing,100,s1714206,1
790,1633513733471,-0.9667969,-0.22070312,-0.16015625,-0.3125,0.09375,-0.21875,0.0,0.0,0.0,Thingy,Standing,100,s1714206,1
791,1633513733477,-0.9765625,-0.22558594,-0.1484375,-0.3125,0.28125,-0.09375,0.0,0.0,0.0,Thingy,Standing,100,s1714206,1
792,1633513733482,-0.9746094,-0.22167969,-0.16210938,-0.3125,0.15625,-0.03125,0.0,0.0,0.0,Thingy,Standing,100,s1714206,1
793,1633513733498,-0.9628906,-0.23242188,-0.15332031,0.0,0.5,-0.03125,-34.5,13.8125,-132.8125,Thingy,Standing,100,s1714206,1
794,1633513733528,-0.97265625,-0.21972656,-0.15625,-0.375,-0.46875,0.125,0.0,0.0,0.0,Thingy,Standing,100,s1714206,1
795,1633513733558,-0.9658203,-0.2265625,-0.15625,-0.46875,-0.34375,0.25,0.0,0.0,0.0,Thingy,Standing,100,s1714206,1
796,1633513733618,-0.9736328,-0.22753906,-0.15039062,-0.4375,-0.46875,0.25,0.0,0.0,0.0,Thingy,Standing,100,s1714206,1
797,1633513733646,-0.9765625,-0.234375,-0.15625,-0.3125,-0.28125,0.25,0.0,0.0,0.0,Thingy,Standing,100,s1714206,1
798,1633513733677,-0.96484375,-0.22753906,-0.16210938,0.25,0.4375,0.25,0.0,0.0,0.0,Thingy,Standing,100,s1714206,1
